<sounds>
  <actions>
    <action>
      <name>Select</name>
      <file>Click.wav</file>
    </action>
    <action>
      <name>ParentDir</name>
      <file>Back.wav</file>
    </action>
    <action>
      <name>PreviousMenu</name>
      <file>Back.wav</file>
    </action>
    <action>
      <name>screenshot</name>
      <file>Shutter.wav</file>
    </action>
  </actions>
  <windows>
    <window>
      <name>InfoDialog</name>
      <activate>Notify.wav</activate>
    </window>
  </windows>
</sounds>
