<?xml version="1.0" encoding="UTF-8" standalone="yes"?>
<addon id="repository.aevolve" name="Aevolve Repository" version="1.0.0" provider-name="Aevolve">
	<extension point="xbmc.addon.repository" name="Aevolve Repository">
		<info compressed="false">https://raw.githubusercontent.com/aevolve/repo/master/addons.xml</info>
		<checksum>https://raw.githubusercontent.com/aevolve/repo/master/addons.xml.md5</checksum>
		<datadir zip="true">https://raw.githubusercontent.com/aevolve/repo/master/</datadir>
	</extension>
	<extension point="xbmc.addon.metadata">
		<summary>The official Aevolve Repository</summary>
		<description>The official Aevolve Repository</description>
		<platform>all</platform>
	</extension>
</addon>
