<?xml version="1.0" encoding="UTF-8" ?>
<window>
    <defaultcontrol always="true">50</defaultcontrol>
    <onload>SetProperty(Window.HasSettings,True,home)</onload>
    <onload>ClearProperty(MediaMenu,Home)</onload>
    <onunload>ClearProperty(Window.HasSettings,Home)</onunload>
    <controls>
        <include>AEVOLVECommonBackground</include>
        <include>AEVOLVE-Menu-List2</include>
        <control type="group" description="Slider and List">
            <include>SlimListItemCount</include>
            <posx>1020</posx>
            <posy>300</posy>
            <include>SlimListSlider</include>
            <control type="fixedlist" id="50">
                <posx>0</posx>
                <posy>0</posy>
                <width>802</width>
                <height>720</height>
                <onleft condition="!Skin.HasSetting(ViewOptions_Hide)">9000</onleft>
                <onleft condition="Skin.HasSetting(Scrollbars_Active)">50</onleft>
                <onright condition="Skin.HasSetting(Scrollbars_Active)">60</onright>
                <onright condition="![Skin.HasSetting(Scrollbars_Active) | Skin.HasSeting(ViewOptions_Hide)]">9000</onright>
                <onup>50</onup>
                <ondown>50</ondown>
                <pagecontrol>60</pagecontrol>
                <viewtype label="50_">50_List</viewtype>
                <focusposition>5</focusposition>
                <movement>5</movement>
                <preloaditems>4</preloaditems>
                <scrolltime tween="sine" easing="inout">280</scrolltime>
                <itemlayout width="802" height="81">
                    <include>ArrowNF</include>
                    <control type="label" description="Main Label">
                        <width max="720">auto</width>
                        <include>52MainLabel</include>
                        <label>$INFO[ListItem.Label]</label>
                    </control>
                    <control type="label" description="Label2">
                        <visible>!ListItem.IsFolder</visible>
                        <posx>45r</posx>
                        <posy>0</posy>
                        <height>81</height>
                        <width>300</width>
                        <align>right</align>
                        <font>size18</font>
                        <scroll>false</scroll>
                        <textcolor>White2</textcolor>
                        <label>$INFO[ListItem.Label2]</label>
                    </control>
                </itemlayout>
                <focusedlayout width="802" height="81">
                    <include>ArrowFO</include>
                    <control type="label" description="Main Label">
                        <width max="720">auto</width>
                        <include>52MainLabelFO</include>
                        <label>$INFO[ListItem.Label]</label>
                    </control>
                    <control type="label" description="Label2">
                        <visible>!ListItem.IsFolder</visible>
                        <animation effect="fade" time="300" start="50" end="100" delay="100">Focus</animation>
                        <posx>45r</posx>
                        <posy>0</posy>
                        <height>81</height>
                        <width>300</width>
                        <align>right</align>
                        <font>size18</font>
                        <textcolor>White2</textcolor>
                        <label>$INFO[ListItem.Label2]</label>
                    </control>
                </focusedlayout>
            </control>
        </control>
        <include>SlimListFade</include>
        <control type="scrollbar" id="60">
            <posx>10r</posx>
            <posy>300</posy>
            <height>770</height>
            <onleft>50</onleft>
            <onright>noop</onright>
        </control>
        <include>MediaHeader</include>
        <control type="group" description="Root">
            <visible>IsEmpty(Container.FolderPath)</visible>
            <control type="image" description="Thumb">
                <posx>262</posx>
                <posy>180</posy>
                <width>495</width>
                <height>495</height>
                <include>Icon_Fade</include>
                <texture background="true">DefaultAddon.png</texture>
                <aspectratio scalediffuse="false">scale</aspectratio>
            </control>
            <control type="image">
                <posx>165</posx>
                <posy>630</posy>
                <width>682</width>
                <height>1</height>
                <texture>img/Line.png</texture>
                <aspectratio>stretch</aspectratio>
            </control>
            <control type="label" description="Updates">
                <posx>135</posx>
                <posy>675</posy>
                <width>750</width>
                <height>81</height>
                <align>center</align>
                <label>$INFO[Control.GetLabel(5)]</label>
            </control>
            <control type="label" description="Notifications">
                <posx>135</posx>
                <posy>765</posy>
                <width>750</width>
                <height>81</height>
                <align>center</align>
                <label>$INFO[Control.GetLabel(6)]</label>
            </control>
        </control>
        <control type="group" description="Thumbs no info">
            <posy>240</posy>
            <visible>ListItem.IsFolder</visible>
            <animation effect="fade" time="400">Visible</animation>
            <animation effect="fade" time="0">Hidden</animation>
            <control type="image" description="Thumb Reflection">
                <posx>180</posx>
                <posy>720</posy>
                <width>621</width>
                <height>720</height>
                <include>Icon_Fade</include>
                <texture background="true" diffuse="img/Reflection0Long.png" flipy="true">$INFO[ListItem.Thumb]</texture>
                <aspectratio aligny="top">keep</aspectratio>
            </control>
            <control type="image" description="Thumb">
                <posx>180</posx>
                <posy>0</posy>
                <width>621</width>
                <height>720</height>
                <include>Icon_Fade</include>
                <texture background="true">$INFO[ListItem.Icon]</texture>
                <aspectratio aligny="bottom">keep</aspectratio>
            </control>
        </control>
        <control type="group" description="Faded Info thumbs">
            <visible>!ListItem.IsFolder</visible>
            <animation effect="fade" time="400">Visible</animation>
            <animation effect="fade" time="0">Hidden</animation>
            <posx>0</posx>
            <posy>0</posy>
            <control type="group" description="Music Square">
                <posx>120</posx>
                <posy>120</posy>
                <control type="image" description="Thumb Reflection">
                    <posy>450</posy>
                    <width>450</width>
                    <height>450</height>
                    <include>Icon_Fade</include>
                    <texture background="true" diffuse="img/Reflection0.png" flipy="true">$INFO[ListItem.Icon]</texture>
                    <aspectratio>stretch</aspectratio>
                </control>
                <control type="image" description="Thumb">
                    <width>450</width>
                    <height>450</height>
                    <include>Icon_Fade</include>
                    <texture background="true">$INFO[ListItem.Icon]</texture>
                    <aspectratio aligny="bottom">stretch</aspectratio>
                </control>
                <control type="image" description="Thumb">
                    <visible>!IsEmpty(ListItem.Thumb)</visible>
                    <width>450</width>
                    <height>450</height>
                    <include>Icon_Fade</include>
                    <texture border="3">img/CoverOverlay0.png</texture>
                    <aspectratio>stretch</aspectratio>
                </control>
            </control>
        </control>
        <control type="group" description="Media info">
            <visible>!ListItem.IsFolder</visible>
            <animation effect="fade" delay="100" time="300">Visible</animation>
            <animation effect="fade" time="0">Hidden</animation>
            <posx>112</posx>
            <posy>27</posy>
            <control type="group">
                <posx>0</posx>
                <posy>663</posy>
                <control type="label" description="Main Label">
                    <posy>-45</posy>
                    <width>630</width>
                    <font>size22B</font>
                    <textcolor>White2</textcolor>
                    <include>Genre51Commons</include>
                    <label>$INFO[ListItem.Label]</label>
                </control>
                <control type="textbox" description="Plot51">
                    <posy>9</posy>
                    <height>207</height>
                    <include>Plot51Commons</include>
                    <label>$VAR[Plots]</label>
                </control>
                <control type="label" description="1 Bottom Label">
                    <posy>240</posy>
                    <include>Genre51Commons</include>
                    <label>$INFO[ListItem.Genre]</label>
                </control>
                <control type="label" description="1 Bottom Label">
                    <visible>container.content(addons)</visible>
                    <posy>240</posy>
                    <scroll>true</scroll>
                    <include>Genre51Commons</include>
                    <label>$INFO[ListItem.Property(Addon.Disclaimer)]</label>
                </control>
                <control type="label" description="2 bottom Label">
                    <posy>285</posy>
                    <include>Genre51Commons</include>
                    <label>$INFO[ListItem.Property(Addon.Version),$LOCALIZE[24051] ]$VAR[TopLabel, • ]</label>
                </control>
            </control>
        </control>
        <control type="group" description="Side menu 9000 group">
            <visible allowhiddenfocus="true">ControlGroup(9000).HasFocus()</visible>
            <include>DialogOpenCloseVisible</include>
			<control type="image" description="List back">
				<posx>645</posx>
				<posy>250</posy>
				<width>636</width>
				<height>585</height>
				<aspectratio>stretch</aspectratio>
				<texture border="136,127,128,139">aevolve/settings-bg.png</texture>
			</control>
            <control type="grouplist" id="9000">
                <include>9000GrouplistParameters</include>
                <control type="button" id="3" description="Sort">
                    <include>9000Buttons</include>
                </control>
                <control type="togglebutton" id="5" description="Updates">
                    <include>9000Buttons</include>
                    <label>$LOCALIZE[24063]: $LOCALIZE[1223]</label>
                    <altlabel>$LOCALIZE[24063]: $LOCALIZE[305]</altlabel>
                </control>
                <control type="togglebutton" id="6" description="Notifications">
                    <include>9000Buttons</include>
                    <label>$LOCALIZE[25000]: $LOCALIZE[1223]</label>
                    <altlabel>$LOCALIZE[25000]: $LOCALIZE[305]</altlabel>
                </control>
                <control type="togglebutton" id="9" description="Check for Updates">
                    <include>9000Buttons</include>
                    <label>Check for updates</label>
                </control>
                <control type="togglebutton" id="699" description="Playing">
                    <enable>Player.HasMedia</enable>
                    <include>9000Buttons</include>
                    <label>$LOCALIZE[16003]</label>
                    <altlabel>$LOCALIZE[31977]</altlabel>
                    <usealttexture>Player.HasMedia</usealttexture>
                    <onclick>fullscreen</onclick>
                    <altclick>fullscreen</altclick>
                    <animation effect="fade" start="100" end="60" time="100" condition="!Player.HasMedia">Conditional</animation>
                </control>
            </control>
        </control>
    </controls>
</window>
