<includes>
    <include name="FanArt2">
        <control type="group" description="Fanart 2">
            <include>MiniBackground</include>
            <visible>Control.IsVisible(59)</visible>
            <control type="group" description="Furniture">
                <control type="image" description="fanart">
                    <posx>0</posx>
                    <posy>0</posy>
                    <width>1920</width>
                    <height>1080</height>
                    <fadetime>200</fadetime>
                    <animation effect="fade" time="300">Visible</animation>
                    <animation effect="fade" time="300">Hidden</animation>
                    <aspectratio>stretch</aspectratio>
                    <texture background="true">$INFO[ListItem.Property(Fanart_Image)]</texture>
                </control>
                <control type="image">
                    <include>Dimensions_Fullscreen</include>
                    <texture>img/Vignette_58.png</texture>
                    <aspectratio>stretch</aspectratio>
                </control>
                <control type="group" description="Thumbs">
                    <posx>-255</posx>
                    <posy>525</posy>
                    <control type="group" description="Regular Posters">
                        <!-- <visible>container.content(seasons) | container.content(movies) | container.content(TVshows)</visible> -->
                        <posy>117</posy>
                        <control type="image" description="Thumb">
                            <posx>363</posx>
                            <posy>12</posy>
                            <width>240</width>
                            <height>356</height>
                            <fadetime>50</fadetime>
                            <texture background="true">$INFO[ListItem.Icon]</texture>
                            <aspectratio>scale</aspectratio>
                        </control>
                        <control type="image" description="Thumb">
                            <visible>!IsEmpty(ListItem.Thumb)</visible>
                            <posx>363</posx>
                            <posy>12</posy>
                            <width>240</width>
                            <height>356</height>
                            <texture border="3">img/CoverOverlay0.png</texture>
                            <aspectratio>stretch</aspectratio>
                        </control>
                    </control>
                </control>
                <control type="group" description="Media info">
                    <posx>390</posx>
                    <posy>-114</posy>
                    <control type="group">
                        <posx>0</posx>
                        <posy>690</posy>
                        <control type="label" description="Main Label">
                            <visible>false</visible>
                            <posy>45</posy>
                            <width>630</width>
                            <font>size22B</font>
                            <textcolor>White2</textcolor>
                            <include>Genre51Commons</include>
                            <label>$INFO[ListItem.Title]</label>
                        </control>
                        <control type="image" description="Rating">
                            <posx>0</posx>
                            <posy>408</posy>
                            <include>10Rating</include>
                        </control>
                        <control type="textbox" description="Plot51">
                            <posx>0</posx>
                            <posy>68</posy>
                            <width>540</width>
                            <height>250</height>
                            <font>size20</font>
                            <align>justify</align>
                            <aligny>bottom</aligny>
                            <textcolor>Silver</textcolor>
                            <autoscroll delay="8000" time="4300" repeat="10000">Skin.HasSetting(AutoScroll)</autoscroll>
                            <label>$VAR[Plots]</label>
                        </control>
                        <control type="label" description="2 bottom Label">
                            <width>540</width>
                            <posy>323</posy>
                            <include>Genre51Commons</include>
                            <label>$INFO[ListItem.Genre]</label>
                        </control>
                        <control type="label" description="1 Bottom Label">
                            <width>540</width>
                            <posy>360</posy>
                            <include>Genre51Commons</include>
                            <label>$VAR[TopLabel]</label>
                        </control>
                    </control>
                </control>
            </control>
            <control type="group" description="Slider and Container">
                <animation effect="slide" start="0,0" end="0,-162" time="0" condition="StringCompare(Container.NumItems,1)">conditional</animation>
                <animation effect="slide" start="0,0" end="0,-81" time="0" condition="StringCompare(Container.NumItems,3)">conditional</animation>
                <animation effect="slide" start="0,0" end="0,-81" time="0" condition="StringCompare(Container.NumItems,2)">conditional</animation>
                <posx>1020</posx>
                <posy>627</posy>
                <control type="group" description="Slider">
                    <animation condition="Control.HasFocus(60)" effect="slide" start="0,0" end="930,225" time="300" reversible="true">Conditional</animation>
                    <animation condition="Control.HasFocus(60)" effect="zoom" start="100" end="0" time="300" reversible="true">Conditional</animation>
                    <include>Slider4</include>
                    <animation condition="Container(59).Position(0)" effect="slide" start="0,0" end="0,-405" time="180" easing="inout" reversible="true">Conditional</animation>
                    <animation condition="Container(59).Position(1)" effect="slide" start="0,0" end="0,-324" time="180" easing="inout" reversible="true">Conditional</animation>
                    <animation condition="Container(59).Position(2)" effect="slide" start="0,0" end="0,-243" time="180" easing="inout" reversible="true">Conditional</animation>
                    <animation condition="Container(59).Position(3)" effect="slide" start="0,0" end="0,-162" time="180" easing="inout" reversible="true">Conditional</animation>
                    <animation condition="Container(59).Position(4)" effect="slide" start="0,0" end="0,-81" time="180" easing="inout" reversible="true">Conditional</animation>
                    <animation condition="Container(59).Position(5)" effect="slide" start="0,0" end="0,0" time="180" easing="inout" reversible="true">Conditional</animation>
                    <animation condition="Container(59).Position(6)" effect="slide" start="0,0" end="0,81" time="180" easing="inout" reversible="true">Conditional</animation>
                    <animation condition="Container(59).Position(7)" effect="slide" start="0,0" end="0,162" time="180" easing="inout" reversible="true">Conditional</animation>
                    <animation condition="Container(59).Position(8)" effect="slide" start="0,0" end="0,243" time="180" easing="inout" reversible="true">Conditional</animation>
                    <animation condition="Container(59).Position(9)" effect="slide" start="0,0" end="0,324" time="180" easing="inout" reversible="true">Conditional</animation>
                    <animation condition="Container(59).Position(10)" effect="slide" start="0,0" end="0,405" time="180" easing="inout" reversible="true">Conditional</animation>
                </control>
                <control type="fixedlist" id="59">
                    <!-- <visible>Skin.HasSetting(AddViews)</visible>
          <visible>container.content(seasons) | container.content(TVshows) | container.content(Movies)</visible> -->
                    <posx>0</posx>
                    <posy>0</posy>
                    <width>802</width>
                    <height>405</height>
                    <onleft condition="!Skin.HasSetting(ViewOptions_Hide)">9000</onleft>
                    <onleft condition="Skin.HasSetting(ViewOptions_Hide)">-</onleft>
                    <onright condition="Skin.HasSetting(Scrollbars_Active)">60</onright>
                    <onright condition="!Skin.HasSetting(Scrollbars_Active)">-</onright>
                    <onup>59</onup>
                    <ondown>59</ondown>
                    <pagecontrol>60</pagecontrol>
                    <viewtype label="$LOCALIZE[20445] 2">Fanart 2</viewtype>
                    <focusposition>2</focusposition>
                    <movement>2</movement>
                    <preloaditems>4</preloaditems>
                    <scrolltime tween="sine" easing="inout">280</scrolltime>
                    <itemlayout width="802" height="81">
                        <include>Watched_Marks</include>
                        <include>HD_Badge</include>
                        <include>3D_Badge</include>
                        <include>Sets</include>
                        <include>Unwatched_Badge</include>
                        <control type="label" description="Main Label">
                            <visible>!IntegerGreaterThan(ListItem.VideoResolution,700)</visible>
                            <width>720</width>
                            <include>52MainLabel</include>
                            <label>$INFO[ListItem.Label]</label>
                        </control>
                        <control type="label" description="Main Label">
                            <visible>IntegerGreaterThan(ListItem.VideoResolution,700)</visible>
                            <include>52MainLabel</include>
                            <label>$INFO[ListItem.Label]</label>
                        </control>
                    </itemlayout>
                    <focusedlayout width="802" height="81">
                        <include>Watched_Marks</include>
                        <include>HD_Badge</include>
                        <include>3D_Badge</include>
                        <include>SetsFO</include>
                        <include>Unwatched_BadgeFO</include>
                        <control type="label" description="Main Label">
                            <visible>!IntegerGreaterThan(ListItem.VideoResolution,700)</visible>
                            <width>720</width>
                            <include>52MainLabelFO</include>
                            <label>$INFO[ListItem.Label]</label>
                        </control>
                        <control type="label" description="Main Label">
                            <visible>IntegerGreaterThan(ListItem.VideoResolution,700)</visible>
                            <include>52MainLabelFO</include>
                            <label>$INFO[ListItem.Label]</label>
                        </control>
                    </focusedlayout>
                </control>
            </control>
            <control type="scrollbar" id="60">
                <posx>39r</posx>
                <posy>652</posy>
                <height>360</height>
                <onleft>59</onleft>
                <onright>noop</onright>
            </control>
        </control>
    </include>
</includes>
