<includes>
    <include name="MyPicturesIcon">
        <control type="group" description="My Pictures Icon Grid view">
            <include>AEVOLVECommonBackground</include>
            <visible>Control.IsVisible(53)</visible>

            <control type="image">
                <include>Dimensions_Fullscreen</include>
                <colordiffuse>99FFFFFF</colordiffuse>
                <texture>aevolve/black-dot.png</texture>
                <aspectratio>stretch</aspectratio>
                <visible>!IsEmpty(ListItem.Art(fanart)) | !Player.HasVideo</visible>
                <animation effect="fade" start="0" end="200" time="300" tween="sine" easing="inout">Visible</animation>
                <animation effect="fade" start="200" end="0" time="0" tween="sine" easing="inout">Hidden</animation>
            </control>


            <control type="group" description="Container and frame">
                <control type="panel" id="53" description="Grid">
                    <!-- <visible>Skin.HasSetting(AddViews)</visible> -->
                    <visible>!IsEmpty(Container.FolderPath)</visible>
                    <viewtype label="536">Grid</viewtype>
                    <posx>60</posx>
                    <posy>210</posy>
                    <width>1800</width>
                    <height>900</height>
                    <orientation>vertical</orientation>
                    <onleft condition="!Skin.HasSetting(ViewOptions_Hide)">9000</onleft>
                    <onleft condition="Skin.HasSetting(ViewOptions_Hide)">-</onleft>
                    <onright condition="Skin.HasSetting(Scrollbars_Active)">60</onright>
                    <onright condition="!Skin.HasSetting(Scrollbars_Active)">53</onright>
                    <onup>53</onup>
                    <ondown>53</ondown>
                    <preloaditems>4</preloaditems>
                    <pagecontrol>60</pagecontrol>
                    <scrolltime>400</scrolltime>
                    <itemlayout condition="![container.content(addons) | container.content(movies) | container.content(seasons) | container.content(tvshows)]" height="375" width="450">
                        <control type="image">
                            <posx>45</posx>
                            <posy>24</posy>
                            <width>360</width>
                            <height>255</height>
                            <texture>img/ThumbBorder.png</texture>
                            <aspectratio>stretch</aspectratio>
                        </control>
                        <control type="image">
                            <visible>![container.content(episodes)]</visible>
                            <posx>45</posx>
                            <posy>24</posy>
                            <width>360</width>
                            <height>255</height>
                            <texture background="true">$INFO[ListItem.Icon]</texture>
                            <aspectratio>keep</aspectratio>
                        </control>
                        <control type="image">
                            <posx>45</posx>
                            <posy>24</posy>
                            <width>360</width>
                            <height>255</height>
                            <texture border="3">img/CoverOverlay0.png</texture>
                            <aspectratio>stretch</aspectratio>
                        </control>
                        <control type="label">
                            <posx>42</posx>
                            <posy>300</posy>
                            <width>360</width>
                            <height>45</height>
                            <font>size18</font>
                            <textcolor>White2</textcolor>
                            <shadowcolor>Black</shadowcolor>
                            <align>center</align>
                            <label>[B]$INFO[ListItem.Label][/B]</label>
                        </control>
                    </itemlayout>
                    <focusedlayout condition="![container.content(addons) | container.content(movies) | container.content(seasons) | container.content(tvshows)]" height="375" width="450">
                        <control type="image">
                            <posx>45</posx>
                            <posy>24</posy>
                            <width>360</width>
                            <height>255</height>
                            <texture>img/ThumbBorder2.png</texture>
                            <aspectratio>stretch</aspectratio>
                        </control>
                        <control type="image">
                            <visible>![container.content(episodes)]</visible>
                            <posx>45</posx>
                            <posy>24</posy>
                            <width>360</width>
                            <height>255</height>
                            <texture background="true">$INFO[ListItem.Icon]</texture>
                            <aspectratio>keep</aspectratio>
                        </control>
                        <control type="image">
                            <posx>45</posx>
                            <posy>24</posy>
                            <width>360</width>
                            <height>255</height>
                            <texture border="3">img/CoverOverlay0.png</texture>
                            <aspectratio>stretch</aspectratio>
                        </control>
                        <control type="label">
                            <posx>42</posx>
                            <posy>300</posy>
                            <width>360</width>
                            <height>45</height>
                            <font>size18</font>
                            <textcolor>White2</textcolor>
                            <shadowcolor>Black</shadowcolor>
                            <align>center</align>
                            <label>[B]$INFO[ListItem.Label][/B]</label>
                        </control>
                    </focusedlayout>

                </control>


                <control type="group" description="Frame Sliders">
                    <visible>![Container.Content(Movies) | Container.content(tvshows) | container.content(seasons) | container.content(addons)]</visible>

                    <control type="image" description="Generic">
                        <posx>78</posx>
                        <posy>206</posy>
                        <width>414</width>
                        <height>309</height>
                        <texture border="28">img/Frame25.png</texture>
                        <aspectratio>stretch</aspectratio>
                        <animation condition="Container.Column(0)" effect="slide" easing="inout" start="0,0" end="0,0" time="170" reversible="true">Conditional</animation>
                        <animation condition="Container.Column(1)" effect="slide" easing="inout" start="0,0" end="450,0" time="170" reversible="true">Conditional</animation>
                        <animation condition="Container.Column(2)" effect="slide" easing="inout" start="0,0" end="900,0" time="170" reversible="true">Conditional</animation>
                        <animation condition="Container.Column(3)" effect="slide" easing="inout" start="0,0" end="1350,0" time="170" reversible="true">Conditional</animation>
                        <animation condition="Container.Row(0)" effect="slide" easing="inout" start="0,0" end="0,0" time="170" reversible="true">Conditional</animation>
                        <animation condition="Container.Row(1)" effect="slide" easing="inout" start="0,0" end="0,375" time="170" reversible="true">Conditional</animation>
                    </control>
                </control>
            </control>
            <control type="image" description="Line Split">
                <posx>105</posx>
                <posy>164</posy>
                <width>1702</width>
                <height>1</height>
                <texture>img/LineL.png</texture>
                <aspectratio>stretch</aspectratio>
            </control>
            <control type="grouplist" description="Media Header">
                <posx>105</posx>
                <posy>54</posy>
                <width>930</width>
                <height>75</height>
                <align>left</align>
                <aligny>bottom</aligny>
                <orientation>horizontal</orientation>
                <control type="label" id="7777" description="Heading">
                    <width min="60" max="930">auto</width>
                    <height>75</height>
                    <font>title2</font>
                    <textcolor>White2</textcolor>
                    <label>$VAR[GlobalHeadings]</label>
                </control>
                <control type="label" description="Number of files">
                    <visible>!IsEmpty(Control.GetLabel(7777))</visible>
                    <width min="60" max="120">auto</width>
                    <height>81</height>
                    <font>size17</font>
                    <textcolor>White</textcolor>
                    <label>$INFO[Container.NumItems, (,)]</label>
                </control>
            </control>
            <control type="label" description="Media details">
                <posx>105</posx>
                <posy>117</posy>
                <width>1500</width>
                <textcolor>Silver</textcolor>
                <include>Genre51Commons</include>
                <label>$INFO[ListItem.label][COLOR=Grey]$VAR[TopLabel, ][/COLOR]</label>
            </control>
            <control type="image" description="Overlay">
                <visible>![container.content(tvshows) | container.content(seasons) | SubString(ListItem.Path,videodb://movies/sets/)]</visible>
                <posx>66</posx>
                <posy>124</posy>
                <height>32</height>
                <width>60</width>
                <aspectratio align="left">keep</aspectratio>
                <texture>$VAR[Overlay]</texture>
            </control>
            <control type="image" description="Sets">
                <visible>SubString(ListItem.Path,videodb://movies/sets/)</visible>
                <posx>50</posx>
                <posy>123</posy>
                <height>33</height>
                <width>60</width>
                <aspectratio>keep</aspectratio>
                <texture>badges/setsFO.png</texture>
            </control>
            <control type="grouplist">
                <posx>354r</posx>
                <posy>126</posy>
                <height>24</height>
                <width>290</width>
                <itemgap>15</itemgap>
                <align>right</align>
                <orientation>horizontal</orientation>
                <control type="image">
                    <include>3D_Badge_visibility</include>
                    <height>24</height>
                    <width>45</width>
                    <aspectratio>keep</aspectratio>
                    <texture>$VAR[3D_badge_texture]</texture>
                </control>
                <control type="image">
                    <visible>IntegerGreaterThan(ListItem.VideoResolution,700)</visible>
                    <height>24</height>
                    <width>45</width>
                    <aspectratio>keep</aspectratio>
                    <texture>$INFO[ListItem.VideoResolution,badges/,.png]</texture>
                </control>
                <control type="image" description="Rating">
                    <visible>!IsEmpty(ListItem.Rating)</visible>
                    <posy>0</posy>
                    <include>10Rating</include>
                </control>
                <control type="label" description="Media details">
                    <visible>container.content(addons)</visible>
                    <height>24</height>
                    <width>240</width>
                    <font>size18</font>
                    <align>right</align>
                    <textcolor>Silver</textcolor>
                    <label>$INFO[ListItem.Label2]</label>
                </control>
            </control>
            <control type="scrollbar" id="60">
                <posx>30r</posx>
                <posy>300</posy>
                <height>740</height>
                <onleft>53</onleft>
                <onright>noop</onright>
            </control>
        </control>
    </include>
</includes>
