<includes>
    <include name="BaseList">
        <control type="group" description="List View">
            <include>AEVOLVECommonBackground</include>
            <!-- Home Page Boxed Video 
			<control type="videowindow">
				<left>0</left>
				<top>0</top>
				<width>1920</width>
				<height>1080</height>
				<visible>Player.HasVideo + !Skin.HasSetting(ShowBackgroundVideo) + ![Window.IsVisible(PVR) + [Control.IsVisible(11) | Control.IsVisible(12)]]</visible>
			</control>
			<control type="image">
				<width>1920</width>
				<height>1080</height>
				<aspectratio>stretch</aspectratio>
				<texture>img/Background.png</texture>
				<colordiffuse>AAFFFFFF</colordiffuse>
			</control>
			END -->
            <visible>Control.IsVisible(50)</visible>
            <include>DefaultThumbs</include>
            <include>AEVOLVE-Menu-List2</include>
            <control type="group" description="Slider and List">
                <include>SlimListItemCount</include>
                <posx>1020</posx>
                <posy>300</posy>
                <include>SlimListSlider</include>
                <control type="fixedlist" id="50">
                    <width>802</width>
                    <height>720</height>
                    <onleft condition="!Skin.HasSetting(ViewOptions_Hide)">9000</onleft>
                    <onleft condition="Skin.HasSetting(ViewOptions_Hide)">-</onleft>
                    <onright condition="Skin.HasSetting(Scrollbars_Active)">60</onright>
                    <onright condition="!Skin.HasSetting(Scrollbars_Active)">-</onright>
                    <onup>50</onup>
                    <ondown>50</ondown>
                    <onright>60</onright>
                    <pagecontrol>60</pagecontrol>
                    <viewtype label="535">List</viewtype>
                    <focusposition>5</focusposition>
                    <movement>5</movement>
                    <preloaditems>4</preloaditems>
                    <scrolltime tween="sine" easing="inout">280</scrolltime>
                    <itemlayout condition="SubString(Container.FolderPath,plugin://,left)" width="802" height="81">
                        <control type="label" description="Main Label">
                            <width>720</width>
                            <include>52MainLabel</include>
                            <label>$INFO[ListItem.Label]</label>
                        </control>
                    </itemlayout>
                    <focusedlayout condition="SubString(Container.FolderPath,plugin://,left)" width="802" height="81">
                        <control type="label" description="Main Label">
                            <width>720</width>
                            <include>52MainLabelFO</include>
                            <label>$INFO[ListItem.Label]</label>
                        </control>
                    </focusedlayout>
                    <itemlayout width="802" height="81">
                        <include>Watched_Marks</include>
                        <include>HD_Badge</include>
                        <include>3D_Badge</include>
                        <include>ArrowNF</include>
                        <control type="image">
                            <left>100</left>
                            <top>10</top>
                            <height>69</height>
                            <texture>aevolve/separator6.png</texture>
                        </control>
                        <control type="label" description="Main Label">
                            <visible>IntegerGreaterThan(ListItem.VideoResolution,700) | ListItem.IsFolder</visible>
                            <include>52MainLabel</include>
                            <label>$INFO[ListItem.Label]</label>
                        </control>
                        <control type="label" description="Main Label">
                            <visible>![IntegerGreaterThan(ListItem.VideoResolution,700) | ListItem.IsFolder]</visible>
                            <width>711</width>
                            <include>52MainLabel</include>
                            <label>$INFO[ListItem.Label]</label>
                        </control>
                        <control type="label" description="Label2">
                            <visible>container.content(songs) | container.content(musicvideos)</visible>
                            <include>52Label2</include>
                            <label>$INFO[ListItem.Duration]</label>
                        </control>
                    </itemlayout>
                    <focusedlayout width="802" height="81">
                        <include>Watched_Marks</include>
                        <include>HD_Badge</include>
                        <include>3D_Badge</include>
                        <include>ArrowFO</include>
                        <control type="image">
                            <left>100</left>
                            <top>10</top>
                            <height>69</height>
                            <texture>aevolve/separator6.png</texture>
                        </control>
                        <control type="label" description="Main Label">
                            <visible>IntegerGreaterThan(ListItem.VideoResolution,700) | ListItem.IsFolder</visible>
                            <include>52MainLabelFO</include>
                            <label>$INFO[ListItem.Label]</label>
                        </control>
                        <control type="label" description="Main Label">
                            <visible>![IntegerGreaterThan(ListItem.VideoResolution,700) | ListItem.IsFolder]</visible>
                            <width>711</width>
                            <include>52MainLabelFO</include>
                            <label>$INFO[ListItem.Label]</label>
                        </control>
                        <control type="label" description="Label2">
                            <visible>container.content(songs) | container.content(musicvideos)</visible>
                            <include>52Label2FO</include>
                            <label>$INFO[ListItem.Duration]</label>
                        </control>
                    </focusedlayout>
                </control>
            </control>
            <include>SlimListFade</include>
            <control type="scrollbar" id="60">
                <posx>10r</posx>
                <posy>300</posy>
                <height>860</height>
                <onleft>50</onleft>
                <onright>noop</onright>
            </control>
        </control>
    </include>
</includes>
