<includes>
    <include name="LargeInfoList2">
        <control type="group" description="Large Infolist2">
            <include>AEVOLVECommonBackground</include>
            <include>ListBackground</include>
            <control type="group" description="Slider and List">
                <include>SlimListItemCount</include>
                <posx>1020</posx>
                <posy>300</posy>
                <include>SlimListSlider</include>
            </control>
            <visible>Control.IsVisible(52)</visible>
            <control type="group" description="NON music info">
                <visible>![container.content(musicvideos) | container.content(movies) | container.content(tvshows) | container.content(seasons)]</visible>
                <include>DefaultInfoThumbs</include>
                <include>DefaultMediaInfo</include>
            </control>
            <control type="group" description="Music info">
                <visible>container.content(musicvideos)</visible>
                <include>DefaultInfoThumbs</include>
                <include>MusicInfo</include>
            </control>
            <control type="group" description="Media info">
                <visible>container.content(movies) | container.content(tvshows) | container.content(seasons)</visible>
                <visible>!SubString(ListItem.Path,videodb://movies/sets/)</visible>
                <animation effect="fade" time="400">Visible</animation>
                <animation effect="fade" time="0">Hidden</animation>
                <posx>112</posx>
                <posy>-60</posy>
                <control type="group" description="Thumbs with info">
                    <posy>135</posy>
                    <posx>0</posx>
                    <control type="image" description="Reflection">
                        <visible>!IsEmpty(ListItem.Thumb)</visible>
                        <posx>0</posx>
                        <posy>495</posy>
                        <width>756</width>
                        <height>495</height>
                        <include>Icon_Fade</include>
                        <texture background="true" diffuse="img/Reflection0.png" flipy="true">$INFO[ListItem.Icon]</texture>
                        <aspectratio aligny="top">keep</aspectratio>
                    </control>
                    <control type="image" description="Thumb">
                        <posx>0</posx>
                        <posy>0</posy>
                        <width>756</width>
                        <height>495</height>
                        <include>Icon_Fade</include>
                        <texture background="true">$INFO[ListItem.Icon]</texture>
                        <aspectratio aligny="bottom">keep</aspectratio>
                    </control>
                    <control type="image" description="Thumb Overlay">
                        <visible>!IsEmpty(ListItem.Thumb)</visible>
                        <posx>0</posx>
                        <posy>0</posy>
                        <width>756</width>
                        <height>495</height>
                        <bordertexture border="3">img/CoverOverlay0.png</bordertexture>
                        <texture diffuse="img/DiffuseE.png" background="true">$INFO[ListItem.Icon]</texture>
                        <aspectratio aligny="bottom">keep</aspectratio>
                    </control>
                </control>
                <control type="group" description="Media info Top">
                    <posx>0</posx>
                    <posy>702</posy>
                    <control type="label" description="Main Label">
                        <width>750</width>
                        <font>size22B</font>
                        <textcolor>White2</textcolor>
                        <include>Genre51Commons</include>
                        <label>$INFO[ListItem.Label]</label>
                    </control>
                    <control type="image">
                        <posx>0</posx>
                        <posy>44</posy>
                        <height>1</height>
                        <width>758</width>
                        <texture>img/LineST.png</texture>
                    </control>
                    <control type="textbox" description="Plot51">
                        <height>210</height>
                        <include>Plot51Commons</include>
                        <label>$VAR[Plots]</label>
                    </control>
                    <control type="image">
                        <posx>0</posx>
                        <posy>266</posy>
                        <height>1</height>
                        <width>758</width>
                        <texture>img/LineST.png</texture>
                    </control>
                </control>
                <control type="group" description="Media Info Bottom">
                    <posx>0</posx>
                    <posy>891</posy>
                    <control type="label" description="MPAA">
                        <posy>90</posy>
                        <textcolor>White</textcolor>
                        <include>Genre51Commons</include>
                        <label>$INFO[ListItem.MPAA,[COLOR=Grey]$LOCALIZE[20074]:[/COLOR] ]</label>
                    </control>
                    <control type="grouplist">
                        <posx>0</posx>
                        <posy>130</posy>
                        <width>auto</width>
                        <height>33</height>
                        <orientation>horizontal</orientation>
                        <align>left</align>
                        <itemgap>30</itemgap>
                        <control type="label" description="Details">
                            <textcolor>White</textcolor>
                            <height>33</height>
                            <width max="735">auto</width>
                            <include>Genre51Commons</include>
                            <label>$VAR[500TopLabel,[COLOR=Grey]$LOCALIZE[33029]:[/COLOR] ]$VAR[Trailer, � ]</label>
                        </control>
                    </control>
                    <control type="label" description="Genre">
                        <textcolor>White</textcolor>
                        <posy>171</posy>
                        <include>Genre51Commons</include>
                        <label>$INFO[ListItem.Genre,[COLOR=Grey]$LOCALIZE[515]:[/COLOR] ]</label>
                    </control>
                </control>
            </control>
            <control type="group" description="Media info">
                <visible>container.content(movies) | container.content(tvshows) | container.content(seasons)</visible>
                <visible>SubString(ListItem.Path,videodb://movies/sets/)</visible>
                <animation effect="fade" time="400">Visible</animation>
                <animation effect="fade" time="0">Hidden</animation>
                <control type="group" description="Thumbs no info">
                    <posy>240</posy>
                    <control type="image" description="Thumb Reflection">
                        <visible>!IsEmpty(ListItem.Thumb)</visible>
                        <posx>180</posx>
                        <posy>720</posy>
                        <width>621</width>
                        <height>720</height>
                        <include>Icon_Fade</include>
                        <texture background="true" diffuse="img/Reflection0Long.png" flipy="true">$INFO[ListItem.Icon]</texture>
                        <aspectratio aligny="top">keep</aspectratio>
                    </control>
                    <control type="image" description="Thumb">
                        <posx>180</posx>
                        <posy>0</posy>
                        <width>621</width>
                        <height>720</height>
                        <include>Icon_Fade</include>
                        <texture background="true">$INFO[ListItem.Icon]</texture>
                        <aspectratio aligny="bottom">keep</aspectratio>
                    </control>
                    <control type="image" description="Thumb">
                        <visible>!IsEmpty(ListItem.Thumb)</visible>
                        <posx>180</posx>
                        <posy>0</posy>
                        <width>621</width>
                        <height>720</height>
                        <include>Icon_Fade</include>
                        <bordertexture border="3">img/CoverOverlay0.png</bordertexture>
                        <texture diffuse="img/DiffuseE.png" background="true">$INFO[ListItem.Icon]</texture>
                        <aspectratio aligny="bottom">keep</aspectratio>
                    </control>
                </control>
            </control>
            <control type="group" description="Slider and List non music vids">
                <include>SlimListItemCount</include>
                <posx>1020</posx>
                <posy>300</posy>
                <control type="fixedlist" id="52">
                    <visible>container.content(Movies) | container.content(TVshows) | container.content(Seasons) | container.content(episodes) | container.content(files)</visible>
                    <posx>0</posx>
                    <posy>0</posy>
                    <width>802</width>
                    <height>720</height>
                    <onleft condition="!Skin.HasSetting(ViewOptions_Hide)">9000</onleft>
                    <onleft condition="Skin.HasSetting(ViewOptions_Hide)">-</onleft>
                    <onright condition="Skin.HasSetting(Scrollbars_Active)">60</onright>
                    <onright condition="!Skin.HasSetting(Scrollbars_Active)">-</onright>
                    <onup>52</onup>
                    <ondown>52</ondown>
                    <pagecontrol>60</pagecontrol>
                    <viewtype label="544">Media Info</viewtype>
                    <focusposition>5</focusposition>
                    <movement>5</movement>
                    <preloaditems>4</preloaditems>
                    <scrolltime tween="sine" easing="inout">280</scrolltime>
                    <itemlayout condition="SubString(Container.FolderPath,plugin://,left)" width="802" height="81">
                        <control type="label" description="Main Label">
                            <width>720</width>
                            <include>52MainLabel</include>
                            <label>$INFO[ListItem.Label]</label>
                        </control>
                    </itemlayout>
                    <focusedlayout condition="SubString(Container.FolderPath,plugin://,left)" width="802" height="81">
                        <control type="label" description="Main Label">
                            <width>720</width>
                            <include>52MainLabelFO</include>
                            <label>$INFO[ListItem.Label]</label>
                        </control>
                    </focusedlayout>
                </control>
            </control>
            <control type="scrollbar" id="60">
                <posx>10r</posx>
                <posy>300</posy>
                <height>860</height>
                <onleft>52</onleft>
                <onright>noop</onright>
            </control>
        </control>
    </include>
</includes>
