<includes>

    <!-- All Backgrounds -->

    <include file="AEVOLVE_Common_Background.xml" />

    <!-- Animations -->

    <include file="AEVOLVE_Animations.xml" />

    <!-- Video View Includes -->

    <include file="AEVOLVE_View_50_List.xml" />
    <include file="AEVOLVE_View_52_List.xml" />
    <include file="AEVOLVE_View_53_List.xml" />
    <include file="AEVOLVE_View_55_List.xml" />
    <include file="AEVOLVE_View_57_List.xml" />
    <include file="AEVOLVE_View_59_List.xml" />
    <include file="AEVOLVE_View_500_List.xml" />
    <include file="AEVOLVE_View_501_List.xml" />
    <include file="AEVOLVE_View_502_List.xml" />
    <include file="AEVOLVE_View_510_List.xml" />
    <include file="AEVOLVE_View_Icon_My_Pictures.xml" />
    <!-- <include file="AEVOLVE_View_Help.xml" /> -->

    <!-- Background -->

    <include name="AEVOLVE-Vignette">
        <control type="image" description="Overlay Vignette">
            <posx>0</posx>
            <posy>0</posy>
            <width>1920</width>
            <height>1080</height>
            <texture>aevolve/vignette.png</texture>
        </control>
    </include>

    <!-- Main Background -->

    <include name="AEVOLVEBackground">
        <control type="image" description="Default BG">
            <posx>0</posx>
            <posy>0</posy>
            <width>1920</width>
            <height>1080</height>
            <texture>aevolve/Main-Background.png</texture>
        </control>
    </include>

    <!-- Media Header -->

    <include name="MediaHeader">
        <include>AEVOLVEHeaderBG</include>
        <control type="group">
            <control type="label" description="Clock other windows">
                <visible>Skin.HasSetting(ShowClock) + ![Control.IsVisible(53) | Control.IsVisible(55)]</visible>
                <posx>33r</posx>
                <posy>10</posy>
                <width>195</width>
                <height>75</height>
                <align>right</align>
                <aligny>center</aligny>
                <font>time</font>
                <textcolor>White2</textcolor>
                <label>$INFO[System.Time]</label>
            </control>
            <control type="label" description="Clock other windows">
                <visible>Skin.HasSetting(ShowClock) + [Control.IsVisible(53) | Control.IsVisible(55)]</visible>
                <posx>108r</posx>
                <posy>10</posy>
                <width>195</width>
                <height>75</height>
                <align>right</align>
                <aligny>center</aligny>
                <font>time</font>
                <textcolor>White2</textcolor>
                <label>$INFO[System.Time]</label>
            </control>
        </control>
        <control type="group">
            <control type="label" description="Date">
                <visible>Skin.HasSetting(ShowClock) + ![Control.IsVisible(53) | Control.IsVisible(55)]</visible>
                <posx>33r</posx>
                <posy>-20</posy>
                <width>295</width>
                <height>75</height>
                <align>right</align>
                <aligny>center</aligny>
                <font>time</font>
                <textcolor>White2</textcolor>
                <label>$INFO[System.Date]</label>
            </control>
            <control type="label" description="Date">
                <visible>Skin.HasSetting(ShowClock) + [Control.IsVisible(53) | Control.IsVisible(55)]</visible>
                <posx>108r</posx>
                <posy>-20</posy>
                <width>295</width>
                <height>75</height>
                <align>right</align>
                <aligny>center</aligny>
                <font>time</font>
                <textcolor>White2</textcolor>
                <label>$INFO[System.Date]</label>
            </control>
        </control>
        <control type="grouplist">
            <visible>![Control.IsVisible(53) | Control.IsVisible(55) | Control.IsVisible(56) | Control.IsVisible(57) | Control.IsVisible(58) | Control.IsVisible(59) | Control.IsVisible(500) | Control.IsVisible(510) | Control.IsVisible(501) | Control.IsVisible(502)]</visible>
            <posx>990</posx>
            <posy>160</posy>
            <width>870</width>
            <height>75</height>
            <align>center</align>
            <aligny>bottom</aligny>
            <orientation>horizontal</orientation>
            <control type="label" id="7777" description="Heading">
                <width min="60" max="750">auto</width>
                <height>75</height>
                <font>menu-navigation</font>
                <textcolor>White2</textcolor>
                <scroll>false</scroll>
                <label>$VAR[GlobalHeadings]</label>
            </control>
            <control type="label" description="Number of files">
                <visible>!IsEmpty(Control.GetLabel(7777))</visible>
                <width min="60" max="120">auto</width>
                <height>81</height>
                <font>size17</font>
                <textcolor>White2</textcolor>
                <label>$INFO[Container.NumItems, (,)]</label>
            </control>
        </control>
        <control type="grouplist">
            <visible>Control.IsVisible(56) | Control.IsVisible(57) | Control.IsVisible(58) | Control.IsVisible(59) | Control.IsVisible(500) | Control.IsVisible(501) | Control.IsVisible(510) | Control.IsVisible(502)</visible>
            <posx>80</posx>
            <posy>70</posy>
            <width>1230</width>
            <height>75</height>
            <align>left</align>
            <aligny>bottom</aligny>
            <orientation>horizontal</orientation>
            <control type="label" id="7777" description="Heading">
                <width min="60" max="1080">auto</width>
                <height>75</height>
                <font>menu-navigation</font>
                <textcolor>White2</textcolor>
                <scroll>false</scroll>
                <label>$VAR[GlobalHeadings]</label>
            </control>
            <control type="label" description="Number of files">
                <visible>!IsEmpty(Control.GetLabel(7777))</visible>
                <width min="60" max="120">auto</width>
                <height>81</height>
                <font>size17</font>
                <textcolor>Grey</textcolor>
                <label>$INFO[Container.NumItems, (,)]</label>
            </control>
        </control>
        <!--<control type="group" description="Scroll letter">
      <visible>Container.Scrolling</visible>
      <animation effect="fade" start="0" end="100" time="50" delay="0" reversible="false">Visible</animation>
      <animation effect="fade" start="100" end="0" time="150" delay="300" reversible="false">Hidden</animation>
      <control type="image">
        <posx>1388</posx>
        <posy>975</posy>
        <width>81</width>
        <height>81</height>
        <texture border="12">img/SortLetterBG.png</texture>
      </control>
      <control type="label">
        <posx>1388</posx>
        <posy>975</posy>
        <width>81</width>
        <height>81</height>
        <align>center</align>
        <font>size25</font>
        <label>$INFO[ListItem.SortLetter]</label>
      </control>
  </control>-->
        <control type="group" description="Player Info">
            <visible>!Control.HasFocus(301) + Player.HasMedia + ![Window.IsActive(DialogBusy.xml) | Window.IsActive(VideoFullscreen.xml)]</visible>
            <visible>!IntegerGreaterThan(Player.Time,8) | !IntegerGreaterThan(Player.TimeRemaining,8)</visible>
            <include>VisibleFadeEffect</include>
            <posx>15</posx>
            <posy>960</posy>
            <control type="image" description="Playing BG">
                <width>390</width>
                <height>105</height>
                <texture border="14">img/ProgressBG.png</texture>
            </control>
            <control type="group">
                <control type="image">
                    <posx>15</posx>
                    <posy>15</posy>
                    <width>75</width>
                    <height>75</height>
                    <texture>$INFO[MusicPlayer.Cover]</texture>
                    <aspectratio>keep</aspectratio>
                </control>
                <control type="image">
                    <posx>15</posx>
                    <posy>15</posy>
                    <width>75</width>
                    <height>75</height>
                    <texture>$INFO[VideoPlayer.Cover]</texture>
                    <aspectratio>keep</aspectratio>
                </control>
                <control type="label">
                    <posx>105</posx>
                    <posy>9</posy>
                    <aligny>center</aligny>
                    <width>261</width>
                    <height>36</height>
                    <font>size16</font>
                    <textcolor>White2</textcolor>
                    <label>$INFO[MusicPlayer.Title]</label>
                </control>
                <control type="label">
                    <posx>105</posx>
                    <posy>36</posy>
                    <aligny>center</aligny>
                    <width>261</width>
                    <height>36</height>
                    <font>size14</font>
                    <label>$INFO[MusicPlayer.Artist]</label>
                </control>
                <control type="label">
                    <posx>105</posx>
                    <posy>60</posy>
                    <aligny>center</aligny>
                    <width>261</width>
                    <height>36</height>
                    <font>size14</font>
                    <label>$INFO[MusicPlayer.Album]</label>
                </control>
                <control type="label">
                    <posx>105</posx>
                    <posy>9</posy>
                    <aligny>center</aligny>
                    <width>261</width>
                    <height>36</height>
                    <font>size16</font>
                    <textcolor>White2</textcolor>
                    <label>$INFO[VideoPlayer.Title]</label>
                </control>
                <control type="label">
                    <posx>105</posx>
                    <posy>36</posy>
                    <aligny>center</aligny>
                    <width>261</width>
                    <height>36</height>
                    <font>size14</font>
                    <label>$INFO[VideoPlayer.Artist]</label>
                </control>
                <control type="label">
                    <posx>105</posx>
                    <posy>60</posy>
                    <aligny>center</aligny>
                    <width>261</width>
                    <height>36</height>
                    <font>size14</font>
                    <label>$INFO[VideoPlayer.Album]</label>
                </control>
            </control>
        </control>
    </include>

    <!-- Header BG -->

    <include name="AEVOLVEHeaderBG">
        <control type="image">
            <left>0</left>
            <top>0</top>
            <width>1920</width>
            <height>70</height>
            <texture border="5">img/DarkLayer.png</texture>
        </control>
    </include>

    <!-- Help Button 

    <include name="AEVOLVEHelpButton">
        <control type="grouplist" id="3011">
            <posx>10</posx>
            <posy>0</posy>
            <width>1790</width>
            <height>76</height>
            <align>left</align>
            <orientation>horizontal</orientation>
            <ondown>8998</ondown>
            <onright>3020</onright>
            <control type="button" id="3012" description="help button">
                <font>title2</font>
                <align>center</align>
                <label>Help</label>
                <left>58</left>
                <top>0</top>
                <width>151</width>
                <height>70</height>
                <texturefocus>img/HomeBarHover.png</texturefocus>
                <texturenofocus>-</texturenofocus>
                <onclick>RunAddon(plugin.video.aevolveboxhelp)</onclick>
                <animation type="Visible">
                    <effect type="fade" start="0" end="100" tween="sine" easing="inout" time="300" />
                    <effect type="zoom" start="50" end="100" center="auto" tween="sine" easing="inout" time="300" />
                </animation>
                <animation type="Hidden">
                    <effect type="fade" start="100" end="0" tween="sine" easing="inout" time="300" />
                    <effect type="zoom" start="100" end="50" center="auto" tween="sine" easing="inout" time="300" />
                </animation>
            </control>
        </control>
    </include>
-->
    <!-- Progress Bar -->

    <default type="progress">
        <posx>0</posx>
        <posy>0</posy>
        <texturebg border="1">OSD/texturebg_cache.png</texturebg>
        <lefttexture>-</lefttexture>
        <midtexture border="2">OSD/midtexture.png</midtexture>
        <righttexture>-</righttexture>
        <overlaytexture>-</overlaytexture>
    </default>

    <!-- Home Power Button -->

    <include name="AEVOLVEShutdown">
        <item>
            <label>$LOCALIZE[19040]</label>
            <onclick>AlarmClock(shutdowntimer,Shutdown())</onclick>
            <visible>System.CanPowerDown | System.CanSuspend | System.CanHibernate</visible>
            <visible>!System.HasAlarm(shutdowntimer)</visible>
            <visible>StringCompare(Container(9000).ListItem.Property(submenuVisibility),x6)</visible>
        </item>
        <item>
            <label>$LOCALIZE[222]</label>
            <onclick>CancelAlarm(shutdowntimer)</onclick>
            <visible>System.HasAlarm(shutdowntimer)</visible>
            <visible>StringCompare(Container(9000).ListItem.Property(submenuVisibility),x6)</visible>
        </item>
        <item>
            <label>$LOCALIZE[13016]</label>
            <onclick>Powerdown()</onclick>
            <visible>StringCompare(Container(9000).ListItem.Property(submenuVisibility),x6)</visible>
        </item>
        <item>
            <label>13013</label>
            <onclick>Reset()</onclick>
            <visible>StringCompare(Container(9000).ListItem.Property(submenuVisibility),x6)</visible>
        </item>
        <item>
            <label>13011</label>
            <onclick>Suspend()</onclick>
            <visible>StringCompare(Container(9000).ListItem.Property(submenuVisibility),x6)</visible>
        </item>
        <item>
            <label>13010</label>
            <onclick>Hibernate()</onclick>
            <visible>StringCompare(Container(9000).ListItem.Property(submenuVisibility),x6)</visible>
        </item>
        <item>
            <label>20126</label>
            <onclick>System.LogOff</onclick>
            <visible>StringCompare(Container(9000).ListItem.Property(submenuVisibility),x6)</visible>
        </item>
        <item>
            <label>13009</label>
            <onclick>Quit</onclick>
            <visible>StringCompare(Container(9000).ListItem.Property(submenuVisibility),x6)</visible>
        </item>
    </include>

    <!-- AEVOLVE Menu Items -->
    <include name="AEVOLVE-Left-Column">
        <control type="image">
            <posx>86</posx>
            <posy>245</posy>
            <width>532</width>
            <height>732</height>
            <texture>aevolve/aevolve-left-column-menu.png</texture>
        </control>
    </include>
    <include name="AEVOLVE-Right-Column">
        <control type="image">
            <posx>86</posx>
            <posy>245</posy>
            <width>1763</width>
            <height>732</height>
            <texture>aevolve/aevolve-right-column-menu.png</texture>
        </control>
    </include>

    <!-- AEVOLVE Menu List -->

    <include name="AEVOLVE-Menu-List">
        <control type="image">
            <posx>0</posx>
            <posy>105</posy>
            <right>-13</right>
            <width>980</width>
            <height>1058</height>
            <texture>aevolve/AEVOLVE-List-BG.png</texture>
        </control>
    </include>
    <include name="AEVOLVELargeListSlider">
        <control type="group" description="Slider">
            <animation condition="Control.HasFocus(60)" effect="slide" start="0,0" end="960,540" time="300" reversible="true">Conditional</animation>
            <animation condition="Control.HasFocus(60)" effect="zoom" start="100" end="0" time="300" reversible="true">Conditional</animation>
            <include>AEVOLVESlider5</include>
            <animation condition="Container.Position(0)" effect="slide" start="0,0" end="0,-333" time="180" easing="inout" reversible="true">Conditional</animation>
            <animation condition="Container.Position(1)" effect="slide" start="0,0" end="0,-222" time="180" easing="inout" reversible="true">Conditional</animation>
            <animation condition="Container.Position(2)" effect="slide" start="0,0" end="0,-111" time="180" easing="inout" reversible="true">Conditional</animation>
            <animation condition="Container.Position(4)" effect="slide" start="0,0" end="0,111" time="180" easing="inout" reversible="true">Conditional</animation>
            <animation condition="Container.Position(5)" effect="slide" start="0,0" end="0,222" time="180" easing="inout" reversible="true">Conditional</animation>
            <animation condition="Container.Position(6)" effect="slide" start="0,0" end="0,333" time="180" easing="inout" reversible="true">Conditional</animation>
            <animation condition="Container.Position(7)" effect="slide" start="0,0" end="0,444" time="180" easing="inout" reversible="true">Conditional</animation>
        </control>
    </include>
    <include name="AEVOLVESlider5">
        <control type="image">
            <animation effect="fade" time="100">VisibleChange</animation>
            <posx>-5</posx>
            <posy>315</posy>
            <width>893</width>
            <height>125</height>
            <texture border="26">aevolve/AEVOLVE-List-Slider.png</texture>
            <aspectratio>stretch</aspectratio>
        </control>
    </include>
    <include name="AEVOLVESliderLarge2">
        <animation effect="slide" start="0" end="-20" time="100" tween="sine" easing="in" condition="ListItem.IsRecording">Conditional</animation>
        <control type="image">
            <animation effect="fade" time="100">VisibleChange</animation>
            <posy>0</posy>
            <height>125</height>
            <texture border="26">aevolve/AEVOLVE-List-Slider.png</texture>
            <aspectratio>stretch</aspectratio>
        </control>
    </include>
	
    <include name="AEVOLVESliderLarge3">
        <animation effect="slide" start="0" end="-20" time="100" tween="sine" easing="in" condition="ListItem.IsRecording">Conditional</animation>
        <control type="image">
            <animation effect="fade" time="100">VisibleChange</animation>
            <posy>0</posy>
            <height>110</height>
            <texture border="26">aevolve/AEVOLVE-List-Slider.png</texture>
            <aspectratio>stretch</aspectratio>
        </control>
    </include>

    <!-- Panels -->

    <!-- Windows -->
    <include name="SystemLeftPanel">
        <control type="image">
            <posx>50</posx>
            <posy>0</posy>
            <width>420</width>
            <height>904</height>
            <texture border="40">aevolve/settings-bg.png</texture>
        </control>
    </include>
    <include name="SystemRightPanel">
        <control type="image">
            <posx>490</posx>
            <posy>0</posy>
            <width>1380</width>
            <height>904</height>
            <texture border="40">aevolve/settings-bg.png</texture>
        </control>
    </include>
    <include name="AEVOLVE-Menu-List2">
        <control type="image">
            <posx>934r</posx>
            <posy>268</posy>
            <width>952</width>
            <height>904</height>
            <texture border="40">aevolve/settings-bg.png</texture>
        </control>
    </include>
    <include name="AEVOLVE-Menu-List3">
        <control type="image">
            <texture border="40">aevolve/settings-bg.png</texture>
        </control>
    </include>
    <include name="AEVOLVE-Menu-List-NP">
        <control type="image">
            <texture border="40">aevolve/settings-bg.png</texture>
        </control>
    </include>

	<!-- RSS -->
	<include name="rss-feed-main">
		<control type="group">
			<left>0</left>
			<top>0</top>
			<visible>system.getbool(lookandfeel.enablerssfeeds)</visible>
			<control type="rss">
				<description>RSS feed</description>
				<top>13</top>
				<left>0</left>
				<height>30</height>
				<width>1920</width>
				<font>font12</font>
				<urlset>1</urlset>
				<textcolor>blue</textcolor>
				<titlecolor>blue</titlecolor>
				<headlinecolor>white</headlinecolor>
			</control>
		</control>
	</include>
	
	<include name="rss-feed-clock">
		<control type="group">
			<left>0</left>
			<top>0</top>
			<visible>system.getbool(lookandfeel.enablerssfeeds)</visible>
			<control type="rss">
				<description>RSS feed</description>
				<top>13</top>
				<left>0</left>
				<height>30</height>
				<width>1720</width>
				<font>font12</font>
				<urlset>1</urlset>
				<textcolor>blue</textcolor>
				<titlecolor>blue</titlecolor>
				<headlinecolor>white</headlinecolor>
			</control>
		</control>
	</include>
	
	<include name="rss-feed-playback">
		<control type="group">
			<left>0</left>
			<top>0</top>
			<visible>system.getbool(lookandfeel.enablerssfeeds)</visible>
			<control type="rss">
				<description>RSS feed</description>
				<top>13</top>
				<left>390</left>
				<height>30</height>
				<width>1320</width>
				<font>font12</font>
				<urlset>1</urlset>
				<textcolor>blue</textcolor>
				<titlecolor>blue</titlecolor>
				<headlinecolor>white</headlinecolor>
			</control>
		</control>
	</include>

	<include name="rss-feed-playback-noclock">
		<control type="group">
			<left>0</left>
			<top>0</top>
			<visible>system.getbool(lookandfeel.enablerssfeeds)</visible>
			<control type="rss">
				<description>RSS feed</description>
				<top>13</top>
				<left>390</left>
				<height>30</height>
				<width>1550</width>
				<font>font12</font>
				<urlset>1</urlset>
				<textcolor>blue</textcolor>
				<titlecolor>blue</titlecolor>
				<headlinecolor>white</headlinecolor>
			</control>
		</control>
	</include>
    <!-- PVR -->

    <variable name="PVRChannelGroupButtonVar">
        <value condition="Control.HasFocus(32)">$INFO[Container.FolderName]</value>
        <value>$LOCALIZE[19023]</value>
    </variable>
</includes>
