<includes>
    <include name="FanArt3Alt">
        <control type="group" description="Fanart 3">
            <include>AEVOLVECommonBackground</include>
            <visible>Control.IsVisible(500)</visible>
            <control type="image">
                <include>Dimensions_Fullscreen</include>
                <include>Fanart_Fade</include>
                <texture background="true">$INFO[ListItem.Property(fanart_image)]</texture>
                <aspectratio>stretch</aspectratio>
            </control>
            <control type="image">
                <include>Dimensions_Fullscreen</include>
                <texture>img/Vignette_500.png</texture>
                <aspectratio>stretch</aspectratio>
            </control>
            <control type="fixedlist" id="500" description="TOP Shortcuts">
                <!-- <visible>Skin.HasSetting(AddViews)</visible> 
        <visible>Container.content(movies) | container.content(seasons) | Container.content(tvshows)</visible>-->
                <onup condition="!Skin.HasSeting(ViewOptions_Hide)">9000</onup>
                <onup condition="Skin.HasSeting(ViewOptions_Hide)">-</onup>
                <ondown condition="Skin.HasSetting(Scrollbars_Active)">60</ondown>
                <ondown condition="!Skin.HasSetting(Scrollbars_Active)">-</ondown>
                <onleft>500</onleft>
                <onright>500</onright>
                <viewtype label="$LOCALIZE[20445] 3">Fanart 3</viewtype>
                <posx>-183</posx>
                <posy>690</posy>
                <width>2286</width>
                <height>402</height>
                <orientation>horizontal</orientation>
                <scrolltime>400</scrolltime>
                <focusposition>4</focusposition>
                <movement>2</movement>
                <preloaditems>2</preloaditems>
                <pagecontrol>60</pagecontrol>
                <!-- <itemlayout condition="container.Content(Movies) | container.content(TVShows) | container.content(Seasons)" height="387" width="254"> -->
                <itemlayout height="387" width="254">
                    <control type="image" description="Reflection">
                        <posx>26</posx>
                        <posy>330</posy>
                        <width>202</width>
                        <height>303</height>
                        <texture background="true" flipy="true">$INFO[ListItem.Icon]</texture>
                        <aspectratio>scale</aspectratio>
                        <colordiffuse>45FFFFFF</colordiffuse>
                    </control>
                    <control type="image" description="Thumb">
                        <posx>26</posx>
                        <posy>27</posy>
                        <width>202</width>
                        <height>303</height>
                        <texture background="true">$INFO[ListItem.Icon]</texture>
                        <aspectratio>scale</aspectratio>
                    </control>
                    <control type="image" description="Thumb Overlay">
                        <visible>!IsEmpty(ListItem.Thumb)</visible>
                        <posx>26</posx>
                        <posy>27</posy>
                        <width>202</width>
                        <height>303</height>
                        <texture border="3">img/CoverOverlay0.png</texture>
                        <aspectratio>stretch</aspectratio>
                    </control>
                </itemlayout>
                <focusedlayout condition="container.Content(Movies) | container.content(TVShows) | container.content(Seasons)" height="387" width="254">
                    <control type="group">
                        <control type="image" description="Reflection">
                            <posx>26</posx>
                            <posy>330</posy>
                            <width>202</width>
                            <height>303</height>
                            <texture background="true" flipy="true">$INFO[ListItem.Icon]</texture>
                            <aspectratio>scale</aspectratio>
                            <colordiffuse>45FFFFFF</colordiffuse>
                        </control>
                        <control type="image" description="Thumb">
                            <posx>26</posx>
                            <posy>27</posy>
                            <width>202</width>
                            <height>303</height>
                            <texture background="true">$INFO[ListItem.Icon]</texture>
                            <aspectratio>scale</aspectratio>
                        </control>
                        <control type="image" description="Thumb Overlay">
                            <visible>!IsEmpty(ListItem.Thumb)</visible>
                            <posx>26</posx>
                            <posy>27</posy>
                            <width>202</width>
                            <height>303</height>
                            <texture border="3">img/CoverOverlay0.png</texture>
                            <aspectratio>stretch</aspectratio>
                        </control>
                    </control>
                </focusedlayout>
            </control>
            <control type="image" description="LeftFade">
                <visible>Container.Position(4) | Container.Position(5) | Container.Position(6) | Container.Position(7) | Container.Position(8)</visible>
                <include>VisibleFadeEffect</include>
                <posx>0</posx>
                <posy>716</posy>
                <width>15</width>
                <height>447</height>
                <texture>img/DefaultGradientH.png</texture>
                <aspectratio>stretch</aspectratio>
            </control>
            <control type="image" description="RightFade">
                <visible>Container.Position(0) | Container.Position(1) | Container.Position(2) | Container.Position(3) | Container.Position(4)</visible>
                <include>VisibleFadeEffect</include>
                <posx>1906</posx>
                <posy>716</posy>
                <width>15</width>
                <height>447</height>
                <texture flipx="true">img/DefaultGradientH.png</texture>
                <aspectratio>stretch</aspectratio>
            </control>
            <control type="image">
                <visible>Control.HasFocus(500)</visible>
                <include>VisibleFadeEffect</include>
                <posx>580</posx>
                <posy>693</posy>
                <width>252</width>
                <height>351</height>
                <texture border="28">img/Frame25.png</texture>
                <aspectratio>stretch</aspectratio>
                <animation condition="Container(500).Position(0)" effect="slide" start="0,0" end="-762,0" time="220" easing="inout" reversible="true">Conditional</animation>
                <animation condition="Container(500).Position(1)" effect="slide" start="0,0" end="-508,0" time="220" easing="inout" reversible="true">Conditional</animation>
                <animation condition="Container(500).Position(2)" effect="slide" start="0,0" end="-254,0" time="220" easing="inout" reversible="true">Conditional</animation>
                <animation condition="Container(500).Position(3)" effect="slide" start="0,0" end="0,0" time="220" easing="inout" reversible="true">Conditional</animation>
                <animation condition="Container(500).Position(4)" effect="slide" start="0,0" end="254,0" time="220" easing="inout" reversible="true">Conditional</animation>
                <animation condition="Container(500).Position(5)" effect="slide" start="0,0" end="508,0" time="220" easing="inout" reversible="true">Conditional</animation>
                <animation condition="Container(500).Position(6)" effect="slide" start="0,0" end="762,0" time="220" easing="inout" reversible="true">Conditional</animation>
            </control>
            <control type="group" description="Media Info">
                <posy>428</posy>
                <control type="image">
                    <posx>64</posx>
                    <posy>60</posy>
                    <width>30</width>
                    <height>30</height>
                    <texture>$VAR[Overlay]</texture>
                    <aspectratio>keep</aspectratio>
                </control>
                <control type="group" description="Left">
                    <posx>98</posx>
                    <posy>63</posy>
                    <control type="label" description="Item Title">
                        <font>size22B</font>
                        <textcolor>White2</textcolor>
                        <width>750</width>
                        <include>Genre51Commons</include>
                        <info>ListItem.Label</info>
                    </control>
                    <control type="image" description="Line Split">
                        <posx>0</posx>
                        <posy>189</posy>
                        <width>1725</width>
                        <height>1</height>
                        <texture>img/LineST.png</texture>
                        <aspectratio>stretch</aspectratio>
                    </control>
                    <control type="textbox" description="Plot">
                        <posy>51</posy>
                        <posx>0</posx>
                        <width>802</width>
                        <height>130</height>
                        <font>size20</font>
                        <textcolor>Silver</textcolor>
                        <align>justify</align>
                        <aligny>bottom</aligny>
                        <autoscroll delay="8000" time="4300" repeat="10000">Skin.HasSetting(AutoScroll)</autoscroll>
                        <label>$VAR[Plots]</label>
                    </control>
                </control>
                <control type="group" description="Right">
                    <posx>1020</posx>
                    <posy>30</posy>
                    <control type="grouplist">
                        <posx>0</posx>
                        <posy>90</posy>
                        <width>auto</width>
                        <height>33</height>
                        <orientation>horizontal</orientation>
                        <align>left</align>
                        <itemgap>30</itemgap>
                        <control type="label" description="MPAA">
                            <height>33</height>
                            <width>735</width>
                            <include>Genre500Commons</include>
                            <label>[COLOR=Grey]$LOCALIZE[20074]:[/COLOR] $INFO[ListItem.MPAA]</label>
                        </control>
                        <control type="image">
                            <include>3D_Badge_visibility</include>
                            <width>40</width>
                            <height>39</height>
                            <aspectratio>keep</aspectratio>
                            <texture>$VAR[3D_badge_texture]</texture>
                        </control>
                    </control>
                    <control type="grouplist">
                        <posx>0</posx>
                        <posy>130</posy>
                        <width>auto</width>
                        <height>33</height>
                        <orientation>horizontal</orientation>
                        <align>left</align>
                        <itemgap>30</itemgap>
                        <control type="label" description="Details">
                            <height>33</height>
                            <width max="735">auto</width>
                            <include>Genre500Commons</include>
                            <label>[COLOR=Grey]$LOCALIZE[33029]:[/COLOR] $VAR[500TopLabel]$VAR[Trailer, • ]</label>
                        </control>
                        <control type="image">
                            <visible>IntegerGreaterThan(ListItem.VideoResolution,700)</visible>
                            <width>40</width>
                            <height>39</height>
                            <aspectratio>keep</aspectratio>
                            <texture>$INFO[ListItem.VideoResolution,badges/,.png]</texture>
                        </control>
                    </control>
                    <control type="label" description="Genre">
                        <posy>171</posy>
                        <include>Genre500Commons</include>
                        <label>[COLOR=Grey]$LOCALIZE[515]:[/COLOR] $INFO[ListItem.Genre]</label>
                    </control>
                </control>
            </control>
            <control type="scrollbar" id="60">
                <visible>true</visible>
                <animation effect="fade" delay="200" time="300">VisibleChange</animation>
                <posx>98</posx>
                <posy>1065</posy>
                <width>1725</width>
                <height>9</height>
                <onup>500</onup>
                <ondown>500</ondown>
                <orientation>horizontal</orientation>
                <texturesliderbackground border="6,4,6,4">Scrollbar/HScrollbarBG.png</texturesliderbackground>
                <texturesliderbar border="6,4,6,4">Scrollbar/HScrollerNF.png</texturesliderbar>
                <texturesliderbarfocus border="6,4,6,4">Scrollbar/HScrollerFO.png</texturesliderbarfocus>
                <pulseonselect>false</pulseonselect>
                <showonepage>false</showonepage>
            </control>
        </control>
    </include>
</includes>
