<includes>
    <include name="GridView">
        <control type="group" description="Grid view">
            <include>AEVOLVECommonBackground</include>
            <visible>Control.IsVisible(53)</visible>
            <control type="image">
                <include>Dimensions_Fullscreen</include>
                <include>Fanart_Fade</include>
                <texture background="true">$INFO[ListItem.Property(fanart_image)]</texture>
                <aspectratio>stretch</aspectratio>
            </control>
            <!--
              <control type="image">
                <include>Dimensions_Fullscreen</include>
                <texture>aevolve/vignette.png</texture>
                <aspectratio>stretch</aspectratio>
              </control>
            -->
            <control type="image">
                <include>Dimensions_Fullscreen</include>
                <colordiffuse>BBBBBBBB</colordiffuse>
                <texture>aevolve/black-dot.png</texture>
                <aspectratio>stretch</aspectratio>
                <visible>!IsEmpty(ListItem.Art(fanart)) | !Player.HasVideo</visible>
                <animation effect="fade" start="0" end="200" time="300" tween="sine" easing="inout">Visible</animation>
                <animation effect="fade" start="200" end="0" time="0" tween="sine" easing="inout">Hidden</animation>
            </control>


            <control type="group" description="Container and frame">
                <control type="panel" id="53" description="Grid">
                    <!-- <visible>Skin.HasSetting(AddViews)</visible> -->
                    <visible>!IsEmpty(Container.FolderPath)</visible>
                    <viewtype label="536">Grid</viewtype>
                    <posx>60</posx>
                    <posy>210</posy>
                    <width>1800</width>
                    <height>900</height>
                    <orientation>vertical</orientation>
                    <onleft condition="!Skin.HasSetting(ViewOptions_Hide)">9000</onleft>
                    <onleft condition="Skin.HasSetting(ViewOptions_Hide)">-</onleft>
                    <onright condition="Skin.HasSetting(Scrollbars_Active)">60</onright>
                    <onright condition="!Skin.HasSetting(Scrollbars_Active)">53</onright>
                    <onup>53</onup>
                    <ondown>53</ondown>
                    <preloaditems>4</preloaditems>
                    <pagecontrol>60</pagecontrol>
                    <scrolltime>400</scrolltime>
					
					<!-- BEGIN VIDEOS -->
                    <itemlayout condition="Container.Content(Movies) | Container.content(tvshows) | container.content(seasons)" height="384" width="257">
                        <control type="image">
                            <posx>35</posx>
                            <posy>320</posy>
                            <width>197</width>
                            <height>294</height>
                            <texture flipy="true" diffuse="img/Reflection0.png" background="true">$INFO[ListItem.Icon]</texture>
                            <aspectratio>scale</aspectratio>
                        </control>
                        <control type="image">
                            <posx>35</posx>
                            <posy>24</posy>
                            <width>197</width>
                            <height>294</height>
                            <texture background="true">$INFO[ListItem.Icon]</texture>
                            <aspectratio>scale</aspectratio>
                        </control>
                        <control type="image">
                            <visible>!IsEmpty(ListItem.Thumb)</visible>
                            <posx>35</posx>
                            <posy>24</posy>
                            <width>197</width>
                            <height>294</height>
                            <texture border="3">img/CoverOverlay0.png</texture>
                            <aspectratio>stretch</aspectratio>
                        </control>
                        <control type="group">
                            <visible>container.content(TVshows) | container.content(seasons)</visible>
                            <control type="image">
                                <visible>IntegerGreaterThan(ListItem.Property(UnwatchedEpisodes),0)</visible>
                                <posx>123</posx>
                                <posy>276</posy>
                                <height>45</height>
                                <width>150</width>
                                <aspectratio>keep</aspectratio>
                                <texture>badges/RedBadge.png</texture>
                            </control>
                            <control type="label" description="Label2">
                                <visible>IntegerGreaterThan(ListItem.Property(UnwatchedEpisodes),0)</visible>
                                <posx>123</posx>
                                <posy>271</posy>
                                <height>45</height>
                                <width>150</width>
                                <font>size16</font>
                                <scroll>true</scroll>
                                <align>center</align>
                                <scroll>false</scroll>
                                <textcolor>Grey2</textcolor>
                                <label>$INFO[ListItem.Property(UnwatchedEpisodes)]</label>
                            </control>
                        </control>
                    </itemlayout>
                    <focusedlayout condition="Container.Content(Movies) | Container.content(tvshows) | container.content(seasons)" height="384" width="257">
                        <control type="image">
                            <animation effect="fade" start="100" end="20" delay="100" time="200" reversible="true">Focus</animation>
                            <posx>35</posx>
                            <posy>320</posy>
                            <width>197</width>
                            <height>294</height>
                            <texture flipy="true" diffuse="img/Reflection0.png" background="true">$INFO[ListItem.Icon]</texture>
                            <aspectratio scalediffuse="false">scale</aspectratio>
                        </control>
                        <control type="image">
                            <posx>35</posx>
                            <posy>24</posy>
                            <width>197</width>
                            <height>294</height>
                            <texture background="true">$INFO[ListItem.Icon]</texture>
                            <aspectratio>scale</aspectratio>
                        </control>
                        <control type="image">
                            <visible>!IsEmpty(ListItem.Thumb)</visible>
                            <posx>35</posx>
                            <posy>24</posy>
                            <width>197</width>
                            <height>294</height>
                            <texture border="3">img/CoverOverlay0.png</texture>
                            <aspectratio>stretch</aspectratio>
                        </control>
                        <control type="label">
                            <posx>0</posx>
                            <posy>330</posy>
                            <width>270</width>
                            <height>45</height>
                            <font>size18</font>
                            <textcolor>White2</textcolor>
                            <shadowcolor>Black</shadowcolor>
                            <align>center</align>
                            <label>[B]$INFO[ListItem.Label][/B]</label>
                        </control>
                        <control type="group">
                            <visible>container.content(TVshows) | container.content(seasons)</visible>
                            <control type="image">
                                <visible>IntegerGreaterThan(ListItem.Property(UnwatchedEpisodes),0)</visible>
                                <posx>123</posx>
                                <posy>276</posy>
                                <height>45</height>
                                <width>150</width>
                                <aspectratio>keep</aspectratio>
                                <texture>badges/RedBadge.png</texture>
                            </control>
                            <control type="label" description="Label2">
                                <visible>IntegerGreaterThan(ListItem.Property(UnwatchedEpisodes),0)</visible>
                                <posx>123</posx>
                                <posy>271</posy>
                                <height>45</height>
                                <width>150</width>
                                <font>size16</font>
                                <scroll>true</scroll>
                                <align>center</align>
                                <scroll>false</scroll>
                                <textcolor>White</textcolor>
                                <label>$INFO[ListItem.Property(UnwatchedEpisodes)]</label>
                            </control>
                        </control>
                    </focusedlayout>
					
					<!-- END VIDEOS -->
					
					<!-- BEGIN ADDONS -->
                    <itemlayout condition="container.content(addons)" height="360" width="360">
                        <control type="image">
                            <posx>45</posx>
                            <posy>264</posy>
                            <width>255</width>
                            <height>255</height>
                            <texture flipy="true" diffuse="img/Reflection0.png" background="true">$INFO[ListItem.Thumb]</texture>
                            <aspectratio>stretch</aspectratio>
                        </control>
                        <control type="image">
                            <posx>45</posx>
                            <posy>9</posy>
                            <width>255</width>
                            <height>255</height>
                            <texture background="true">$INFO[ListItem.Icon]</texture>
                            <aspectratio>stretch</aspectratio>
                        </control>
                        <control type="image">
                            <visible>!IsEmpty(ListItem.Thumb)</visible>
                            <posx>45</posx>
                            <posy>9</posy>
                            <width>255</width>
                            <height>255</height>
                            <texture border="3">img/CoverOverlay0.png</texture>
                            <aspectratio>stretch</aspectratio>
                        </control>
                        <control type="label">
                            <posx>36</posx>
                            <posy>270</posy>
                            <width>270</width>
                            <height>45</height>
                            <font>size18</font>
                            <textcolor>White2</textcolor>
                            <shadowcolor>Black</shadowcolor>
                            <align>center</align>
                            <label>[B]$INFO[ListItem.Label][/B]</label>
                        </control>
                    </itemlayout>
                    <focusedlayout condition="container.content(addons)" height="360" width="360">
                        <control type="image">
                            <animation effect="fade" start="100" end="20" delay="100" time="200" reversible="true">Focus</animation>
                            <posx>45</posx>
                            <posy>264</posy>
                            <width>255</width>
                            <height>255</height>
                            <texture flipy="true" diffuse="img/Reflection0.png" background="true">$INFO[ListItem.Icon]</texture>
                            <aspectratio>stretch</aspectratio>
                        </control>
                        <control type="image">
                            <posx>45</posx>
                            <posy>9</posy>
                            <width>255</width>
                            <height>255</height>
                            <texture background="true">$INFO[ListItem.Icon]</texture>
                            <aspectratio>stretch</aspectratio>
                        </control>
                        <control type="image">
                            <visible>!IsEmpty(ListItem.Thumb)</visible>
                            <posx>45</posx>
                            <posy>9</posy>
                            <width>255</width>
                            <height>255</height>
                            <texture border="3">img/CoverOverlay0.png</texture>
                            <aspectratio>stretch</aspectratio>
                        </control>
                        <control type="label">
                            <posx>36</posx>
                            <posy>270</posy>
                            <width>270</width>
                            <height>45</height>
                            <font>size18</font>
                            <textcolor>White2</textcolor>
                            <shadowcolor>Black</shadowcolor>
                            <align>center</align>
                            <label>[B]$INFO[ListItem.Label][/B]</label>
                        </control>
                    </focusedlayout>
					
					<!-- END ADDONS -->
					
					
					<!-- BEGIN ... -->
					
                    <itemlayout condition="![container.content(addons) | container.content(movies) | container.content(seasons) | container.content(tvshows)]" height="375" width="450">
                        <control type="image">
                            <posx>45</posx>
                            <posy>24</posy>
                            <width>360</width>
                            <height>255</height>
                            <texture>img/ThumbBorder2.png</texture>
                            <aspectratio>stretch</aspectratio>
                        </control>
                        <control type="image">
                            <visible>container.content(episodes)</visible>
                            <posx>45</posx>
                            <posy>24</posy>
                            <width>360</width>
                            <height>255</height>
                            <texture background="true">$INFO[ListItem.Icon]</texture>
                            <aspectratio>scale</aspectratio>
                        </control>
                        <control type="image">
                            <visible>![container.content(episodes)]</visible>
                            <posx>45</posx>
                            <posy>24</posy>
                            <width>360</width>
                            <height>255</height>
                            <texture background="true">$INFO[ListItem.Icon]</texture>
                            <aspectratio>keep</aspectratio>
                        </control>
                        <control type="image">
                            <posx>45</posx>
                            <posy>24</posy>
                            <width>360</width>
                            <height>255</height>
                            <texture border="3">img/CoverOverlay0.png</texture>
                            <aspectratio>stretch</aspectratio>
                        </control>
                        <control type="label">
                            <posx>0</posx>
                            <posy>300</posy>
                            <width>420</width>
                            <height>45</height>
                            <font>size18</font>
                            <textcolor>White2</textcolor>
                            <shadowcolor>Black</shadowcolor>
                            <align>center</align>
                            <label>[B]$INFO[ListItem.Label][/B]</label>
                        </control>
                    </itemlayout>
                    <focusedlayout condition="![container.content(addons) | container.content(movies) | container.content(seasons) | container.content(tvshows)]" height="375" width="450">
                        <control type="image">
                            <posx>45</posx>
                            <posy>24</posy>
                            <width>360</width>
                            <height>255</height>
                            <texture>img/ThumbBorder2.png</texture>
                            <aspectratio>stretch</aspectratio>
                        </control>
                        <control type="image">
                            <visible>container.content(episodes)</visible>
                            <posx>45</posx>
                            <posy>24</posy>
                            <width>360</width>
                            <height>255</height>
                            <texture background="true">$INFO[ListItem.Icon]</texture>
                            <aspectratio>scale</aspectratio>
                        </control>
                        <control type="image">
                            <visible>![container.content(episodes)]</visible>
                            <posx>45</posx>
                            <posy>24</posy>
                            <width>360</width>
                            <height>255</height>
                            <texture background="true">$INFO[ListItem.Icon]</texture>
                            <aspectratio>keep</aspectratio>
                        </control>
                        <control type="image">
                            <posx>45</posx>
                            <posy>24</posy>
                            <width>360</width>
                            <height>255</height>
                            <texture border="3">img/CoverOverlay0.png</texture>
                            <aspectratio>stretch</aspectratio>
                        </control>
                        <control type="label">
                            <posx>0</posx>
                            <posy>300</posy>
                            <width>420</width>
                            <height>45</height>
                            <font>size18</font>
                            <textcolor>White2</textcolor>
                            <shadowcolor>Black</shadowcolor>
                            <align>center</align>
                            <label>[B]$INFO[ListItem.Label][/B]</label>
                        </control>
                    </focusedlayout>
					
					<!-- END ....-->

                </control>
                <control type="group" description="Frame Sliders">
                    <visible>Container.Content(Movies) | Container.content(tvshows) | container.content(seasons)</visible>
                    <animation condition="Control.HasFocus(60)" effect="slide" start="0,0" end="1890,540" time="200" reversible="true">Conditional</animation>
                    <animation condition="Control.HasFocus(60)" effect="zoom" start="100" end="0" time="200" reversible="true">Conditional</animation>
                    <animation condition="Control.HasFocus(60)" effect="fade" start="100" end="0" time="200" reversible="true">Conditional</animation>
                    <control type="image" description="Posters">
                        <posx>68</posx>
                        <posy>207</posy>
                        <width>251</width>
                        <height>348</height>
                        <texture border="28">img/Frame25.png</texture>
                        <aspectratio>stretch</aspectratio>
                        <animation condition="Container.Column(0)" effect="slide" easing="inout" start="0,0" end="0,0" time="220" reversible="true">Conditional</animation>
                        <animation condition="Container.Column(1)" effect="slide" easing="inout" start="0,0" end="257,0" time="220" reversible="true">Conditional</animation>
                        <animation condition="Container.Column(2)" effect="slide" easing="inout" start="0,0" end="514,0" time="220" reversible="true">Conditional</animation>
                        <animation condition="Container.Column(3)" effect="slide" easing="inout" start="0,0" end="771,0" time="220" reversible="true">Conditional</animation>
                        <animation condition="Container.Column(4)" effect="slide" easing="inout" start="0,0" end="1028,0" time="220" reversible="true">Conditional</animation>
                        <animation condition="Container.Column(5)" effect="slide" easing="inout" start="0,0" end="1285,0" time="220" reversible="true">Conditional</animation>
                        <animation condition="Container.Column(6)" effect="slide" easing="inout" start="0,0" end="1542,0" time="220" reversible="true">Conditional</animation>
                        <animation condition="Container.Row(0)" effect="slide" easing="inout" start="0,0" end="0,0" time="220" reversible="true">Conditional</animation>
                        <animation condition="Container.Row(1)" effect="slide" easing="inout" start="0,0" end="0,384" time="220" reversible="true">Conditional</animation>
                    </control>
                </control>
                <control type="group" description="Frame Sliders">
                    <visible>container.content(addons)</visible>
                    <animation condition="Control.HasFocus(60)" effect="slide" start="0,0" end="1890,540" time="200" reversible="true">Conditional</animation>
                    <animation condition="Control.HasFocus(60)" effect="zoom" start="100" end="0" time="200" reversible="true">Conditional</animation>
                    <animation condition="Control.HasFocus(60)" effect="fade" start="100" end="0" time="200" reversible="true">Conditional</animation>
                    <control type="image">
                        <posx>78</posx>
                        <posy>192</posy>
                        <width>309</width>
                        <height>309</height>
                        <texture border="28">img/Frame25.png</texture>
                        <aspectratio>stretch</aspectratio>
                        <animation condition="Container.Column(0)" effect="slide" start="0,0" end="0,0" time="220" reversible="true">Conditional</animation>
                        <animation condition="Container.Column(1)" effect="slide" start="0,0" end="360,0" time="220" reversible="true">Conditional</animation>
                        <animation condition="Container.Column(2)" effect="slide" start="0,0" end="720,0" time="220" reversible="true">Conditional</animation>
                        <animation condition="Container.Column(3)" effect="slide" start="0,0" end="1080,0" time="220" reversible="true">Conditional</animation>
                        <animation condition="Container.Column(4)" effect="slide" start="0,0" end="1440,0" time="220" reversible="true">Conditional</animation>
                        <animation condition="Container.Row(0)" effect="slide" start="0,0" end="0,0" time="220" reversible="true">Conditional</animation>
                        <animation condition="Container.Row(1)" effect="slide" start="0,0" end="0,360" time="220" reversible="true">Conditional</animation>
                        <animation condition="Container.Row(2)" effect="slide" start="0,0" end="0,720" time="220" reversible="true">Conditional</animation>
                    </control>
                </control>
                <control type="group" description="Frame Sliders">
                    <visible>![Container.Content(Movies) | Container.content(tvshows) | container.content(seasons) | container.content(addons)]</visible>
                    <animation condition="Control.HasFocus(60)" effect="slide" start="0,0" end="1890,540" time="200" reversible="true">Conditional</animation>
                    <animation condition="Control.HasFocus(60)" effect="zoom" start="100" end="0" time="200" reversible="true">Conditional</animation>
                    <animation condition="Control.HasFocus(60)" effect="fade" start="100" end="0" time="200" reversible="true">Conditional</animation>
                    <control type="image" description="Generic">
                        <posx>78</posx>
                        <posy>206</posy>
                        <width>414</width>
                        <height>309</height>
                        <texture border="28">img/Frame25.png</texture>
                        <aspectratio>stretch</aspectratio>
                        <animation condition="Container.Column(0)" effect="slide" easing="inout" start="0,0" end="0,0" time="220" reversible="true">Conditional</animation>
                        <animation condition="Container.Column(1)" effect="slide" easing="inout" start="0,0" end="450,0" time="220" reversible="true">Conditional</animation>
                        <animation condition="Container.Column(2)" effect="slide" easing="inout" start="0,0" end="900,0" time="220" reversible="true">Conditional</animation>
                        <animation condition="Container.Column(3)" effect="slide" easing="inout" start="0,0" end="1350,0" time="220" reversible="true">Conditional</animation>
                        <animation condition="Container.Row(0)" effect="slide" easing="inout" start="0,0" end="0,0" time="220" reversible="true">Conditional</animation>
                        <animation condition="Container.Row(1)" effect="slide" easing="inout" start="0,0" end="0,375" time="220" reversible="true">Conditional</animation>
                    </control>
                </control>
            </control>
            <control type="image" description="Line Split">
                <posx>105</posx>
                <posy>164</posy>
                <width>1702</width>
                <height>1</height>
                <texture>img/LineL.png</texture>
                <aspectratio>stretch</aspectratio>
            </control>
            <control type="grouplist" description="Media Header">
                <posx>105</posx>
                <posy>54</posy>
                <width>930</width>
                <height>75</height>
                <align>left</align>
                <aligny>bottom</aligny>
                <orientation>horizontal</orientation>
                <control type="label" id="7777" description="Heading">
                    <width min="60" max="930">auto</width>
                    <height>75</height>
                    <font>title2</font>
                    <textcolor>White2</textcolor>
                    <label>$VAR[GlobalHeadings]</label>
                </control>
                <control type="label" description="Number of files">
                    <visible>!IsEmpty(Control.GetLabel(7777))</visible>
                    <width min="60" max="120">auto</width>
                    <height>81</height>
                    <font>size17</font>
                    <textcolor>Grey</textcolor>
                    <label>$INFO[Container.NumItems, (,)]</label>
                </control>
            </control>
            <control type="label" description="Media details">
                <posx>105</posx>
                <posy>117</posy>
                <width>1500</width>
                <textcolor>Silver</textcolor>
                <include>Genre51Commons</include>
                <label>$INFO[ListItem.label][COLOR=Grey]$VAR[TopLabel, ][/COLOR]</label>
            </control>
            <control type="image" description="Overlay">
                <visible>![container.content(tvshows) | container.content(seasons) | SubString(ListItem.Path,videodb://movies/sets/)]</visible>
                <posx>66</posx>
                <posy>124</posy>
                <height>32</height>
                <width>60</width>
                <aspectratio align="left">keep</aspectratio>
                <texture>$VAR[Overlay]</texture>
            </control>
            <control type="image" description="Sets">
                <visible>SubString(ListItem.Path,videodb://movies/sets/)</visible>
                <posx>50</posx>
                <posy>123</posy>
                <height>33</height>
                <width>60</width>
                <aspectratio>keep</aspectratio>
                <texture>badges/setsFO.png</texture>
            </control>
            <control type="grouplist">
                <posx>354r</posx>
                <posy>126</posy>
                <height>24</height>
                <width>290</width>
                <itemgap>15</itemgap>
                <align>right</align>
                <orientation>horizontal</orientation>
                <control type="image">
                    <include>3D_Badge_visibility</include>
                    <height>24</height>
                    <width>45</width>
                    <aspectratio>keep</aspectratio>
                    <texture>$VAR[3D_badge_texture]</texture>
                </control>
                <control type="image">
                    <visible>IntegerGreaterThan(ListItem.VideoResolution,700)</visible>
                    <height>24</height>
                    <width>45</width>
                    <aspectratio>keep</aspectratio>
                    <texture>$INFO[ListItem.VideoResolution,badges/,.png]</texture>
                </control>
                <control type="image" description="Rating">
                    <visible>!IsEmpty(ListItem.Rating)</visible>
                    <posy>0</posy>
                    <include>10Rating</include>
                </control>
                <control type="label" description="Media details">
                    <visible>container.content(addons)</visible>
                    <height>24</height>
                    <width>240</width>
                    <font>title2</font>
                    <align>right</align>
                    <textcolor>Silver</textcolor>
                    <label>$INFO[ListItem.Label2]</label>
                </control>
            </control>
            <control type="scrollbar" id="60">
                <posx>30r</posx>
                <posy>300</posy>
                <height>740</height>
                <onleft>53</onleft>
                <onright>noop</onright>
            </control>
        </control>
    </include>
</includes>
