<includes>
    <include name="FanArt3">
        <control type="group" description="Fanart 3">
            <include>AEVOLVECommonBackground</include>
            <visible>Control.IsVisible(510)</visible>
            <control type="image">
                <include>Dimensions_Fullscreen</include>
                <include>Fanart_Fade</include>
                <texture background="true">$INFO[ListItem.Property(fanart_image)]</texture>
                <aspectratio>stretch</aspectratio>
            </control>
            <control type="image">
                <visible>Container.Content(episodes)</visible>
                <include>Dimensions_Fullscreen</include>
                <texture>img/Vignette_500.png</texture>
                <aspectratio>stretch</aspectratio>
            </control>
            <control type="image">
                <visible>!Container.Content(episodes)</visible>
                <include>Dimensions_Fullscreen</include>
                <texture>img/Vignette_58.png</texture>
                <aspectratio>stretch</aspectratio>
            </control>
            <control type="fixedlist" id="510" description="Fanart 3 for episodes and files">
                <!-- <visible>Skin.HasSetting(AddViews)</visible> -->
                <visible>![Container.content(movies) | container.content(seasons) | container.content(tvshows)]</visible>
                <onup condition="!Skin.HasSeting(ViewOptions_Hide)">9000</onup>
                <onup condition="Skin.HasSeting(ViewOptions_Hide)">-</onup>
                <ondown condition="Skin.HasSetting(Scrollbars_Active)">60</ondown>
                <ondown condition="!Skin.HasSetting(Scrollbars_Active)">-</ondown>
                <onleft>510</onleft>
                <onright>510</onright>
                <viewtype label="$LOCALIZE[20445] 3">Fanart 3</viewtype>
                <posx>-150</posx>
                <posy>690</posy>
                <width>2220</width>
                <height>402</height>
                <orientation>horizontal</orientation>
                <scrolltime>400</scrolltime>
                <focusposition>2</focusposition>
                <movement>1</movement>
                <preloaditems>4</preloaditems>
                <pagecontrol>60</pagecontrol>
                <itemlayout height="357" width="444">
                    <control type="image" description="Reflection">
                        <posx>27</posx>
                        <posy>330</posy>
                        <width>393</width>
                        <height>303</height>
                        <texture background="true" diffuse="img/ReflectionShelf.png" flipy="true">$INFO[ListItem.Icon]</texture>
                        <aspectratio>scale</aspectratio>
                    </control>
                    <control type="image" description="Thumb">
                        <posx>27</posx>
                        <posy>27</posy>
                        <width>393</width>
                        <height>303</height>
                        <texture background="true">$INFO[ListItem.Icon]</texture>
                        <aspectratio>scale</aspectratio>
                    </control>
                    <control type="image" description="Thumb Overlay">
                        <visible>!IsEmpty(ListItem.Thumb)</visible>
                        <posx>27</posx>
                        <posy>27</posy>
                        <width>393</width>
                        <height>303</height>
                        <texture border="3">img/CoverOverlay0.png</texture>
                        <aspectratio>stretch</aspectratio>
                    </control>
                </itemlayout>
                <focusedlayout height="357" width="444">
                    <control type="group">
                        <control type="image" description="Reflection">
                            <posx>27</posx>
                            <posy>330</posy>
                            <width>393</width>
                            <height>303</height>
                            <texture background="true" diffuse="img/ReflectionShelf.png" flipy="true">$INFO[ListItem.Icon]</texture>
                            <aspectratio>scale</aspectratio>
                        </control>
                        <control type="image" description="Thumb">
                            <posx>27</posx>
                            <posy>27</posy>
                            <width>393</width>
                            <height>303</height>
                            <texture background="true">$INFO[ListItem.Icon]</texture>
                            <aspectratio>scale</aspectratio>
                        </control>
                        <control type="image" description="Thumb Overlay">
                            <visible>!IsEmpty(ListItem.Thumb)</visible>
                            <posx>27</posx>
                            <posy>27</posy>
                            <width>393</width>
                            <height>303</height>
                            <texture border="3">img/CoverOverlay0.png</texture>
                            <aspectratio>stretch</aspectratio>
                        </control>
                    </control>
                </focusedlayout>
            </control>
            <control type="image">
                <visible>Control.HasFocus(510)</visible>
                <posx>739</posx>
                <posy>692</posy>
                <width>445</width>
                <height>354</height>
                <texture border="28">img/Frame25.png</texture>
                <aspectratio>stretch</aspectratio>
                <animation condition="Container(510).Position(0)" effect="slide" end="-888,0" time="220" easing="inout" reversible="true">Conditional</animation>
                <animation condition="Container(510).Position(1)" effect="slide" end="-444,0" time="220" easing="inout" reversible="true">Conditional</animation>
                <animation condition="Container(510).Position(3)" effect="slide" end="444,0" time="220" easing="inout" reversible="true">Conditional</animation>
                <animation condition="Container(510).Position(4)" effect="slide" end="888,0" time="220" easing="inout" reversible="true">Conditional</animation>
            </control>
            <control type="group" description="Media Info">
                <visible>!Container.Content(episodes)</visible>
                <posy>622</posy>
                <control type="label" description="Item Title">
                    <posx>0</posx>
                    <posy>0</posy>
                    <font>size22B</font>
                    <textcolor>White2</textcolor>
                    <width>1920</width>
                    <align>center</align>
                    <include>Genre51Commons</include>
                    <label>$INFO[ListItem.Label][COLOR=Grey]$INFO[ListItem.Label2, • ][/COLOR]</label>
                </control>
                <control type="image" description="Line Split">
                    <posx>15</posx>
                    <posy>60</posy>
                    <width>1890</width>
                    <height>1</height>
                    <texture>img/LineST.png</texture>
                    <aspectratio>stretch</aspectratio>
                </control>
            </control>
            <control type="group" description="Media Info">
                <visible>Container.Content(episodes)</visible>
                <posy>428</posy>
                <control type="image">
                    <posx>64</posx>
                    <posy>60</posy>
                    <width>30</width>
                    <height>30</height>
                    <texture>$VAR[Overlay]</texture>
                    <aspectratio>keep</aspectratio>
                </control>
                <control type="group" description="Left">
                    <posx>98</posx>
                    <posy>63</posy>
                    <control type="label" description="Item Title">
                        <font>size22B</font>
                        <textcolor>White2</textcolor>
                        <width>750</width>
                        <include>Genre51Commons</include>
                        <info>ListItem.Label</info>
                    </control>
                    <control type="image" description="Line Split">
                        <posx>0</posx>
                        <posy>189</posy>
                        <width>1725</width>
                        <height>1</height>
                        <texture>img/LineST.png</texture>
                        <aspectratio>stretch</aspectratio>
                    </control>
                    <control type="textbox" description="Plot">
                        <posy>51</posy>
                        <posx>0</posx>
                        <width>802</width>
                        <height>132</height>
                        <font>size20</font>
                        <textcolor>Silver</textcolor>
                        <align>justify</align>
                        <aligny>bottom</aligny>
                        <autoscroll delay="8000" time="4300" repeat="10000">Skin.HasSetting(AutoScroll)</autoscroll>
                        <label>$VAR[Plots]</label>
                    </control>
                </control>
                <control type="group" description="Right">
                    <posx>1020</posx>
                    <posy>30</posy>
                    <control type="label" description="Genre">
                        <posy>90</posy>
                        <include>Genre500Commons</include>
                        <label>[COLOR=Grey]$INFO[ListItem.Season,$LOCALIZE[20373] ]:[/COLOR] $INFO[ListItem.Episode, $LOCALIZE[20359] ]</label>
                    </control>
                    <control type="label" description="MPAA">
                        <posy>130</posy>
                        <include>Genre500Commons</include>
                        <label>[COLOR=Grey]$LOCALIZE[20074]:[/COLOR] $INFO[ListItem.MPAA]</label>
                    </control>
                    <control type="grouplist">
                        <posx>0</posx>
                        <posy>171</posy>
                        <width>auto</width>
                        <height>33</height>
                        <orientation>horizontal</orientation>
                        <align>left</align>
                        <itemgap>30</itemgap>
                        <control type="label" description="Details">
                            <height>33</height>
                            <width max="735">auto</width>
                            <include>Genre500Commons</include>
                            <label>[COLOR=Grey]$LOCALIZE[33029]:[/COLOR] $VAR[500TopLabel]</label>
                        </control>
                        <control type="image" description="Rating">
                            <visible>!IsEmpty(ListItem.Rating)</visible>
                            <height>39</height>
                            <posx>1590</posx>
                            <posy>0</posy>
                            <include>10Rating</include>
                        </control>
                        <control type="image">
                            <visible>IntegerGreaterThan(ListItem.VideoResolution,700)</visible>
                            <width>40</width>
                            <height>39</height>
                            <aspectratio>keep</aspectratio>
                            <texture>$INFO[ListItem.VideoResolution,badges/,.png]</texture>
                        </control>
                    </control>
                </control>
            </control>
            <control type="scrollbar" id="60">
                <visible>true</visible>
                <animation effect="fade" delay="200" time="300">VisibleChange</animation>
                <posx>98</posx>
                <posy>1065</posy>
                <width>1725</width>
                <height>9</height>
                <onup>500</onup>
                <ondown>500</ondown>
                <orientation>horizontal</orientation>
                <texturesliderbackground border="6,4,6,4">Scrollbar/HScrollbarBG.png</texturesliderbackground>
                <texturesliderbar border="6,4,6,4">Scrollbar/HScrollerNF.png</texturesliderbar>
                <texturesliderbarfocus border="6,4,6,4">Scrollbar/HScrollerFO.png</texturesliderbarfocus>
                <pulseonselect>false</pulseonselect>
                <showonepage>false</showonepage>
            </control>
        </control>
    </include>
</includes>
