<includes>
    <include name="BigIcons">
        <control type="group" description="Big Icons">
            <include>AEVOLVECommonBackground</include>
            <visible>Control.IsVisible(501)</visible>
            <control type="image" description="Text BG">
                <bottom>78</bottom>
                <left>0</left>
                <height>250</height>
                <width>1920</width>
                <texture>aevolve/listdark.png</texture>
            </control>
            <control type="fixedlist" id="501">
                <visible>Container.content(movies) | Container.content(tvshows) | Container.content(seasons)</visible>
                <posx>-240</posx>
                <posy>111</posy>
                <width>2400</width>
                <height>885</height>
                <onup condition="!Skin.HasSetting(ViewOptions_Hide)">9000</onup>
                <onup condition="Skin.HasSetting(ViewOptions_Hide)">-</onup>
                <ondown condition="Skin.HasSetting(Scrollbars_Active)">60</ondown>
                <ondown condition="!Skin.HasSetting(Scrollbars_Active)">-</ondown>
                <onleft>501</onleft>
                <onright>501</onright>
                <ondown>60</ondown>
                <pagecontrol>60</pagecontrol>
                <viewtype label="538">Big Icons 501</viewtype>
                <focusposition>2</focusposition>
                <movement>-</movement>
                <preloaditems>4</preloaditems>
                <orientation>horizontal</orientation>
                <scrolltime easing="inout">280</scrolltime>
                <itemlayout condition="Container.content(movies) | Container.content(tvshows) | Container.content(seasons)" width="480" height="750">
                    <control type="image" description="Thumb">
                        <posx>56</posx>
                        <posy>69</posy>
                        <height>543</height>
                        <width>369</width>
                        <aspectratio>scale</aspectratio>
                        <texture background="true">$INFO[ListItem.Icon]</texture>
                    </control>
                    <control type="image" description="Thumb">
                        <visible>!IsEmpty(ListItem.Thumb)</visible>
                        <posx>56</posx>
                        <posy>69</posy>
                        <height>543</height>
                        <width>369</width>
                        <aspectratio>stretch</aspectratio>
                        <texture border="3">img/CoverOverlay0.png</texture>
                    </control>
                </itemlayout>
                <focusedlayout condition="Container.content(movies) | Container.content(tvshows) | Container.content(seasons)" width="480" height="750">
                    <control type="image" description="Thumb">
                        <posx>56</posx>
                        <posy>69</posy>
                        <height>543</height>
                        <width>369</width>
                        <aspectratio>scale</aspectratio>
                        <texture background="true">$INFO[ListItem.Icon]</texture>
                    </control>
                    <control type="image" description="Thumb">
                        <visible>!IsEmpty(ListItem.Thumb)</visible>
                        <posx>56</posx>
                        <posy>69</posy>
                        <height>543</height>
                        <width>369</width>
                        <aspectratio>stretch</aspectratio>
                        <texture border="3">img/CoverOverlay0.png</texture>
                    </control>
                </focusedlayout>
            </control>
            <control type="image" description="Coverflow Selector">
                <posx>750</posx>
                <posy>156</posy>
                <width>420</width>
                <height>591</height>
                <texture border="28">img/Frame25.png</texture>
                <aspectratio>stretch</aspectratio>
            </control>
            <control type="image" description="Bottom fade">
                <posx>0</posx>
                <posy>0</posy>
                <width>1920</width>
                <height>1080</height>
                <texture>img/Vignette_MoviesCoverflow.png</texture>
                <aspectratio>stretch</aspectratio>
            </control>
            <control type="label" description="Media details">
                <posx>345</posx>
                <posy>777</posy>
                <width>1230</width>
                <align>center</align>
                <textcolor>White2</textcolor>
                <font>title</font>
                <label>$INFO[ListItem.Label]</label>
            </control>
            <control type="label" description="Media details">
                <visible>![System.IdleTime(1) + !IsEmpty(ListItem.Plot) + Container.Content(Movies)]</visible>
                <animation effect="fade" delay="200" time="300">VisibleChange</animation>
                <posx>360</posx>
                <posy>831</posy>
                <width>1200</width>
                <align>center</align>
                <font>size22</font>
                <textcolor>White2</textcolor>
                <label>$INFO[ListItem.Genre]</label>
            </control>
            <control type="label" description="Media details">
                <visible>![System.IdleTime(1) + !IsEmpty(ListItem.Plot) + Container.Content(Movies)]</visible>
                <animation effect="fade" delay="200" time="300">VisibleChange</animation>
                <posx>360</posx>
                <posy>870</posy>
                <width>1200</width>
                <align>center</align>
                <textcolor>Silver</textcolor>
                <label>$VAR[TopLabel]</label>
            </control>
            <control type="scrollbar" id="60">
                <posx>0</posx>
                <posy>995</posy>
                <width>1920</width>
                <height>9</height>
                <onup>501</onup>
                <ondown>noop</ondown>
                <orientation>horizontal</orientation>
                <texturesliderbackground border="6,4,6,4">Scrollbar/HScrollbarBG.png</texturesliderbackground>
                <texturesliderbar border="6,4,6,4">Scrollbar/HScrollerNF.png</texturesliderbar>
                <texturesliderbarfocus border="6,4,6,4">Scrollbar/HScrollerFO.png</texturesliderbarfocus>
            </control>
            <control type="textbox" description="Movies Plot">
                <visible>System.IdleTime(1) + !IsEmpty(ListItem.Plot) + Container.Content(Movies)</visible>
                <animation effect="fade" delay="500" start="0" end="100" time="500">Visible</animation>
                <animation effect="fade" end="0" time="200">Hidden</animation>
                <posx>360</posx>
                <posy>840</posy>
                <width>1200</width>
                <height>130</height>
                <font>size20</font>
                <align>justify</align>
                <aligny>bottom</aligny>
                <autoscroll delay="8000" time="4300" repeat="10000">Skin.HasSetting(AutoScroll)</autoscroll>
                <textcolor>Silver</textcolor>
                <label>$VAR[Plots]</label>
            </control>
        </control>
    </include>
</includes>
