<includes>
    <include name="PanelView">
        <control type="group" description="Panel view">
            <include>AEVOLVECommonBackground</include>
            <visible>Control.IsVisible(502)</visible>
            <control type="image" description="fanart">
                <posx>0</posx>
                <posy>0</posy>
                <width>1920</width>
                <height>1080</height>
                <fadetime>300</fadetime>
                <animation effect="fade" time="300">Visible</animation>
                <animation effect="fade" time="300">Hidden</animation>
                <aspectratio>stretch</aspectratio>
                <texture background="true">$INFO[ListItem.Property(Fanart_Image)]</texture>
            </control>
            <control type="image">
                <include>Dimensions_Fullscreen</include>
                <texture>img/Vignette_57.png</texture>
                <aspectratio>stretch</aspectratio>
            </control>
            <control type="group" description="Container and frame">
                <control type="panel" id="502" description="Grid">
                    <!-- <visible>Skin.HasSetting(AddViews)</visible> -->
                    <visible>Container.Content(Movies) | Container.content(tvshows) | container.content(seasons) | container.content(files) | container.content(episodes) | container.content(addons)</visible>
                    <viewtype label="$LOCALIZE[31976]">Panel</viewtype>
                    <posx>835</posx>
                    <posy>360</posy>
                    <width>1062</width>
                    <height>700</height>
                    <orientation>vertical</orientation>
                    <onleft condition="!Skin.HasSetting(ViewOptions_Hide)">9000</onleft>
                    <onleft condition="Skin.HasSetting(ViewOptions_Hide)">-</onleft>
                    <onright condition="Skin.HasSetting(Scrollbars_Active)">60</onright>
                    <onright condition="!Skin.HasSetting(Scrollbars_Active)">53</onright>
                    <onup>502</onup>
                    <ondown>502</ondown>
                    <preloaditems>4</preloaditems>
                    <pagecontrol>60</pagecontrol>
                    <scrolltime>400</scrolltime>
                    <itemlayout condition="container.content(files) | container.content(episodes)" height="233" width="354">
                        <control type="image">
                            <posx>37</posx>
                            <posy>14</posy>
                            <width>280</width>
                            <height>175</height>
                            <texture background="true">$INFO[ListItem.Icon]</texture>
                            <aspectratio>scale</aspectratio>
                        </control>
                        <control type="image">
                            <visible>!IsEmpty(ListItem.Thumb)</visible>
                            <posx>37</posx>
                            <posy>14</posy>
                            <width>280</width>
                            <height>175</height>
                            <texture border="3">img/CoverOverlay0.png</texture>
                            <aspectratio>stretch</aspectratio>
                        </control>
                        <control type="label">
                            <posx>177</posx>
                            <posy>190</posy>
                            <width>280</width>
                            <height>36</height>
                            <font>size16</font>
                            <textcolor>Grey</textcolor>
                            <shadowcolor>Black</shadowcolor>
                            <align>center</align>
                            <label>[B]$INFO[ListItem.Season,,x]$INFO[ListItem.Episode][/B]</label>
                        </control>
                    </itemlayout>
                    <focusedlayout condition="container.content(files) | container.content(episodes)" height="233" width="354">
                        <control type="image">
                            <posx>37</posx>
                            <posy>14</posy>
                            <width>280</width>
                            <height>175</height>
                            <texture background="true">$INFO[ListItem.Icon]</texture>
                            <aspectratio>scale</aspectratio>
                        </control>
                        <control type="image">
                            <visible>!IsEmpty(ListItem.Thumb)</visible>
                            <posx>37</posx>
                            <posy>14</posy>
                            <width>280</width>
                            <height>175</height>
                            <texture border="3">img/CoverOverlay0.png</texture>
                            <aspectratio>stretch</aspectratio>
                        </control>
                        <control type="label">
                            <posx>177</posx>
                            <posy>190</posy>
                            <width>280</width>
                            <height>36</height>
                            <font>size16</font>
                            <textcolor>White</textcolor>
                            <shadowcolor>Black</shadowcolor>
                            <align>center</align>
                            <label>[B]$INFO[ListItem.Season,,x]$INFO[ListItem.Episode][/B]</label>
                        </control>
                    </focusedlayout>
                    <itemlayout condition="Container.Content(Movies) | Container.content(tvshows) | container.content(seasons)" height="350" width="265">
                        <control type="image">
                            <posx>34</posx>
                            <posy>24</posy>
                            <width>197</width>
                            <height>294</height>
                            <texture background="true">$INFO[ListItem.Icon]</texture>
                            <aspectratio>scale</aspectratio>
                        </control>
                        <control type="image">
                            <visible>!IsEmpty(ListItem.Thumb)</visible>
                            <posx>34</posx>
                            <posy>24</posy>
                            <width>197</width>
                            <height>294</height>
                            <texture border="3">img/CoverOverlay0.png</texture>
                            <aspectratio>stretch</aspectratio>
                        </control>
            <control type="group">
              <visible>container.content(TVshows) | container.content(seasons)</visible>
              <control type="image">
                <visible>IntegerGreaterThan(ListItem.Property(UnwatchedEpisodes),0)</visible>
                <right>9</right>
                <top>9</top>
                <height>51</height>
                <width>51</width>
                <aspectratio>keep</aspectratio>
                <texture>overlay/UnwatchedNib.png</texture>
                <colordiffuse>Overlay</colordiffuse>
              </control>
              <control type="label" description="Label2">
                <visible>IntegerGreaterThan(ListItem.Property(UnwatchedEpisodes),0)</visible>
                <right>12</right>
                <top>12</top>
                <height>45</height>
                <width>45</width>
                <font>size16</font>
                <align>center</align>
                <textcolor>HL</textcolor>
                <label>[B]$INFO[ListItem.Property(UnwatchedEpisodes)][/B]</label>
              </control>
            </control>
                    </itemlayout>
                    <focusedlayout condition="Container.Content(Movies) | Container.content(tvshows) | container.content(seasons)" height="350" width="265">
                        <control type="image">
                            <posx>34</posx>
                            <posy>24</posy>
                            <width>197</width>
                            <height>294</height>
                            <texture background="true">$INFO[ListItem.Icon]</texture>
                            <aspectratio>scale</aspectratio>
                        </control>
                        <control type="image">
                            <visible>!IsEmpty(ListItem.Thumb)</visible>
                            <posx>34</posx>
                            <posy>24</posy>
                            <width>197</width>
                            <height>294</height>
                            <texture border="3">img/CoverOverlay0.png</texture>
                            <aspectratio>stretch</aspectratio>
                        </control>
                        <control type="group">
                            <visible>container.content(TVshows) | container.content(seasons)</visible>
                            <control type="image">
                                <visible>IntegerGreaterThan(ListItem.Property(UnwatchedEpisodes),0)</visible>
                                <posx>123</posx>
                                <posy>276</posy>
                                <height>45</height>
                                <width>150</width>
                                <aspectratio>keep</aspectratio>
                                <texture>badges/RedBadge.png</texture>
                            </control>
                            <control type="label" description="Label2">
                                <visible>IntegerGreaterThan(ListItem.Property(UnwatchedEpisodes),0)</visible>
                                <posx>197</posx>
                                <posy>270</posy>
                                <height>45</height>
                                <width>150</width>
                                <font>size16</font>
                                <scroll>true</scroll>
                                <align>center</align>
                                <scroll>false</scroll>
                                <textcolor>White</textcolor>
                                <label>$INFO[ListItem.Property(UnwatchedEpisodes)]</label>
                            </control>
                        </control>
                    </focusedlayout>
                    <itemlayout condition="container.content(addons)" height="350" width="354">
                        <control type="image">
                            <posx>45</posx>
                            <posy>9</posy>
                            <width>255</width>
                            <height>255</height>
                            <texture background="true">$INFO[ListItem.Icon]</texture>
                            <aspectratio>stretch</aspectratio>
                        </control>
                        <control type="image">
                            <posx>45</posx>
                            <posy>9</posy>
                            <width>255</width>
                            <height>255</height>
                            <texture border="3">img/CoverOverlay0.png</texture>
                            <aspectratio>stretch</aspectratio>
                        </control>
                    </itemlayout>
                    <focusedlayout condition="container.content(addons)" height="350" width="354">
                        <control type="image">
                            <posx>45</posx>
                            <posy>9</posy>
                            <width>255</width>
                            <height>255</height>
                            <texture background="true">$INFO[ListItem.Icon]</texture>
                            <aspectratio>stretch</aspectratio>
                        </control>
                        <control type="image">
                            <posx>45</posx>
                            <posy>9</posy>
                            <width>255</width>
                            <height>255</height>
                            <texture border="3">img/CoverOverlay0.png</texture>
                            <aspectratio>stretch</aspectratio>
                        </control>
                        <control type="label">
                            <animation effect="fade" start="0" end="100" time="200" delay="100">Focus</animation>
                            <posx>172</posx>
                            <posy>270</posy>
                            <width>270</width>
                            <height>45</height>
                            <font>size18</font>
                            <textcolor>White2</textcolor>
                            <shadowcolor>Black</shadowcolor>
                            <align>center</align>
                            <label>[B]$INFO[ListItem.Label][/B]</label>
                        </control>
                    </focusedlayout>
                </control>
                <control type="group" description="Media info">
                    <animation effect="fade" time="400">Visible</animation>
                    <animation effect="fade" time="0">Hidden</animation>
                    <posx>70</posx>
                    <posy>0</posy>
                    <control type="image" description="Overlay">
                        <visible>!SubString(ListItem.Path,videodb://movies/sets/)</visible>
                        <posx>-40</posx>
                        <posy>376</posy>
                        <height>32</height>
                        <width>60</width>
                        <aspectratio align="left">keep</aspectratio>
                        <texture>$VAR[Overlay]</texture>
                    </control>
                    <control type="image" description="Sets">
                        <visible>SubString(ListItem.Path,videodb://movies/sets/)</visible>
                        <posx>-57</posx>
                        <posy>376</posy>
                        <height>33</height>
                        <width>60</width>
                        <aspectratio>keep</aspectratio>
                        <texture>badges/setsFO.png</texture>
                    </control>
                    <control type="group" description="Media info Top">
                        <visible>!Container.Content(MusicVideos)</visible>
                        <posx>0</posx>
                        <posy>384</posy>
                        <control type="label" description="Main Label">
                            <posy>-12</posy>
                            <width>690</width>
                            <font>size22B</font>
                            <textcolor>White2</textcolor>
                            <include>Genre51Commons</include>
                            <label>$INFO[ListItem.Label]</label>
                        </control>
                        <control type="textbox" description="Plot51">
                            <width>690</width>
                            <height>440</height>
                            <include>Plot51Commons</include>
                            <label fallback="31979">$VAR[Plots]</label>
                        </control>
                    </control>
                    <control type="group" description="Media Info Bottom">
                        <visible>!Container.Content(MusicVideos)</visible>
                        <posx>0</posx>
                        <posy>816</posy>
                        <control type="label" description="MPAA">
                            <posy>90</posy>
                            <width>690</width>
                            <textcolor>White</textcolor>
                            <include>Genre51Commons</include>
                            <label>$INFO[ListItem.MPAA,[COLOR=Grey]$LOCALIZE[20074]:[/COLOR] ]</label>
                        </control>
                        <control type="label" description="Genre">
                            <visible>!container.content(episodes)</visible>
                            <width>690</width>
                            <posy>130</posy>
                            <textcolor>White</textcolor>
                            <include>Genre51Commons</include>
                            <label>$INFO[ListItem.Genre,[COLOR=Grey]$LOCALIZE[515]:[/COLOR] ]</label>
                        </control>
                        <control type="label" description="Genre">
                            <visible>container.content(episodes)</visible>
                            <posy>130</posy>
                            <width>690</width>
                            <textcolor>White</textcolor>
                            <include>Genre51Commons</include>
                            <label>$INFO[ListItem.RatingAndVotes,[COLOR=Grey]$LOCALIZE[563]:[/COLOR] ]</label>
                        </control>
                        <control type="label" description="Details">
                            <textcolor>White</textcolor>
                            <posy>171</posy>
                            <width>690</width>
                            <include>Genre51Commons</include>
                            <label>$VAR[500TopLabel,[COLOR=Grey]$LOCALIZE[33029]:[/COLOR] ]</label>
                        </control>
                    </control>
                    <control type="group">
                        <visible>Container.Content(MusicVideos)</visible>
                        <include>MusicInfo</include>
                    </control>
                </control>
                <control type="group" description="Frames">
                    <visible>Container.Content(Movies) | Container.content(tvshows) | container.content(seasons)</visible>
                    <animation condition="Control.HasFocus(60)" effect="slide" start="0,0" end="1890,540" time="200" reversible="true">Conditional</animation>
                    <animation condition="Control.HasFocus(60)" effect="zoom" start="100" end="0" time="200" reversible="true">Conditional</animation>
                    <animation condition="Control.HasFocus(60)" effect="fade" start="100" end="0" time="200" reversible="true">Conditional</animation>
                    <control type="image" description="Posters">
                        <posx>842</posx>
                        <posy>357</posy>
                        <width>251</width>
                        <height>348</height>
                        <texture border="28">img/Frame25.png</texture>
                        <aspectratio>stretch</aspectratio>
                        <animation condition="Container.Column(0)" effect="slide" easing="inout" start="0,0" end="0,0" time="220" reversible="true">Conditional</animation>
                        <animation condition="Container.Column(1)" effect="slide" easing="inout" start="0,0" end="265,0" time="220" reversible="true">Conditional</animation>
                        <animation condition="Container.Column(2)" effect="slide" easing="inout" start="0,0" end="530,0" time="220" reversible="true">Conditional</animation>
                        <animation condition="Container.Column(3)" effect="slide" easing="inout" start="0,0" end="795,0" time="220" reversible="true">Conditional</animation>
                        <animation condition="Container.Row(0)" effect="slide" easing="inout" start="0,0" end="0,0" time="220" reversible="true">Conditional</animation>
                        <animation condition="Container.Row(1)" effect="slide" easing="inout" start="0,0" end="0,350" time="220" reversible="true">Conditional</animation>
                    </control>
                </control>
                <control type="group" description="Frame Sliders">
                    <visible>container.content(files) | container.content(episodes)</visible>
                    <animation condition="Control.HasFocus(60)" effect="slide" start="0,0" end="1890,540" time="200" reversible="true">Conditional</animation>
                    <animation condition="Control.HasFocus(60)" effect="zoom" start="100" end="0" time="200" reversible="true">Conditional</animation>
                    <animation condition="Control.HasFocus(60)" effect="fade" start="100" end="0" time="200" reversible="true">Conditional</animation>
                    <control type="image" description="Generic">
                        <posx>846</posx>
                        <posy>348</posy>
                        <width>333</width>
                        <height>227</height>
                        <texture border="28">img/Frame25.png</texture>
                        <aspectratio>stretch</aspectratio>
                        <animation condition="Container.Column(0)" effect="slide" easing="inout" start="0,0" end="0,0" time="220" reversible="true">Conditional</animation>
                        <animation condition="Container.Column(1)" effect="slide" easing="inout" start="0,0" end="354,0" time="220" reversible="true">Conditional</animation>
                        <animation condition="Container.Column(2)" effect="slide" easing="inout" start="0,0" end="708,0" time="220" reversible="true">Conditional</animation>
                        <animation condition="Container.Row(0)" effect="slide" easing="inout" start="0,0" end="0,0" time="220" reversible="true">Conditional</animation>
                        <animation condition="Container.Row(1)" effect="slide" easing="inout" start="0,0" end="0,233" time="220" reversible="true">Conditional</animation>
                        <animation condition="Container.Row(2)" effect="slide" easing="inout" start="0,0" end="0,466" time="220" reversible="true">Conditional</animation>
                    </control>
                </control>
                <control type="group" description="Frame Sliders">
                    <visible>container.content(addons)</visible>
                    <animation condition="Control.HasFocus(60)" effect="slide" start="0,0" end="1890,540" time="200" reversible="true">Conditional</animation>
                    <animation condition="Control.HasFocus(60)" effect="zoom" start="100" end="0" time="200" reversible="true">Conditional</animation>
                    <animation condition="Control.HasFocus(60)" effect="fade" start="100" end="0" time="200" reversible="true">Conditional</animation>
                    <control type="image">
                        <posx>853</posx>
                        <posy>342</posy>
                        <width>309</width>
                        <height>309</height>
                        <texture border="28">img/Frame25.png</texture>
                        <aspectratio>stretch</aspectratio>
                        <animation condition="Container.Column(0)" effect="slide" start="0,0" end="0,0" time="220" reversible="true">Conditional</animation>
                        <animation condition="Container.Column(1)" effect="slide" start="0,0" end="354,0" time="220" reversible="true">Conditional</animation>
                        <animation condition="Container.Column(2)" effect="slide" start="0,0" end="708,0" time="220" reversible="true">Conditional</animation>
                        <animation condition="Container.Row(0)" effect="slide" start="0,0" end="0,0" time="220" reversible="true">Conditional</animation>
                        <animation condition="Container.Row(1)" effect="slide" start="0,0" end="0,350" time="220" reversible="true">Conditional</animation>
                    </control>
                </control>
            </control>
            <control type="scrollbar" id="60">
                <posx>30r</posx>
                <posy>360</posy>
                <height>600</height>
                <onleft>502</onleft>
                <onright>noop</onright>
            </control>
        </control>
    </include>
</includes>
