<includes>
    <include name="BannerWall">
        <control type="group" description="Banner wall">
            <include>MiniBackground</include>
            <visible>Control.IsVisible(55)</visible>
            <control type="group" description="Container and frame">
                <control type="panel" id="55" description="Panel">
                    <!-- <visible>Skin.HasSetting(AddViews)</visible> -->
                    <visible>!IsEmpty(Container.FolderPath)</visible>
                    <viewtype label="539">Wide Icons grid</viewtype>
                    <posx>66</posx>
                    <posy>210</posy>
                    <width>1800</width>
                    <height>898</height>
                    <orientation>vertical</orientation>
                    <onup>55</onup>
                    <ondown>55</ondown>
                    <onleft condition="!Skin.HasSetting(ViewOptions_Hide)">9000</onleft>
                    <onright condition="Skin.HasSetting(Scrollbars_Active)">60</onright>
                    <preloaditems>4</preloaditems>
                    <pagecontrol>60</pagecontrol>
                    <scrolltime>400</scrolltime>
                    <itemlayout condition="container.content(tvshows)" height="225" width="900">
                        <control type="image">
                            <posx>63</posx>
                            <posy>168</posy>
                            <width>771</width>
                            <height>144</height>
                            <texture flipy="true" diffuse="img/Reflection0.png" background="true">$VAR[Banner]</texture>
                            <aspectratio>keep</aspectratio>
                        </control>
                        <control type="image">
                            <posx>63</posx>
                            <posy>24</posy>
                            <width>771</width>
                            <height>144</height>
                            <texture background="true">$VAR[Banner]</texture>
                            <aspectratio>keep</aspectratio>
                        </control>
                        <control type="image">
                            <posx>63</posx>
                            <posy>24</posy>
                            <width>771</width>
                            <height>144</height>
                            <texture border="3">img/CoverOverlay0.png</texture>
                            <aspectratio>stretch</aspectratio>
                        </control>
                        <control type="image">
                            <visible>IntegerGreaterThan(ListItem.Property(UnwatchedEpisodes),0)</visible>
                            <posx>723</posx>
                            <posy>123</posy>
                            <height>45</height>
                            <width>150</width>
                            <aspectratio>keep</aspectratio>
                            <texture>badges/RedBadge.png</texture>
                        </control>
                        <control type="label" description="Label2">
                            <visible>IntegerGreaterThan(ListItem.Property(UnwatchedEpisodes),0)</visible>
                            <posx>798</posx>
                            <posy>117</posy>
                            <height>45</height>
                            <width>150</width>
                            <font>size17</font>
                            <scroll>true</scroll>
                            <align>center</align>
                            <scroll>false</scroll>
                            <textcolor>Grey2</textcolor>
                            <label>[B]$INFO[ListItem.Property(UnwatchedEpisodes)][/B]</label>
                        </control>
                    </itemlayout>
                    <focusedlayout condition="container.content(tvshows)" height="225" width="900">
                        <control type="image">
                            <animation effect="fade" start="100" end="20" delay="100" time="200" reversible="true">Focus</animation>
                            <posx>63</posx>
                            <posy>168</posy>
                            <width>771</width>
                            <height>144</height>
                            <texture flipy="true" diffuse="img/Reflection0.png" background="true">$VAR[Banner]</texture>
                            <aspectratio>keep</aspectratio>
                        </control>
                        <control type="image">
                            <posx>63</posx>
                            <posy>24</posy>
                            <width>771</width>
                            <height>144</height>
                            <texture background="true">$VAR[Banner]</texture>
                            <aspectratio>keep</aspectratio>
                        </control>
                        <control type="image">
                            <posx>63</posx>
                            <posy>24</posy>
                            <width>771</width>
                            <height>144</height>
                            <texture border="3">img/CoverOverlay0.png</texture>
                            <aspectratio>stretch</aspectratio>
                        </control>
                        <control type="label">
                            <animation effect="fade" start="0" end="100" time="300" delay="200">Focus</animation>
                            <posx>450</posx>
                            <posy>180</posy>
                            <width>750</width>
                            <height>45</height>
                            <font>size18</font>
                            <textcolor>White2</textcolor>
                            <shadowcolor>Black</shadowcolor>
                            <align>center</align>
                            <label>[B]$INFO[ListItem.Label][/B]</label>
                        </control>
                        <control type="image">
                            <visible>IntegerGreaterThan(ListItem.Property(UnwatchedEpisodes),0)</visible>
                            <posx>723</posx>
                            <posy>123</posy>
                            <height>45</height>
                            <width>150</width>
                            <aspectratio>keep</aspectratio>
                            <texture>badges/RedBadge.png</texture>
                        </control>
                        <control type="label" description="Label2">
                            <visible>IntegerGreaterThan(ListItem.Property(UnwatchedEpisodes),0)</visible>
                            <posx>798</posx>
                            <posy>117</posy>
                            <height>45</height>
                            <width>150</width>
                            <font>size17</font>
                            <scroll>true</scroll>
                            <align>center</align>
                            <scroll>false</scroll>
                            <textcolor>White2</textcolor>
                            <label>[B]$INFO[ListItem.Property(UnwatchedEpisodes)][/B]</label>
                        </control>
                    </focusedlayout>
                    <itemlayout height="225" width="900">
                        <control type="image">
                            <posx>63</posx>
                            <posy>24</posy>
                            <width>771</width>
                            <height>144</height>
                            <texture background="true">$INFO[ListItem.Icon]</texture>
                            <bordertexture border="3">img/ThumbBorder3.png</bordertexture>
                            <bordersize>1</bordersize>
                            <aspectratio>keep</aspectratio>
                        </control>
                    </itemlayout>
                    <focusedlayout height="225" width="900">
                        <control type="image">
                            <posx>63</posx>
                            <posy>24</posy>
                            <width>771</width>
                            <height>144</height>
                            <texture background="true">$INFO[ListItem.Icon]</texture>
                            <bordertexture border="3">img/ThumbBorder3.png</bordertexture>
                            <bordersize>1</bordersize>
                            <aspectratio>keep</aspectratio>
                        </control>
                        <control type="label">
                            <animation effect="fade" start="0" end="100" time="300" delay="200">Focus</animation>
                            <posx>450</posx>
                            <posy>180</posy>
                            <width>750</width>
                            <height>45</height>
                            <font>size18</font>
                            <textcolor>White2</textcolor>
                            <shadowcolor>Black</shadowcolor>
                            <align>center</align>
                            <label>[B]$INFO[ListItem.Label][/B]</label>
                        </control>
                    </focusedlayout>
                </control>
                <control type="group" description="Frame Sliders">
                    <animation condition="Control.HasFocus(60)" effect="slide" start="0,0" end="1890,540" time="200" reversible="true">Conditional</animation>
                    <animation condition="Control.HasFocus(60)" effect="zoom" start="100" end="0" time="200" reversible="true">Conditional</animation>
                    <animation condition="Control.HasFocus(60)" effect="fade" start="100" end="0" time="200" reversible="true">Conditional</animation>
                    <control type="image">
                        <posx>102</posx>
                        <posy>207</posy>
                        <width>825</width>
                        <height>198</height>
                        <texture border="28">img/Frame25.png</texture>
                        <aspectratio>stretch</aspectratio>
                        <animation condition="Container.Column(0)" effect="slide" start="0,0" end="0,0" time="200" reversible="true">Conditional</animation>
                        <animation condition="Container.Column(1)" effect="slide" start="0,0" end="900,0" time="200" reversible="true">Conditional</animation>
                        <animation condition="Container.Row(0)" effect="slide" start="0,0" end="0,0" time="200" reversible="true">Conditional</animation>
                        <animation condition="Container.Row(1)" effect="slide" start="0,0" end="0,225" time="200" reversible="true">Conditional</animation>
                        <animation condition="Container.Row(2)" effect="slide" start="0,0" end="0,450" time="200" reversible="true">Conditional</animation>
                        <animation condition="Container.Row(3)" effect="slide" start="0,0" end="0,675" time="200" reversible="true">Conditional</animation>
                        <animation condition="Container.Row(4)" effect="slide" start="0,0" end="0,900" time="200" reversible="true">Conditional</animation>
                    </control>
                </control>
            </control>
            <control type="image" description="Line Split">
                <posx>129</posx>
                <posy>164</posy>
                <width>1674</width>
                <height>1</height>
                <texture>img/LineL.png</texture>
                <aspectratio>stretch</aspectratio>
            </control>
            <control type="grouplist" description="Media Header">
                <posx>129</posx>
                <posy>54</posy>
                <width>930</width>
                <height>75</height>
                <align>left</align>
                <aligny>bottom</aligny>
                <orientation>horizontal</orientation>
                <control type="label" id="7777" description="Heading">
                    <width min="60" max="930">auto</width>
                    <height>75</height>
                    <font>size28</font>
                    <textcolor>White2</textcolor>
                    <label>$VAR[GlobalHeadings]</label>
                </control>
                <control type="label" description="Number of files">
                    <visible>!IsEmpty(Control.GetLabel(7777))</visible>
                    <width min="60" max="120">auto</width>
                    <height>81</height>
                    <font>size17</font>
                    <textcolor>Grey</textcolor>
                    <label>$INFO[Container.NumItems, (,)]</label>
                </control>
            </control>
            <control type="label" description="Media details">
                <posx>129</posx>
                <posy>117</posy>
                <width>1350</width>
                <textcolor>Silver</textcolor>
                <include>Genre51Commons</include>
                <label>$INFO[ListItem.Label] [COLOR=Grey]$VAR[TopLabel][/COLOR]</label>
            </control>
            <control type="image" description="Rating">
                <visible>!IsEmpty(ListItem.Rating)</visible>
                <posx>240r</posx>
                <posy>117</posy>
                <include>10Rating</include>
            </control>

            <control type="scrollbar" id="60">
                <posx>10r</posx>
                <posy>300</posy>
                <height>740</height>
                <onleft>53</onleft>
                <onright>9000</onright>
            </control>
        </control>
    </include>
</includes>
