<includes>
    <include name="FanArt1">
        <control type="group" description="Fanart 1">
            <include>MiniBackground</include>
            <visible>Control.IsVisible(57)</visible>
            <control type="image" description="fanart">
                <posx>0</posx>
                <posy>0</posy>
                <width>1920</width>
                <height>1080</height>
                <fadetime>300</fadetime>
                <animation effect="fade" time="300">Visible</animation>
                <animation effect="fade" time="300">Hidden</animation>
                <aspectratio>stretch</aspectratio>
                <texture background="true">$INFO[ListItem.Property(Fanart_Image)]</texture>
            </control>
            <control type="image">
                <include>Dimensions_Fullscreen</include>
                <texture>img/Vignette_57.png</texture>
                <aspectratio>stretch</aspectratio>
            </control>
            <control type="group" description="Faded Info thumbs">
                <animation effect="fade" delay="100" time="300">Visible</animation>
                <animation effect="fade" time="0">Hidden</animation>
                <posx>60</posx>
                <posy>406</posy>
                <control type="group" description="Regular Posters">
                    <control type="image" description="Thumb">
                        <posx>0</posx>
                        <posy>0</posy>
                        <width>330</width>
                        <height>480</height>
                        <include>Icon_Fade</include>
                        <texture background="true">$INFO[ListItem.Icon]</texture>
                        <aspectratio>scale</aspectratio>
                    </control>
                    <control type="image" description="Thumb">
                        <posx>0</posx>
                        <posy>0</posy>
                        <width>330</width>
                        <height>480</height>
                        <include>Icon_Fade</include>
                        <texture border="3">img/CoverOverlay0.png</texture>
                        <aspectratio>stretch</aspectratio>
                    </control>
                </control>
            </control>
            <!--<control type="group" description="Thumbs no info">
			<posy>285</posy>
			<visible>IsEmpty(ListItem.Plot)</visible>
			<animation effect="fade" delay="100" time="300">Visible</animation>
			<animation effect="fade" time="0">Hidden</animation>
			<control type="image" description="Thumb Reflection">
			  <posx>180</posx>
			  <posy>720</posy>
			  <width>621</width>
			  <height>720</height>
			  <include>Icon_Fade</include>
			  <texture background="true" diffuse="img/Reflection0Long.png" flipy="true">$INFO[ListItem.Thumb]</texture>
			  <aspectratio aligny="top">keep</aspectratio>
			</control>
			<control type="image" description="Thumb">
			  <posx>180</posx>
			  <posy>0</posy>
			  <width>621</width>
			  <height>720</height>
			  <include>Icon_Fade</include>
			  <texture background="true">$INFO[ListItem.Icon]</texture>
			  <aspectratio aligny="bottom">keep</aspectratio>
			</control>
			<control type="image" description="Thumb">
			  <posx>180</posx>
			  <posy>0</posy>
			  <width>621</width>
			  <height>720</height>
			  <include>Icon_Fade</include>
			  <bordertexture border="3">img/CoverOverlay0.png</bordertexture>
			  <texture diffuse="img/DiffuseE.png" background="true">$INFO[ListItem.Thumb]</texture>
			  <aspectratio aligny="bottom">keep</aspectratio>
			</control>
		  </control>-->
            <control type="group" description="Media info">
                <animation effect="fade" delay="100" time="300">Visible</animation>
                <animation effect="fade" time="0">Hidden</animation>
                <posx>60</posx>
                <posy>47</posy>
                <!--<control type="image" description="Line">
			  <posx>0</posx>
			  <posy>860</posy>
			  <height>1</height>
			  <width>880</width>
			  <texture>img/LineST.png</texture>
			</control>-->
                <control type="group">
                    <posx>390</posx>
                    <posy>300</posy>
                    <control type="textbox" description="Plot51">
                        <posy>63</posy>
                        <width>470</width>
                        <height>490</height>
                        <include>Plot51Commons</include>
                        <label>$VAR[Plots]</label>
                    </control>
                </control>
                <control type="group" description="Right">
                    <posx>0</posx>
                    <posy>752</posy>
                    <control type="label" description="Genre">
                        <posy>130</posy>
                        <width>860</width>
                        <include>Genre500Commons</include>
                        <label>[COLOR=Grey]$LOCALIZE[515]:[/COLOR] $INFO[ListItem.Genre]</label>
                    </control>
                    <control type="label" description="Details">
                        <posy>170</posy>
                        <height>33</height>
                        <width>860</width>
                        <include>Genre500Commons</include>
                        <label>[COLOR=Grey]$LOCALIZE[33029]:[/COLOR] $VAR[500TopLabel]$VAR[Trailer, � ]$INFO[ListItem.MPAA, � ]</label>
                    </control>
                    <!--<control type="label" description="MPAA">
				<posy>200</posy>
				<include>Genre500Commons</include>
				<label>[COLOR=Grey]$LOCALIZE[20074]:[/COLOR] $INFO[ListItem.MPAA]</label>
			  </control>-->
                </control>
            </control>
            <control type="group">
                <animation effect="slide" start="0,0" end="0,-243" time="0" condition="StringCompare(Container.NumItems,1)">conditional</animation>
                <animation effect="slide" start="0,0" end="0,-243" time="0" condition="StringCompare(Container.NumItems,2)">conditional</animation>
                <animation effect="slide" start="0,0" end="0,-162" time="0" condition="StringCompare(Container.NumItems,3)">conditional</animation>
                <animation effect="slide" start="0,0" end="0,-162" time="0" condition="StringCompare(Container.NumItems,4)">conditional</animation>
                <animation effect="slide" start="0,0" end="0,-81" time="0" condition="StringCompare(Container.NumItems,5)">conditional</animation>
                <animation effect="slide" start="0,0" end="0,-81" time="0" condition="StringCompare(Container.NumItems,6)">conditional</animation>
                <posx>1040</posx>
                <posy>484</posy>
                <control type="group" description="Slider">
                    <animation condition="Control.HasFocus(60)" effect="slide" start="0,0" end="960,519" time="300" reversible="true">Conditional</animation>
                    <animation condition="Control.HasFocus(60)" effect="zoom" start="100" end="0" time="300" reversible="true">Conditional</animation>
                    <include>Slider4</include>
                    <animation condition="Container(57).Position(0)" effect="slide" start="0,0" end="0,-405" time="180" easing="inout" reversible="true">Conditional</animation>
                    <animation condition="Container(57).Position(1)" effect="slide" start="0,0" end="0,-324" time="180" easing="inout" reversible="true">Conditional</animation>
                    <animation condition="Container(57).Position(2)" effect="slide" start="0,0" end="0,-243" time="180" easing="inout" reversible="true">Conditional</animation>
                    <animation condition="Container(57).Position(3)" effect="slide" start="0,0" end="0,-162" time="180" easing="inout" reversible="true">Conditional</animation>
                    <animation condition="Container(57).Position(4)" effect="slide" start="0,0" end="0,-81" time="180" easing="inout" reversible="true">Conditional</animation>
                    <animation condition="Container(57).Position(5)" effect="slide" start="0,0" end="0,0" time="180" easing="inout" reversible="true">Conditional</animation>
                    <animation condition="Container(57).Position(6)" effect="slide" start="0,0" end="0,81" time="180" easing="inout" reversible="true">Conditional</animation>
                    <animation condition="Container(57).Position(7)" effect="slide" start="0,0" end="0,162" time="180" easing="inout" reversible="true">Conditional</animation>
                    <animation condition="Container(57).Position(8)" effect="slide" start="0,0" end="0,243" time="180" easing="inout" reversible="true">Conditional</animation>
                    <animation condition="Container(57).Position(9)" effect="slide" start="0,0" end="0,324" time="180" easing="inout" reversible="true">Conditional</animation>
                    <animation condition="Container(57).Position(10)" effect="slide" start="0,0" end="0,405" time="180" easing="inout" reversible="true">Conditional</animation>
                </control>
                <control type="fixedlist" id="57">
                    <!-- <visible>Skin.HasSetting(AddViews)</visible>
			  <visible>container.content(Movies) | container.content(TVshows) | container.content(seasons)</visible> -->
                    <posx>0</posx>
                    <posy>0</posy>
                    <width>802</width>
                    <height>648</height>
                    <onleft condition="!Skin.HasSetting(ViewOptions_Hide)">9000</onleft>
                    <onleft condition="Skin.HasSetting(ViewOptions_Hide)">-</onleft>
                    <onright condition="Skin.HasSetting(Scrollbars_Active)">60</onright>
                    <onright condition="!Skin.HasSetting(Scrollbars_Active)">-</onright>
                    <onup>57</onup>
                    <ondown>57</ondown>
                    <pagecontrol>60</pagecontrol>
                    <viewtype label="$LOCALIZE[20445] 1">Fanart 1</viewtype>
                    <focusposition>3</focusposition>
                    <movement>4</movement>
                    <preloaditems>4</preloaditems>
                    <scrolltime tween="sine" easing="inout">280</scrolltime>
                    <itemlayout width="802" height="81">
                        <include>Watched_Marks</include>
                        <include>HD_Badge</include>
                        <include>3D_Badge</include>
                        <include>Sets</include>
                        <include>Unwatched_Badge</include>
                        <control type="label" description="Main Label">
                            <visible>!IntegerGreaterThan(ListItem.VideoResolution,700)</visible>
                            <width>720</width>
                            <include>52MainLabel</include>
                            <label>$INFO[ListItem.Label]</label>
                        </control>
                        <control type="label" description="Main Label">
                            <visible>IntegerGreaterThan(ListItem.VideoResolution,700)</visible>
                            <include>52MainLabel</include>
                            <label>$INFO[ListItem.Label]</label>
                        </control>
                        <control type="label" description="Label2">
                            <visible>container.content(musicvideos)</visible>
                            <include>52Label2</include>
                            <scroll>false</scroll>
                            <textcolor>White</textcolor>
                            <label>$INFO[ListItem.Duration]</label>
                        </control>
                    </itemlayout>
                    <focusedlayout width="802" height="81">
                        <include>Watched_Marks</include>
                        <include>HD_Badge</include>
                        <include>3D_Badge</include>
                        <include>SetsFO</include>
                        <include>Unwatched_BadgeFO</include>
                        <control type="label" description="Main Label">
                            <visible>!IntegerGreaterThan(ListItem.VideoResolution,700)</visible>
                            <width>720</width>
                            <include>52MainLabelFO</include>
                            <label>$INFO[ListItem.Label]</label>
                        </control>
                        <control type="label" description="Main Label">
                            <visible>IntegerGreaterThan(ListItem.VideoResolution,700)</visible>
                            <include>52MainLabelFO</include>
                            <label>$INFO[ListItem.Label]</label>
                        </control>
                        <control type="label" description="Label2">
                            <visible>container.content(musicvideos)</visible>
                            <include>52Label2FO</include>
                            <label>$INFO[ListItem.Duration]</label>
                        </control>
                    </focusedlayout>
                </control>
            </control>
            <control type="scrollbar" id="60">
                <posx>39r</posx>
                <posy>399</posy>
                <height>630</height>
                <onleft>57</onleft>
                <onright>noop</onright>
            </control>
        </control>
    </include>
</includes>
