<?xml version="1.0" encoding="UTF-8" ?>
<includes>
    <include name="DefaultMediaInfo">
        <control type="group" description="Media info">
            <visible>!IsEmpty(ListItem.Plot) | [container.content(seasons) + !StringCompare(ListItem.Label,..) + Control.IsVisible(54)]</visible>
            <animation effect="fade" delay="100" time="300">Visible</animation>
            <animation effect="fade" time="0">Hidden</animation>
            <posx>112</posx>
            <posy>27</posy>
            <control type="group">
                <posx>0</posx>
                <posy>663</posy>
                <control type="label" description="Main Label">
                    <visible>!IsEmpty(ListItem.Rating)</visible>
                    <width>608</width>
                    <font>size22B</font>
                    <textcolor>White2</textcolor>
                    <include>Genre51Commons</include>
                    <label>$INFO[ListItem.Title]</label>
                </control>
                <control type="label" description="Main Label">
                    <visible>IsEmpty(ListItem.Rating)</visible>
                    <width>762</width>
                    <font>size22B</font>
                    <textcolor>White2</textcolor>
                    <include>Genre51Commons</include>
                    <label>$INFO[ListItem.Title]</label>
                </control>
                <control type="image" description="Rating">
                    <posx>622</posx>
                    <posy>0</posy>
                    <include>10Rating</include>
                </control>
                <control type="textbox" description="Plot51">
                    <include>Plot51Commons</include>
                    <label>$VAR[Plots]</label>
                </control>
                <control type="label" description="1 Bottom Label">
                    <visible>!container.content(episodes)</visible>
                    <posy>240</posy>
                    <include>Genre51Commons</include>
                    <label>$INFO[ListItem.Genre]</label>
                </control>
                <control type="label" description="2 bottom Label">
                    <posy>285</posy>
                    <include>Genre51Commons</include>
                    <label>$VAR[TopLabel]</label>
                </control>
            </control>
        </control>
    </include>
    <include name="DefaultInfoThumbs">
        <control type="group" description="Thumbs no info">
            <posy>240</posy>
            <visible>IsEmpty(ListItem.Plot)</visible>
            <animation effect="fade" time="400">Visible</animation>
            <animation effect="fade" time="0">Hidden</animation>
            <control type="image" description="Thumb Reflection">
                <visible>!IsEmpty(ListItem.Thumb)</visible>
                <posx>180</posx>
                <posy>720</posy>
                <width>621</width>
                <height>720</height>
                <include>Icon_Fade</include>
                <texture background="true" diffuse="img/Reflection0Long.png" flipy="true">$INFO[ListItem.Icon]</texture>
                <aspectratio aligny="top">keep</aspectratio>
            </control>
            <control type="image" description="Thumb">
                <posx>180</posx>
                <posy>0</posy>
                <width>621</width>
                <height>720</height>
                <include>Icon_Fade</include>
                <texture background="true">$INFO[ListItem.Icon]</texture>
                <aspectratio aligny="bottom">keep</aspectratio>
            </control>
            <control type="image" description="Thumb">
                <visible>!IsEmpty(ListItem.Thumb)</visible>
                <posx>180</posx>
                <posy>0</posy>
                <width>621</width>
                <height>720</height>
                <include>Icon_Fade</include>
                <bordertexture border="3">img/CoverOverlay0.png</bordertexture>
                <texture diffuse="img/DiffuseE.png" background="true">$INFO[ListItem.Icon]</texture>
                <aspectratio aligny="bottom">keep</aspectratio>
            </control>
        </control>
        <control type="group" description="Thumbs with info">
            <posy>60</posy>
            <posx>120</posx>
            <visible>!IsEmpty(ListItem.Plot)</visible>
            <animation effect="fade" time="400">Visible</animation>
            <animation effect="fade" time="0">Hidden</animation>
            <control type="image" description="Reflection">
                <visible>!IsEmpty(ListItem.Thumb)</visible>
                <posx>0</posx>
                <posy>540</posy>
                <width>756</width>
                <height>540</height>
                <include>Icon_Fade</include>
                <texture background="true" diffuse="img/Reflection0.png" flipy="true">$INFO[ListItem.Icon]</texture>
                <aspectratio aligny="top">keep</aspectratio>
            </control>
            <control type="image" description="Thumb">
                <posx>0</posx>
                <posy>0</posy>
                <width>756</width>
                <height>540</height>
                <include>Icon_Fade</include>
                <texture background="true">$INFO[ListItem.Icon]</texture>
                <aspectratio aligny="bottom">keep</aspectratio>
            </control>
            <control type="image" description="Thumb Overlay">
                <visible>!IsEmpty(ListItem.Thumb)</visible>
                <posx>0</posx>
                <posy>0</posy>
                <width>756</width>
                <height>540</height>
                <bordertexture border="3">img/CoverOverlay0.png</bordertexture>
                <texture diffuse="img/DiffuseE.png" background="true">$INFO[ListItem.Icon]</texture>
                <aspectratio aligny="bottom">keep</aspectratio>
            </control>
        </control>
    </include>
    <include name="DefaultThumbs">
        <control type="group" description="Thumbs no info">
            <posy>240</posy>
            <control type="image" description="Thumb Reflection">
                <posx>180</posx>
                <posy>720</posy>
                <width>621</width>
                <height>720</height>
                <include>Icon_Fade</include>
                <texture background="true" flipy="true">$INFO[ListItem.Icon]</texture>
                <aspectratio aligny="top">keep</aspectratio>
                <colordiffuse>33FFFFFF</colordiffuse>
            </control>
            <control type="image" description="Thumb">
                <posx>180</posx>
                <posy>0</posy>
                <width>621</width>
                <height>720</height>
                <include>Icon_Fade</include>
                <texture background="true">$INFO[ListItem.Icon]</texture>
                <aspectratio aligny="bottom">keep</aspectratio>
            </control>
            <control type="image" description="Thumb">
                <visible>!IsEmpty(ListItem.Thumb)</visible>
                <posx>180</posx>
                <posy>0</posy>
                <width>621</width>
                <height>720</height>
                <include>Icon_Fade</include>
                <bordertexture border="3">img/CoverOverlay0.png</bordertexture>
                <texture diffuse="img/DiffuseE.png" background="true">$INFO[ListItem.Icon]</texture>
                <aspectratio aligny="bottom">keep</aspectratio>
            </control>
        </control>
    </include>
    <include name="DefaultSquareThumbs">
        <control type="group" description="Thumbs no info">
            <posx>180</posx>
            <posy>240</posy>
            <visible>ListItem.IsFolder | container.content(addons)</visible>
            <animation effect="fade" time="400">Visible</animation>
            <animation effect="fade" time="0">Hidden</animation>
            <camera x="495" y="630" />
            <animation effect="rotatey" start="0" end="-9" center="495," time="0" reversible="false" condition="container.content(albums) | Container.content(artists)">Conditional</animation>
            <control type="image" description="Thumb">
                <posx>0</posx>
                <posy>0</posy>
                <width>621</width>
                <height>720</height>
                <include>Icon_Fade</include>
                <texture diffuse="img/Diffuse1.png" background="true">$INFO[ListItem.Icon]</texture>
                <aspectratio aligny="bottom">keep</aspectratio>
            </control>
            <control type="image" description="Thumb Reflection">
                <posx>0</posx>
                <posy>718</posy>
                <width>621</width>
                <height>720</height>
                <include>Icon_Fade</include>
                <texture background="true" diffuse="img/Reflection1Long.png" flipy="true">$INFO[ListItem.Thumb]</texture>
                <aspectratio aligny="top">keep</aspectratio>
            </control>
        </control>
        <control type="group" description="Faded Info thumbs">
            <visible>![ListItem.IsFolder | Container.content(Addons)]</visible>
            <animation effect="fade" time="400">Visible</animation>
            <animation effect="fade" time="0">Hidden</animation>
            <posx>0</posx>
            <posy>0</posy>
            <control type="group" description="Music Square">
                <posx>225</posx>
                <posy>90</posy>
                <control type="image" description="Thumb Reflection">
                    <visible>!IsEmpty(ListItem.Thumb)</visible>
                    <posy>600</posy>
                    <width>600</width>
                    <height>600</height>
                    <include>Icon_Fade</include>
                    <texture background="true" diffuse="img/Reflection0.png" flipy="true">$INFO[ListItem.Thumb]</texture>
                    <aspectratio>stretch</aspectratio>
                </control>
                <control type="image" description="Thumb">
                    <width>600</width>
                    <height>600</height>
                    <include>Icon_Fade</include>
                    <texture background="true">$INFO[ListItem.Icon]</texture>
                    <aspectratio aligny="bottom">stretch</aspectratio>
                </control>
                <control type="image" description="Thumb">
                    <visible>!IsEmpty(ListItem.Thumb)</visible>
                    <width>600</width>
                    <height>600</height>
                    <include>Icon_Fade</include>
                    <texture border="3">img/CoverOverlay0.png</texture>
                    <aspectratio>stretch</aspectratio>
                </control>
            </control>
        </control>
    </include>
    <include name="SlimListItemCount">
        <animation effect="slide" start="0,0" end="0,-405" time="0" condition="StringCompare(Container.NumItems,1) | StringCompare(Container.NumItems,0)">conditional</animation>
        <animation effect="slide" start="0,0" end="0,-324" time="0" condition="StringCompare(Container.NumItems,2)">conditional</animation>
        <animation effect="slide" start="0,0" end="0,-324" time="0" condition="StringCompare(Container.NumItems,3)">conditional</animation>
        <animation effect="slide" start="0,0" end="0,-243" time="0" condition="StringCompare(Container.NumItems,4)">conditional</animation>
        <animation effect="slide" start="0,0" end="0,-243" time="0" condition="StringCompare(Container.NumItems,5)">conditional</animation>
        <animation effect="slide" start="0,0" end="0,-162" time="0" condition="StringCompare(Container.NumItems,6)">conditional</animation>
        <animation effect="slide" start="0,0" end="0,-162" time="0" condition="StringCompare(Container.NumItems,7)">conditional</animation>
        <!--    <animation effect="slide" start="0,0" end="0,-81" time="0" condition="StringCompare(Container.NumItems,8)">conditional</animation>
    <animation effect="slide" start="0,0" end="0,-81" time="0" condition="StringCompare(Container.NumItems,9)">conditional</animation>-->
    </include>
    <include name="LargeListItemCount">
        <animation effect="slide" start="0,0" end="0,-333" time="0" condition="StringCompare(Container.NumItems,1)">conditional</animation>
        <animation effect="slide" start="0,0" end="0,-222" time="0" condition="StringCompare(Container.NumItems,2)">conditional</animation>
        <animation effect="slide" start="0,0" end="0,-222" time="0" condition="StringCompare(Container.NumItems,3)">conditional</animation>
        <animation effect="slide" start="0,0" end="0,-111" time="0" condition="StringCompare(Container.NumItems,4)">conditional</animation>
        <animation effect="slide" start="0,0" end="0,-111" time="0" condition="StringCompare(Container.NumItems,5)">conditional</animation>
    </include>
    <include name="LargeListSlider">
        <control type="group" description="Slider">
            <animation condition="Control.HasFocus(60)" effect="slide" start="0,0" end="960,540" time="300" reversible="true">Conditional</animation>
            <animation condition="Control.HasFocus(60)" effect="zoom" start="100" end="0" time="300" reversible="true">Conditional</animation>
            <include>Slider5</include>
            <animation condition="Container.Position(0)" effect="slide" start="0,0" end="0,-333" time="180" easing="inout" reversible="true">Conditional</animation>
            <animation condition="Container.Position(1)" effect="slide" start="0,0" end="0,-222" time="180" easing="inout" reversible="true">Conditional</animation>
            <animation condition="Container.Position(2)" effect="slide" start="0,0" end="0,-111" time="180" easing="inout" reversible="true">Conditional</animation>
            <animation condition="Container.Position(4)" effect="slide" start="0,0" end="0,111" time="180" easing="inout" reversible="true">Conditional</animation>
            <animation condition="Container.Position(5)" effect="slide" start="0,0" end="0,222" time="180" easing="inout" reversible="true">Conditional</animation>
            <animation condition="Container.Position(6)" effect="slide" start="0,0" end="0,333" time="180" easing="inout" reversible="true">Conditional</animation>
            <animation condition="Container.Position(7)" effect="slide" start="0,0" end="0,444" time="180" easing="inout" reversible="true">Conditional</animation>
        </control>
    </include>
    <include name="SlimListSlider">
        <control type="group" description="Slider">
            <include>Slider4</include>
            <animation condition="Container.Position(0)" effect="slide" start="0,0" end="0,-405" time="180" easing="inout" reversible="true">Conditional</animation>
            <animation condition="Container.Position(1)" effect="slide" start="0,0" end="0,-324" time="180" easing="inout" reversible="true">Conditional</animation>
            <animation condition="Container.Position(2)" effect="slide" start="0,0" end="0,-243" time="180" easing="inout" reversible="true">Conditional</animation>
            <animation condition="Container.Position(3)" effect="slide" start="0,0" end="0,-162" time="180" easing="inout" reversible="true">Conditional</animation>
            <animation condition="Container.Position(4)" effect="slide" start="0,0" end="0,-81" time="180" easing="inout" reversible="true">Conditional</animation>
            <animation condition="Container.Position(6)" effect="slide" start="0,0" end="0,81" time="180" easing="inout" reversible="true">Conditional</animation>
            <animation condition="Container.Position(7)" effect="slide" start="0,0" end="0,162" time="180" easing="inout" reversible="true">Conditional</animation>
            <animation condition="Container.Position(8)" effect="slide" start="0,0" end="0,243" time="180" easing="inout" reversible="true">Conditional</animation>
            <animation condition="Container.Position(9)" effect="slide" start="0,0" end="0,324" time="180" easing="inout" reversible="true">Conditional</animation>
            <animation condition="Container.Position(10)" effect="slide" start="0,0" end="0,405" time="180" easing="inout" reversible="true">Conditional</animation>
        </control>
    </include>
    <include name="LargeListFade">
    </include>
    <include name="SlimListFade">
    </include>
    <include name="FullscreenInfoLabelMain">
        <posx>300</posx>
        <posy>0</posy>
        <width>1200</width>
        <scroll>false</scroll>
        <align>left</align>
        <font>size24B</font>
        <textcolor>White2</textcolor>
        <animation effect="fade" time="200">VisibleChange</animation>
    </include>
    <include name="FullscreenInfoLabel2">
        <posx>300</posx>
        <posy>45</posy>
        <width>1200</width>
        <scroll>false</scroll>
        <align>left</align>
        <textcolor>Grey</textcolor>
        <animation effect="fade" time="200">VisibleChange</animation>
    </include>
    <include name="MusicInfo">
        <control type="group" description="Music info NEW">
            <visible>!ListItem.IsFolder</visible>
            <posx>120</posx>
            <posy>57</posy>
            <control type="group" description="Music Info">
                <posy>765</posy>
                <posx>0</posx>
                <control type="label" description="Main Label">
                    <posy>-52</posy>
                    <font>size20</font>
                    <textcolor>White2</textcolor>
                    <width>608</width>
                    <height>36</height>
                    <align>left</align>
                    <scroll>false</scroll>
                    <label>$INFO[ListItem.Title]</label>
                </control>
                <control type="image" description="Rating">
                    <posx>615</posx>
                    <posy>-45</posy>
                    <height>27</height>
                    <width>150</width>
                    <colordiffuse>White2</colordiffuse>
                    <aspectratio align="left">keep</aspectratio>
                    <texture>badges/$INFO[ListItem.StarRating]</texture>
                </control>
                <control type="image" description="Separator">
                    <posx>0</posx>
                    <posy>0</posy>
                    <height>1</height>
                    <width>758</width>
                    <aspectratio>stretch</aspectratio>
                    <texture>img/LineST.png</texture>
                </control>
                <control type="image" description="Separator">
                    <posx>0</posx>
                    <posy>180</posy>
                    <height>1</height>
                    <width>758</width>
                    <aspectratio>stretch</aspectratio>
                    <texture>img/LineST.png</texture>
                </control>
                <control type="grouplist" description="Labels">
                    <posx>0</posx>
                    <posy>18</posy>
                    <width>156</width>
                    <height>240</height>
                    <orientation>vertical</orientation>
                    <control type="label" description="Album label 1">
                        <font>size20</font>
                        <width>156</width>
                        <height>30</height>
                        <align>right</align>
                        <textcolor>Grey</textcolor>
                        <label>$LOCALIZE[558]:</label>
                    </control>
                    <control type="label" description="Genre label 2">
                        <font>size20</font>
                        <width>156</width>
                        <height>30</height>
                        <align>right</align>
                        <textcolor>Grey</textcolor>
                        <label>$LOCALIZE[515]:</label>
                    </control>
                    <control type="label" description="Type label 3">
                        <font>size20</font>
                        <width>156</width>
                        <height>30</height>
                        <align>right</align>
                        <textcolor>Grey</textcolor>
                        <label>$LOCALIZE[564]:</label>
                    </control>
                    <control type="label" description="Duration label 3">
                        <font>size20</font>
                        <width>156</width>
                        <height>30</height>
                        <align>right</align>
                        <textcolor>Grey</textcolor>
                        <label>$LOCALIZE[180]:</label>
                    </control>
                </control>
                <control type="grouplist" description="Values">
                    <posx>165</posx>
                    <posy>18</posy>
                    <width>570</width>
                    <height>240</height>
                    <orientation>vertical</orientation>
                    <control type="label" description="Album value 1">
                        <font>size20</font>
                        <width>562</width>
                        <height>30</height>
                        <align>left</align>
                        <label>$INFO[ListItem.Album]</label>
                    </control>
                    <control type="label" description="Genre value 2">
                        <font>size20</font>
                        <width>562</width>
                        <height>30</height>
                        <align>left</align>
                        <label>$INFO[ListItem.Genre]</label>
                    </control>
                    <control type="label" description="Type">
                        <font>size20</font>
                        <width>562</width>
                        <height>30</height>
                        <align>left</align>
                        <label>[UPPERCASE]$INFO[ListItem.FileExtension][/UPPERCASE]</label>
                    </control>
                    <control type="label" description="Duration">
                        <font>size20</font>
                        <width>562</width>
                        <height>30</height>
                        <align>left</align>
                        <label>$INFO[ListItem.Duration]</label>
                    </control>
                </control>
            </control>
        </control>
    </include>
    <include name="10Rating">
        <height>24</height>
        <width>135</width>
        <aspectratio align="right">keep</aspectratio>
        <texture>$INFO[ListItem.Rating,badges/,.png]</texture>
    </include>
    <include name="StarRating">
        <height>24</height>
        <width>135</width>
        <aspectratio align="right">keep</aspectratio>
        <texture>$INFO[ListItem.StarRating,badges/]</texture>
    </include>
    <!-- MDM MOD Start -->
    <include name="ListFullBG">
        <control type="image">
            <posx>-15</posx>
            <posy>6</posy>
            <height>900</height>
            <width>832</width>
            <texture>img/ListBG.png</texture>
        </control>
    </include>
    <!-- MDM MOD END -->
    <include name="ListBG">
        <control type="image">
            <posx>0</posx>
            <posy>6</posy>
            <height>99</height>
            <width>802</width>
            <texture>img/ListBG.png1</texture>
        </control>
    </include>
    <include name="Slider4">
        <control type="image">
            <animation effect="fade" time="100">VisibleChange</animation>
            <posx>-5</posx>
            <posy>402</posy>
            <height>85</height>
            <width>893</width>
            <texture border="26">img/Slider4.png</texture>
            <aspectratio>stretch</aspectratio>
        </control>
    </include>
    <include name="Slider5">
        <control type="image">
            <animation effect="fade" time="100">VisibleChange</animation>
            <posx>-27</posx>
            <posy>315</posy>
            <width>950</width>
            <height>150</height>
            <texture border="26">img/Slider5.png</texture>
            <aspectratio>stretch</aspectratio>
        </control>
    </include>
    <include name="Slider6">
        <control type="image">
            <animation effect="fade" time="100">VisibleChange</animation>
            <posx>1</posx>
            <posy>335</posy>
            <width>888</width>
            <height>105</height>
            <texture border="26">aevolve/AEVOLVE-List-Slider.png</texture>
            <aspectratio>stretch</aspectratio>
        </control>
    </include>
    <include name="ListBackground">
        <control type="image">
            <posx>934r</posx>
            <posy>268</posy>
            <width>1000</width>
            <height>904</height>
            <texture border="40">aevolve/settings-bg.png</texture>
        </control>
    </include>
    <include name="52MainLabel">
        <posx>45</posx>
        <posy>0</posy>
        <height>75</height>
        <width>630</width>
        <aligny>center</aligny>
        <scroll>false</scroll>
        <font>size24</font>
        <textcolor>White</textcolor>
        <selectedcolor>Blue</selectedcolor>
    </include>
    <include name="52MainLabelFO">
        <posx>45</posx>
        <posy>0</posy>
        <height>75</height>
        <width>630</width>
        <aligny>center</aligny>
        <font>size24</font>
        <textcolor>White2</textcolor>
        <selectedcolor>White</selectedcolor>
    </include>
    <include name="52Label2">
        <posx>42r</posx>
        <posy>0</posy>
        <height>81</height>
        <width>120</width>
        <font>size18</font>
        <scroll>false</scroll>
        <textcolor>Grey</textcolor>
        <align>right</align>
    </include>
    <include name="52Label2FO">
        <animation effect="fade" time="300" start="50" end="100" delay="200">Focus</animation>
        <posx>42r</posx>
        <posy>0</posy>
        <height>81</height>
        <width>120</width>
        <font>size18</font>
        <textcolor>White2</textcolor>
        <align>right</align>
    </include>
    <include name="51MainLabel">
        <posx>128</posx>
        <posy>12</posy>
        <height>50</height>
        <width>720</width>
        <textcolor>White</textcolor>
        <aligny>center</aligny>
        <font>size24</font>
        <scroll>false</scroll>
    </include>
    <include name="51MainLabelFO">
        <posx>128</posx>
        <posy>12</posy>
        <height>50</height>
        <width>720</width>
        <textcolor>White2</textcolor>
        <aligny>center</aligny>
        <font>size24</font>
    </include>
    <include name="51Label2">
        <posx>128</posx>
        <posy>63</posy>
        <height>33</height>
        <width>720</width>
        <font>size18</font>
        <textcolor>Grey</textcolor>
        <scroll>false</scroll>
        <align>left</align>
    </include>
    <include name="51Label2FO">
        <animation effect="fade" time="300" start="50" end="100" delay="200">Focus</animation>
        <posx>128</posx>
        <posy>63</posy>
        <height>33</height>
        <width>720</width>
        <font>size18</font>
        <textcolor>White2</textcolor>
        <align>left</align>
    </include>
    <include name="Watched_Marks">
        <control type="image">
            <visible>Container.Content(TVShows) | Container.Content(Seasons) | Container.Content(Movies) | Container.Content(episodes)</visible>
            <posx>4</posx>
            <posy>0</posy>
            <height>81</height>
            <width>30</width>
            <texture>$VAR[Overlay]</texture>
            <aspectratio>keep</aspectratio>
        </control>
    </include>
    <include name="Watched_Marks51">
        <control type="image">
            <visible>Container.Content(TVShows) | Container.Content(Seasons) | Container.Content(Movies) | Container.Content(episodes)</visible>
            <posx>4</posx>
            <posy>0</posy>
            <height>111</height>
            <width>30</width>
            <texture>$VAR[Overlay]</texture>
            <aspectratio>keep</aspectratio>
        </control>
    </include>
    <include name="HD_Badge">
        <control type="image">
            <visible>!IsEmpty(ListItem.VideoResolution)</visible>
            <visible>IntegerGreaterThan(ListItem.VideoResolution,700)</visible>
            <posx>81r</posx>
            <posy>0</posy>
            <height>81</height>
            <width>42</width>
            <aspectratio>keep</aspectratio>
            <texture>$INFO[ListItem.VideoResolution,badges/,.png]</texture>
        </control>
    </include>
    <include name="HD_Badge51">
        <control type="image">
            <visible>!IsEmpty(ListItem.VideoResolution)</visible>
            <visible>IntegerGreaterThan(ListItem.VideoResolution,700)</visible>
            <posx>84r</posx>
            <posy>0</posy>
            <height>111</height>
            <width>45</width>
            <aspectratio>keep</aspectratio>
            <texture>$INFO[ListItem.VideoResolution,badges/,.png]</texture>
        </control>
    </include>
    <include name="3D_Badge_visibility">
        <visible>SubString(ListItem.FilenameAndPath,3dbd) | SubString(ListItem.FilenameAndPath,SBS.) | SubString(ListItem.FilenameAndPath,Anaglyph)</visible>
    </include>
    <include name="3D_Badge">
        <control type="image">
            <include>3D_Badge_visibility</include>
            <posx>130r</posx>
            <posy>0</posy>
            <height>81</height>
            <width>42</width>
            <aspectratio>keep</aspectratio>
            <texture>$VAR[3D_badge_texture]</texture>
        </control>
    </include>
    <include name="3D_Badge51">
        <control type="image">
            <include>3D_Badge_visibility</include>
            <posx>133r</posx>
            <posy>0</posy>
            <height>111</height>
            <width>45</width>
            <aspectratio>keep</aspectratio>
            <texture>$VAR[3D_badge_texture]</texture>
        </control>
    </include>
    <include name="Unwatched_Badge">
        <control type="label" description="Label2">
            <visible>!IsEmpty(ListItem.Property(UnwatchedEpisodes)) + [container.content(TVshows) | container.content(seasons)] + !StringCompare(ListItem.Property(UnwatchedEpisodes),0)</visible>
            <posx>84r</posx>
            <posy>0</posy>
            <height>81</height>
            <width>90</width>
            <font>size16</font>
            <scroll>true</scroll>
            <align>center</align>
            <scroll>false</scroll>
            <textcolor>Grey</textcolor>
            <label>$INFO[ListItem.Property(UnwatchedEpisodes)]</label>
        </control>
    </include>
    <include name="Unwatched_BadgeFO">
        <control type="image">
            <visible>!IsEmpty(ListItem.Property(UnwatchedEpisodes)) + [container.content(TVshows) | container.content(seasons)] + !StringCompare(ListItem.Property(UnwatchedEpisodes),0)</visible>
            <posx>129r</posx>
            <posy>0</posy>
            <height>81</height>
            <width>90</width>
            <aspectratio>keep</aspectratio>
            <texture>img/UnwatchedBadgeNF.png</texture>
            <animation effect="fade" time="300" delay="100">Focus</animation>
        </control>
        <control type="label" description="Label2">
            <visible>!IsEmpty(ListItem.Property(UnwatchedEpisodes)) + [container.content(TVshows) | container.content(seasons)] + !StringCompare(ListItem.Property(UnwatchedEpisodes),0)</visible>
            <posx>84r</posx>
            <posy>0</posy>
            <height>81</height>
            <width>90</width>
            <font>size16</font>
            <scroll>true</scroll>
            <align>center</align>
            <scroll>false</scroll>
            <textcolor>White2</textcolor>
            <label>$INFO[ListItem.Property(UnwatchedEpisodes)]</label>
        </control>
    </include>
    <include name="Unwatched_Badge51">
        <control type="label" description="Label2">
            <visible>!IsEmpty(ListItem.Property(UnwatchedEpisodes)) + [container.content(TVshows) | container.content(seasons)] + !StringCompare(ListItem.Property(UnwatchedEpisodes),0)</visible>
            <posx>84r</posx>
            <posy>0</posy>
            <height>111</height>
            <width>90</width>
            <font>size18</font>
            <scroll>true</scroll>
            <align>center</align>
            <scroll>false</scroll>
            <textcolor>Grey</textcolor>
            <label>$INFO[ListItem.Property(UnwatchedEpisodes)]</label>
        </control>
    </include>
    <include name="Unwatched_Badge51FO">
        <control type="image">
            <visible>!IsEmpty(ListItem.Property(UnwatchedEpisodes)) + [container.content(TVshows) | container.content(seasons)] + !StringCompare(ListItem.Property(UnwatchedEpisodes),0)</visible>
            <posx>129r</posx>
            <posy>0</posy>
            <height>111</height>
            <width>90</width>
            <aspectratio>keep</aspectratio>
            <texture>img/UnwatchedBadgeNF.png</texture>
            <animation effect="fade" time="300" delay="100">Focus</animation>
        </control>
        <control type="label" description="Label2">
            <visible>!IsEmpty(ListItem.Property(UnwatchedEpisodes)) + [container.content(TVshows) | container.content(seasons)] + !StringCompare(ListItem.Property(UnwatchedEpisodes),0)</visible>
            <posx>84r</posx>
            <posy>0</posy>
            <height>111</height>
            <width>90</width>
            <font>size18</font>
            <scroll>true</scroll>
            <align>center</align>
            <scroll>false</scroll>
            <textcolor>White2</textcolor>
            <label>$INFO[ListItem.Property(UnwatchedEpisodes)]</label>
        </control>
    </include>
    <include name="ArrowNF">
        <control type="image" description="arrow">
            <visible>[Window.IsActive(Settings.xml) | ListItem.IsFolder] + ![StringCompare(ListItem.Label,..) | SubString(ListItem.Path,videodb://movies/sets/) | container.content(Movies) | container.content(TVshows) | container.content(Seasons) | container.content(Episodes) | container.content(musicvideos) | container.content(songs) | container.content(addons) | SubString(Container.FolderPath,plugin://,left)]</visible>
            <posx>21r</posx>
            <posy>20</posy>
            <height>40</height>
            <width>21</width>
            <aspectratio>keep</aspectratio>
            <texture>img/ArrowNF.png</texture>
        </control>
    </include>
    <include name="ArrowFO">
        <control type="image" description="arrow">
            <visible>[Window.IsActive(Settings.xml) | ListItem.IsFolder] + ![StringCompare(ListItem.Label,..) | SubString(ListItem.Path,videodb://movies/sets/) | container.content(Movies) | container.content(TVshows) | container.content(Seasons) | container.content(Episodes) | container.content(musicvideos) | container.content(songs) | container.content(addons) | SubString(Container.FolderPath,plugin://,left)]</visible>
            <posx>21r</posx>
            <posy>20</posy>
            <height>40</height>
            <width>21</width>
            <aspectratio>keep</aspectratio>
            <texture>img/ArrowNF.png</texture>
        </control>
        <control type="image" description="arrow">
            <visible>[Window.IsActive(Settings.xml) | ListItem.IsFolder] + ![StringCompare(ListItem.Label,..) | SubString(ListItem.Path,videodb://movies/sets/) | container.content(Movies) | container.content(TVshows) | container.content(Seasons) | container.content(Episodes) | container.content(musicvideos) | container.content(songs) | container.content(addons) | SubString(Container.FolderPath,plugin://,left)]</visible>
            <posx>21r</posx>
            <posy>20</posy>
            <height>40</height>
            <width>21</width>
            <aspectratio>keep</aspectratio>
            <texture>img/ArrowFO.png</texture>
        </control>
    </include>
    <include name="Sets">
        <control type="image" description="Sets">
            <visible>Window.IsActive(MyVideoNav.xml)</visible>
            <visible>SubString(ListItem.Path,videodb://movies/sets/)</visible>
            <posx>82r</posx>
            <posy>0</posy>
            <height>81</height>
            <width>45</width>
            <aspectratio align="right">keep</aspectratio>
            <texture>badges/sets.png</texture>
        </control>
    </include>
    <include name="Sets51">
        <control type="image" description="Sets">
            <visible>Window.IsActive(MyVideoNav.xml)</visible>
            <visible>SubString(ListItem.Path,videodb://movies/sets/)</visible>
            <posx>82r</posx>
            <posy>0</posy>
            <height>111</height>
            <width>45</width>
            <aspectratio align="right">keep</aspectratio>
            <texture>badges/sets.png</texture>
        </control>
    </include>
    <include name="SetsFO">
        <control type="image" description="Sets">
            <visible>Window.IsActive(MyVideoNav.xml)</visible>
            <visible>SubString(ListItem.Path,videodb://movies/sets/)</visible>
            <posx>82r</posx>
            <posy>0</posy>
            <height>81</height>
            <width>45</width>
            <aspectratio align="right">keep</aspectratio>
            <texture>badges/setsFO.png</texture>
        </control>
    </include>
    <include name="SetsFO51">
        <control type="image" description="Sets">
            <visible>Window.IsActive(MyVideoNav.xml)</visible>
            <visible>SubString(ListItem.Path,videodb://movies/sets/)</visible>
            <posx>82r</posx>
            <posy>0</posy>
            <height>111</height>
            <width>45</width>
            <aspectratio align="right">keep</aspectratio>
            <texture>badges/setsFO.png</texture>
        </control>
    </include>
    <include name="LargeListAddonsLayout">
        <itemlayout condition="container.content(addons)" width="802" height="111">
            <include>ListBG</include>
            <control type="group">
                <control type="image">
                    <posx>9</posx>
                    <posy>9</posy>
                    <height>93</height>
                    <width>93</width>
                    <texture background="true">$INFO[ListItem.Icon]</texture>
                    <aspectratio>keep</aspectratio>
                </control>
                <control type="image">
                    <visible>!IsEmpty(ListItem.Thumb)</visible>
                    <posx>9</posx>
                    <posy>9</posy>
                    <height>93</height>
                    <width>93</width>
                    <texture border="3">img/CoverOverlay0.png</texture>
                </control>
            </control>
            <control type="label" description="Main Label">
                <visible>IsEmpty(ListItem.Label2)</visible>
                <posy>27</posy>
                <width>600</width>
                <include>51MainLabel</include>
                <label>$INFO[ListItem.Label]</label>
            </control>
            <control type="label" description="Main Label">
                <visible>!IsEmpty(ListItem.Label2)</visible>
                <width>600</width>
                <include>51MainLabel</include>
                <label>$INFO[ListItem.Label]</label>
            </control>
            <control type="label" description="Label2">
                <width>600</width>
                <include>51Label2</include>
                <label>$INFO[ListItem.Label2]</label>
            </control>
        </itemlayout>
        <focusedlayout condition="container.content(addons)" width="802" height="111">
            <include>ListBG</include>
            <control type="group">
                <control type="image">
                    <posx>9</posx>
                    <posy>9</posy>
                    <height>93</height>
                    <width>93</width>
                    <texture background="true">$INFO[ListItem.Icon]</texture>
                    <aspectratio>keep</aspectratio>
                </control>
                <control type="image">
                    <visible>!IsEmpty(ListItem.Thumb)</visible>
                    <posx>9</posx>
                    <posy>9</posy>
                    <height>93</height>
                    <width>93</width>
                    <texture border="3">img/CoverOverlay0.png</texture>
                </control>
            </control>
            <control type="label" description="Main Label">
                <visible>IsEmpty(ListItem.Label2)</visible>
                <posy>27</posy>
                <width>600</width>
                <include>51MainLabelFO</include>
                <label>$INFO[ListItem.Label]</label>
            </control>
            <control type="label" description="Main Label">
                <visible>!IsEmpty(ListItem.Label2)</visible>
                <width>600</width>
                <include>51MainLabelFO</include>
                <label>$INFO[ListItem.Label]</label>
            </control>
            <control type="label" description="Label2">
                <width>600</width>
                <include>51Label2FO</include>
                <label>$INFO[ListItem.Label2]</label>
            </control>
        </focusedlayout>
    </include>
    <include name="LargeListMVideosEpisodesLayout">
        <itemlayout condition="container.content(episodes) | container.content(musicvideos)" width="802" height="111">
            <include>ListBG</include>
            <include>HD_Badge51</include>
            <include>3D_Badge51</include>
            <control type="image" description="SCALE">
                <posx>9</posx>
                <posy>9</posy>
                <height>93</height>
                <width>148</width>
                <texture>$INFO[ListItem.Icon]</texture>
                <aspectratio>scale</aspectratio>
            </control>
            <control type="image">
                <visible>!IsEmpty(ListItem.Thumb)</visible>
                <posx>9</posx>
                <posy>9</posy>
                <height>93</height>
                <width>148</width>
                <texture border="3">img/CoverOverlay0.png</texture>
            </control>
            <control type="image">
                <posx>170</posx>
                <posy>0</posy>
                <height>111</height>
                <width>30</width>
                <texture>$VAR[Overlay]</texture>
                <aspectratio>keep</aspectratio>
            </control>
            <control type="label" description="Main Label">
                <visible>IntegerGreaterThan(ListItem.VideoResolution,700)</visible>
                <posx>210</posx>
                <width>480</width>
                <include>51MainLabel</include>
                <label>$INFO[ListItem.Label]</label>
            </control>
            <control type="label" description="Main Label">
                <visible>!IntegerGreaterThan(ListItem.VideoResolution,700)</visible>
                <posx>210</posx>
                <width>540</width>
                <include>51MainLabel</include>
                <label>$INFO[ListItem.Label]</label>
            </control>
            <control type="label" description="Label2">
                <visible>container.content(episodes)</visible>
                <posx>210</posx>
                <width>480</width>
                <include>51Label2</include>
                <label>$INFO[ListItem.Premiered]</label>
            </control>
            <control type="label" description="Label2">
                <visible>container.content(musicvideos)</visible>
                <posx>210</posx>
                <width>480</width>
                <include>51Label2</include>
                <label>$INFO[ListItem.Artist]</label>
            </control>
        </itemlayout>
        <focusedlayout condition="container.content(episodes) | container.content(musicvideos)" width="802" height="111">
            <include>ListBG</include>
            <include>HD_Badge51</include>
            <include>3D_Badge51</include>
            <control type="image" description="SCALE">
                <posx>9</posx>
                <posy>9</posy>
                <height>93</height>
                <width>148</width>
                <texture>$INFO[ListItem.Icon]</texture>
                <aspectratio>scale</aspectratio>
            </control>
            <control type="image">
                <visible>!IsEmpty(ListItem.Thumb)</visible>
                <posx>9</posx>
                <posy>9</posy>
                <height>93</height>
                <width>148</width>
                <texture border="3">img/CoverOverlay0.png</texture>
            </control>
            <control type="image">
                <posx>170</posx>
                <posy>0</posy>
                <height>111</height>
                <width>30</width>
                <texture>$VAR[Overlay]</texture>
                <aspectratio>keep</aspectratio>
            </control>
            <control type="label" description="Main Label">
                <visible>IntegerGreaterThan(ListItem.VideoResolution,700)</visible>
                <posx>210</posx>
                <width>480</width>
                <textcolor>White2</textcolor>
                <include>51MainLabel</include>
                <label>$INFO[ListItem.Label]</label>
            </control>
            <control type="label" description="Main Label">
                <visible>!IntegerGreaterThan(ListItem.VideoResolution,700)</visible>
                <posx>210</posx>
                <width>540</width>
                <textcolor>White2</textcolor>
                <include>51MainLabel</include>
                <label>$INFO[ListItem.Label]</label>
            </control>
            <control type="label" description="Label2">
                <visible>container.content(episodes)</visible>
                <posx>210</posx>
                <width>480</width>
                <include>51Label2</include>
                <label>$INFO[ListItem.Premiered]</label>
            </control>
            <control type="label" description="Label2">
                <visible>container.content(musicvideos)</visible>
                <posx>210</posx>
                <width>480</width>
                <include>51Label2</include>
                <label>$INFO[ListItem.Artist]</label>
            </control>
        </focusedlayout>
    </include>
    <include name="LargeListFilesLayout">
        <itemlayout condition="Container.content(files)" width="802" height="111">
            <include>ListBG</include>
            <control type="image">
                <posx>0</posx>
                <posy>0</posy>
                <height>111</height>
                <width>30</width>
                <texture>$VAR[Overlay]</texture>
                <aspectratio>keep</aspectratio>
            </control>
            <control type="label" description="Main Label">
                <visible>!IsEmpty(ListItem.Label2)</visible>
                <posx>36</posx>
                <width>735</width>
                <include>51MainLabel</include>
                <label>$INFO[ListItem.Label]</label>
            </control>
            <control type="label" description="Main Label">
                <visible>IsEmpty(ListItem.Label2)</visible>
                <posx>36</posx>
                <posy>27</posy>
                <width>735</width>
                <include>51MainLabel</include>
                <label>$INFO[ListItem.Label]</label>
            </control>
            <control type="label" description="Label2">
                <posx>36</posx>
                <width>735</width>
                <include>51Label2</include>
                <label>$INFO[ListItem.Label2]</label>
            </control>
        </itemlayout>
        <focusedlayout condition="Container.content(files)" width="802" height="111">
            <include>ListBG</include>
            <control type="image">
                <posx>0</posx>
                <posy>0</posy>
                <height>111</height>
                <width>30</width>
                <texture>$VAR[Overlay]</texture>
                <aspectratio>keep</aspectratio>
            </control>
            <control type="label" description="Main Label">
                <visible>!IsEmpty(ListItem.Label2)</visible>
                <posx>36</posx>
                <width>735</width>
                <include>51MainLabelFO</include>
                <label>$INFO[ListItem.Label]</label>
            </control>
            <control type="label" description="Main Label">
                <visible>IsEmpty(ListItem.Label2)</visible>
                <posx>36</posx>
                <posy>27</posy>
                <width>735</width>
                <include>51MainLabelFO</include>
                <label>$INFO[ListItem.Label]</label>
            </control>
            <control type="label" description="Label2">
                <posx>36</posx>
                <width>735</width>
                <include>51Label2FO</include>
                <label>$INFO[ListItem.Label2]</label>
            </control>
        </focusedlayout>
    </include>
    <include name="LargeListNoThumbFilesLayout">
        <itemlayout condition="Container.content(files)" width="802" height="111">
            <include>ListBG</include>
            <control type="label" description="Main Label">
                <visible>!IsEmpty(ListItem.Label2)</visible>
                <posx>30</posx>
                <width>720</width>
                <include>51MainLabel</include>
                <label>$INFO[ListItem.Label]</label>
            </control>
            <control type="label" description="Main Label">
                <visible>IsEmpty(ListItem.Label2)</visible>
                <posx>30</posx>
                <posy>27</posy>
                <width>720</width>
                <include>51MainLabel</include>
                <label>$INFO[ListItem.Label]</label>
            </control>
            <control type="label" description="Label2">
                <posx>30</posx>
                <include>51Label2</include>
                <label>$INFO[ListItem.Label2]</label>
            </control>
        </itemlayout>
        <focusedlayout condition="Container.content(files)" width="802" height="111">
            <include>ListBG</include>
            <control type="label" description="Main Label">
                <visible>!IsEmpty(ListItem.Label2)</visible>
                <posx>30</posx>
                <width>720</width>
                <include>51MainLabelFO</include>
                <label>$INFO[ListItem.Label]</label>
            </control>
            <control type="label" description="Main Label">
                <visible>IsEmpty(ListItem.Label2)</visible>
                <posx>30</posx>
                <posy>27</posy>
                <width>720</width>
                <include>51MainLabelFO</include>
                <label>$INFO[ListItem.Label]</label>
            </control>
            <control type="label" description="Label2">
                <posx>30</posx>
                <width>720</width>
                <include>51Label2FO</include>
                <label>$INFO[ListItem.Label2]</label>
            </control>
        </focusedlayout>
    </include>
    <include name="LargeListMoviesLayout">
        <itemlayout condition="container.content(movies)" width="802" height="111">
            <include>ListBG</include>
            <include>Watched_Marks51</include>
            <include>HD_Badge51</include>
            <include>3D_Badge51</include>
            <include>Sets51</include>
            <control type="group">
                <animation condition="IsEmpty(ListItem.Label2) + IsEmpty(ListItem.Duration)" effect="slide" start="0,0" end="0,18" time="0" reversible="true">Conditional</animation>
                <control type="label" description="Main Label">
                    <visible>![ListItem.IsFolder | IntegerGreaterThan(ListItem.VideoResolution,700)]</visible>
                    <posx>45</posx>
                    <width>717</width>
                    <include>51MainLabel</include>
                    <label>$INFO[ListItem.Label]</label>
                </control>
                <control type="label" description="Main Label">
                    <visible>IntegerGreaterThan(ListItem.VideoResolution,700) | ListItem.IsFolder</visible>
                    <posx>45</posx>
                    <width>630</width>
                    <include>51MainLabel</include>
                    <label>$INFO[ListItem.Label]</label>
                </control>
            </control>
            <control type="group">
                <visible>!Control.IsVisible(51)</visible>
                <control type="label" description="Label2">
                    <visible>!IsEmpty(ListItem.Duration)</visible>
                    <posx>45</posx>
                    <width>630</width>
                    <include>51Label2</include>
                    <label>$INFO[ListItem.Duration,, $LOCALIZE[12391]]</label>
                </control>
                <control type="label" description="Label2">
                    <visible>IsEmpty(ListItem.Duration) + !IsEmpty(ListItem.Label2)</visible>
                    <posx>45</posx>
                    <width>630</width>
                    <include>51Label2</include>
                    <label>$INFO[ListItem.Label2]</label>
                </control>
            </control>
            <control type="group">
                <visible>Control.IsVisible(51)</visible>
                <control type="label" description="Label2">
                    <posx>45</posx>
                    <width>630</width>
                    <include>51Label2</include>
                    <label>$INFO[ListItem.Year,, • ]$INFO[ListItem.Duration,, $LOCALIZE[31297]]$INFO[ListItem.Rating, • ]</label>
                </control>
            </control>
        </itemlayout>
        <focusedlayout condition="container.content(movies)" width="802" height="111">
            <include>ListBG</include>
            <include>Watched_Marks51</include>
            <include>HD_Badge51</include>
            <include>3D_Badge51</include>
            <include>SetsFO51</include>
            <control type="group">
                <animation condition="IsEmpty(ListItem.Label2) + IsEmpty(ListItem.Duration)" effect="slide" start="0,0" end="0,18" time="0" reversible="true">Conditional</animation>
                <control type="label" description="Main Label">
                    <visible>![ListItem.IsFolder | IntegerGreaterThan(ListItem.VideoResolution,700)]</visible>
                    <posx>45</posx>
                    <width>717</width>
                    <include>51MainLabelFO</include>
                    <label>$INFO[ListItem.Label]</label>
                </control>
                <control type="label" description="Main Label">
                    <visible>IntegerGreaterThan(ListItem.VideoResolution,700) | ListItem.IsFolder</visible>
                    <posx>45</posx>
                    <width>630</width>
                    <include>51MainLabelFO</include>
                    <label>$INFO[ListItem.Label]</label>
                </control>
            </control>
            <control type="group">
                <visible>!Control.IsVisible(51)</visible>
                <control type="label" description="Label2">
                    <visible>!IsEmpty(ListItem.Duration)</visible>
                    <posx>45</posx>
                    <width>630</width>
                    <include>51Label2FO</include>
                    <label>$INFO[ListItem.Duration,, $LOCALIZE[12391]]</label>
                </control>
                <control type="label" description="Label2">
                    <visible>IsEmpty(ListItem.Duration) + !IsEmpty(ListItem.Label2)</visible>
                    <posx>45</posx>
                    <width>630</width>
                    <include>51Label2FO</include>
                    <label>$INFO[ListItem.Label2]</label>
                </control>
            </control>
            <control type="group">
                <visible>Control.IsVisible(51)</visible>
                <control type="label" description="Label2">
                    <posx>45</posx>
                    <width>630</width>
                    <include>51Label2FO</include>
                    <label>$INFO[ListItem.Year,, • ]$INFO[ListItem.Duration,, $LOCALIZE[31297]]$INFO[ListItem.Rating, • ]</label>
                </control>
            </control>
        </focusedlayout>
    </include>
    <include name="LargeListSeasonsTVPostersLayout">
        <itemlayout condition="container.content(seasons) | container.content(TVshows)" width="802" height="111">
            <include>ListBG</include>
            <include>Unwatched_Badge51</include>
            <include>Watched_Marks51</include>
            <control type="label" description="Main Label">
                <posx>45</posx>
                <width>630</width>
                <include>51MainLabel</include>
                <label>$INFO[ListItem.Label]</label>
            </control>
            <control type="label" description="Label2">
                <posx>45</posx>
                <width>630</width>
                <include>51Label2</include>
                <label>$INFO[ListItem.Property(TotalEpisodes),, $LOCALIZE[20453]]</label>
            </control>
        </itemlayout>
        <focusedlayout condition="container.content(seasons) | container.content(TVshows)" width="802" height="111">
            <include>ListBG</include>
            <include>Watched_Marks51</include>
            <include>Unwatched_Badge51FO</include>
            <control type="label" description="Main Label">
                <posx>45</posx>
                <width>630</width>
                <include>51MainLabelFO</include>
                <label>$INFO[ListItem.Label]</label>
            </control>
            <control type="label" description="Label2">
                <posx>45</posx>
                <width>630</width>
                <include>51Label2FO</include>
                <label>$INFO[ListItem.Property(TotalEpisodes),, $LOCALIZE[20453]]</label>
            </control>
        </focusedlayout>
    </include>
    <include name="LargeListMVideosEpisodesLayout">
        <itemlayout condition="container.content(episodes) | container.content(musicvideos)" width="802" height="111">
            <include>ListBG</include>
            <include>HD_Badge51</include>
            <include>3D_Badge51</include>
            <control type="image" description="SCALE">
                <posx>9</posx>
                <posy>9</posy>
                <height>93</height>
                <width>148</width>
                <texture>$INFO[ListItem.Icon]</texture>
                <aspectratio>scale</aspectratio>
            </control>
            <control type="image">
                <visible>!IsEmpty(ListItem.Thumb)</visible>
                <posx>9</posx>
                <posy>9</posy>
                <height>93</height>
                <width>148</width>
                <texture border="3">img/CoverOverlay0.png</texture>
            </control>
            <control type="image">
                <posx>170</posx>
                <posy>0</posy>
                <height>111</height>
                <width>30</width>
                <texture>$VAR[Overlay]</texture>
                <aspectratio>keep</aspectratio>
            </control>
            <control type="label" description="Main Label">
                <visible>IntegerGreaterThan(ListItem.VideoResolution,700)</visible>
                <posx>210</posx>
                <width>480</width>
                <include>51MainLabel</include>
                <label>$INFO[ListItem.Label]</label>
            </control>
            <control type="label" description="Main Label">
                <visible>!IntegerGreaterThan(ListItem.VideoResolution,700)</visible>
                <posx>210</posx>
                <width>540</width>
                <include>51MainLabel</include>
                <label>$INFO[ListItem.Label]</label>
            </control>
            <control type="label" description="Label2">
                <visible>container.content(episodes)</visible>
                <posx>210</posx>
                <width>480</width>
                <include>51Label2</include>
                <label>$INFO[ListItem.Premiered]</label>
            </control>
            <control type="label" description="Label2">
                <visible>container.content(musicvideos)</visible>
                <posx>210</posx>
                <width>480</width>
                <include>51Label2</include>
                <label>$INFO[ListItem.Artist]</label>
            </control>
        </itemlayout>
        <focusedlayout condition="container.content(episodes) | container.content(musicvideos)" width="802" height="111">
            <include>ListBG</include>
            <include>HD_Badge51</include>
            <include>3D_Badge51</include>
            <control type="image" description="SCALE">
                <posx>9</posx>
                <posy>9</posy>
                <height>93</height>
                <width>148</width>
                <texture>$INFO[ListItem.Icon]</texture>
                <aspectratio>scale</aspectratio>
            </control>
            <control type="image">
                <visible>!IsEmpty(ListItem.Thumb)</visible>
                <posx>9</posx>
                <posy>9</posy>
                <height>93</height>
                <width>148</width>
                <texture border="3">img/CoverOverlay0.png</texture>
            </control>
            <control type="image">
                <posx>170</posx>
                <posy>0</posy>
                <height>111</height>
                <width>30</width>
                <texture>$VAR[Overlay]</texture>
                <aspectratio>keep</aspectratio>
            </control>
            <control type="label" description="Main Label">
                <visible>IntegerGreaterThan(ListItem.VideoResolution,700)</visible>
                <posx>210</posx>
                <width>480</width>
                <include>51MainLabelFO</include>
                <label>$INFO[ListItem.Label]</label>
            </control>
            <control type="label" description="Main Label">
                <visible>!IntegerGreaterThan(ListItem.VideoResolution,700)</visible>
                <posx>210</posx>
                <width>540</width>
                <include>51MainLabelFO</include>
                <label>$INFO[ListItem.Label]</label>
            </control>
            <control type="label" description="Label2">
                <visible>container.content(episodes)</visible>
                <posx>210</posx>
                <width>480</width>
                <include>51Label2FO</include>
                <label>$INFO[ListItem.Premiered]</label>
            </control>
            <control type="label" description="Label2">
                <visible>container.content(musicvideos)</visible>
                <posx>210</posx>
                <width>480</width>
                <include>51Label2FO</include>
                <label>$INFO[ListItem.Artist]</label>
            </control>
        </focusedlayout>
    </include>
    <include name="LargeListNoThumbEpisodesLayout">
        <itemlayout condition="container.content(episodes) | Container.content(files)" width="802" height="111">
            <include>ListBG</include>
            <include>Watched_Marks51</include>
            <include>HD_Badge51</include>
            <include>3D_Badge51</include>
            <control type="label" description="Main Label">
                <visible>Container.Content(episodes) + IntegerGreaterThan(ListItem.VideoResolution,700)</visible>
                <posx>45</posx>
                <width>630</width>
                <include>51MainLabel</include>
                <label>$INFO[ListItem.Label]</label>
            </control>
            <control type="label" description="Main Label">
                <visible>!Container.content(episodes) | !IntegerGreaterThan(ListItem.VideoResolution,700)</visible>
                <posx>45</posx>
                <width>712</width>
                <include>51MainLabel</include>
                <label>$INFO[ListItem.Label]</label>
            </control>
            <control type="label" description="Label2">
                <visible>container.content(episodes)</visible>
                <posx>45</posx>
                <width>712</width>
                <include>51Label2</include>
                <label>$INFO[ListItem.Duration,, $LOCALIZE[31297]]$INFO[ListItem.Premiered, • ]</label>
            </control>
            <control type="label" description="Label2">
                <visible>container.content(musicvideos)</visible>
                <posx>45</posx>
                <width>712</width>
                <include>51Label2</include>
                <label>$INFO[ListItem.Artist]</label>
            </control>
            <control type="label" description="Label2">
                <visible>![container.content(episodes) | container.content(musicvideos)]</visible>
                <posx>45</posx>
                <width>712</width>
                <include>51Label2</include>
                <label>$INFO[ListItem.Label2]</label>
            </control>
        </itemlayout>
        <focusedlayout condition="container.content(episodes) | Container.content(files)" width="802" height="111">
            <include>ListBG</include>
            <include>Watched_Marks51</include>
            <include>HD_Badge51</include>
            <include>3D_Badge51</include>
            <control type="label" description="Main Label">
                <visible>Container.Content(episodes) + IntegerGreaterThan(ListItem.VideoResolution,700)</visible>
                <posx>45</posx>
                <width>630</width>
                <include>51MainLabelFO</include>
                <label>$INFO[ListItem.Label]</label>
            </control>
            <control type="label" description="Main Label">
                <visible>!Container.content(episodes) | !IntegerGreaterThan(ListItem.VideoResolution,700)</visible>
                <posx>45</posx>
                <width>712</width>
                <include>51MainLabelFO</include>
                <label>$INFO[ListItem.Label]</label>
            </control>
            <control type="label" description="Label2">
                <visible>container.content(episodes)</visible>
                <posx>45</posx>
                <width>712</width>
                <include>51Label2FO</include>
                <label>$INFO[ListItem.Duration,, $LOCALIZE[31297]]$INFO[ListItem.Premiered, • ]</label>
            </control>
            <control type="label" description="Label2">
                <visible>container.content(musicvideos)</visible>
                <posx>45</posx>
                <width>712</width>
                <include>51Label2FO</include>
                <label>$INFO[ListItem.Artist]</label>
            </control>
            <control type="label" description="Label2">
                <visible>![container.content(episodes) | container.content(musicvideos)]</visible>
                <posx>45</posx>
                <width>712</width>
                <include>51Label2FO</include>
                <label>$INFO[ListItem.Label2]</label>
            </control>
        </focusedlayout>
    </include>
    <include name="LargeListAlbumsLayout">
        <itemlayout condition="container.content(albums)" width="802" height="111">
            <include>ListBG</include>
            <control type="image">
                <posx>0</posx>
                <posy>0</posy>
                <height>111</height>
                <width>111</width>
                <bordersize>6</bordersize>
                <texture background="true">$INFO[ListItem.Icon]</texture>
                <aspectratio>scale</aspectratio>
            </control>
            <control type="image">
                <posx>0</posx>
                <posy>0</posy>
                <height>111</height>
                <width>111</width>
                <bordersize>6</bordersize>
                <texture border="3">img/CoverOverlay0.png</texture>
            </control>
            <control type="label" description="Main Label">
                <visible>![Player.HasAudio + StringCompare(ListItem.Label,MusicPlayer.Album)]</visible>
                <width>630</width>
                <include>51MainLabel</include>
                <label>$INFO[ListItem.Label]</label>
            </control>
            <control type="label" description="Main Label">
                <visible>Player.HasAudio + StringCompare(ListItem.Label,MusicPlayer.Album)</visible>
                <width>600</width>
                <include>51MainLabel</include>
                <label>$INFO[ListItem.Label]</label>
            </control>
            <control type="label" description="Label2">
                <width>630</width>
                <include>51Label2</include>
                <label>$INFO[ListItem.Label2]</label>
            </control>
            <control type="image" description="playing">
                <visible>Player.HasAudio</visible>
                <visible>StringCompare(ListItem.Label,MusicPlayer.Album)</visible>
                <posx>750</posx>
                <posy>0</posy>
                <height>111</height>
                <width>36</width>
                <aspectratio>keep</aspectratio>
                <texture>img/NowPlayingNF.png</texture>
            </control>
        </itemlayout>
        <focusedlayout condition="container.content(albums)" width="802" height="111">
            <include>ListBG</include>
            <control type="image">
                <posx>0</posx>
                <posy>0</posy>
                <height>111</height>
                <width>111</width>
                <bordersize>6</bordersize>
                <texture background="true">$INFO[ListItem.Icon]</texture>
                <aspectratio>scale</aspectratio>
            </control>
            <control type="image">
                <posx>0</posx>
                <posy>0</posy>
                <height>111</height>
                <width>111</width>
                <bordersize>6</bordersize>
                <texture border="3">img/CoverOverlay0.png</texture>
            </control>
            <control type="label" description="Main Label">
                <visible>![Player.HasAudio + StringCompare(ListItem.Label,MusicPlayer.Album)]</visible>
                <width>630</width>
                <include>51MainLabelFO</include>
                <label>$INFO[ListItem.Label]</label>
            </control>
            <control type="label" description="Main Label">
                <visible>Player.HasAudio + StringCompare(ListItem.Label,MusicPlayer.Album)</visible>
                <width>600</width>
                <include>51MainLabelFO</include>
                <label>$INFO[ListItem.Label]</label>
            </control>
            <control type="label" description="Label2">
                <width>630</width>
                <include>51Label2FO</include>
                <label>$INFO[ListItem.Label2]</label>
            </control>
            <control type="image" description="playing">
                <visible>Player.HasAudio</visible>
                <visible>StringCompare(ListItem.Label,MusicPlayer.Album)</visible>
                <animation effect="fade" start="50" end="100" time="100" delay="200">Focus</animation>
                <posx>750</posx>
                <posy>0</posy>
                <height>111</height>
                <width>36</width>
                <aspectratio>keep</aspectratio>
                <texture>img/NowPlayingFO.png</texture>
            </control>
        </focusedlayout>
    </include>
    <include name="ButtonMenu" description="Used for custom Music and Video OSD">
        <width>525</width>
        <height>69</height>
        <font>size24</font>
        <align>left</align>
        <textoffsetx>20</textoffsetx>
        <texturefocus border="5">img/ButtonFO.png</texturefocus>
        <alttexturefocus border="5">img/ButtonFO.png</alttexturefocus>
    </include>
    <include name="9000GrouplistParameters">
        <posx>675</posx>
        <posy>300</posy>
        <width>576</width>
        <height>600</height>
        <itemgap>0</itemgap>
        <onleft>50</onleft>
        <onright>50</onright>
        <onup>9000</onup>
        <ondown>9000</ondown>
        <scrolltime>200</scrolltime>
        <orientation>vertical</orientation>
    </include>
    <include name="9000Buttons">
        <width>576</width>
        <textoffsetx>0</textoffsetx>
        <align>center</align>
        <aligny>center</aligny>
        <font>size24</font>
        <disabledcolor>Grey</disabledcolor>
        <texturenofocus>-</texturenofocus>
        <alttexturenofocus>-</alttexturenofocus>
        <texturefocus border="5">img/ButtonFO.png</texturefocus>
        <alttexturefocus border="5">img/ButtonFO.png</alttexturefocus>
    </include>
	<!--
    <include name="9000Commons" description="Regular BG">
        <visible allowhiddenfocus="true">ControlGroup(9000).HasFocus()</visible>
        <include>DialogOpenCloseVisible</include>
        <control type="image" description="List back">
            <posx>444</posx>
            <posy>195</posy>
            <width>1023</width>
            <height>702</height>
            <aspectratio>stretch</aspectratio>
            <texture border="136,127,128,139">img/Dialog.png</texture>
        </control>
    </include>
	-->
    <include name="9000Commons" description="Regular BG">
        <visible allowhiddenfocus="true">ControlGroup(9000).HasFocus()</visible>
        <include>DialogOpenCloseVisible</include>
        <control type="image" description="List back">
		<posx>645</posx>
		<posy>250</posy>
		<width>636</width>
		<height>585</height>
		<texture border="136,127,128,139">aevolve/settings-bg.png</texture>
		<aspectratio>stretch</aspectratio>
        </control>
    </include>
	                
    <include name="Plot51Commons">
        <posx>0</posx>
        <posy>48</posy>
        <width>758</width>
        <height>168</height>
        <font>size20</font>
        <textcolor>Silver</textcolor>
        <align>justify</align>
        <aligny>bottom</aligny>
        <autoscroll delay="8000" time="4300" repeat="10000">Skin.HasSetting(AutoScroll)</autoscroll>
    </include>
    <include name="Genre51Commons">
        <posy>-9</posy>
        <font>size20</font>
        <textcolor>Grey</textcolor>
        <width>758</width>
        <height>36</height>
        <align>left</align>
        <scroll>false</scroll>
    </include>
    <include name="Genre500Commons">
        <posy>0</posy>
        <font>size20</font>
        <textcolor>White</textcolor>
        <width>801</width>
        <height>33</height>
        <align>left</align>
        <scroll>false</scroll>
    </include>
    <!--NEW end-->
    <include name="TitleCommons">
        <font>size26B</font>
        <textcolor>White</textcolor>
        <shadowcolor>Black</shadowcolor>
    </include>
    <include name="KeyboardButtons">
        <texturefocus border="8">img/ButtonFO.png</texturefocus>
        <align>center</align>
        <aligny>center</aligny>
        <textoffsetx>0</textoffsetx>
        <width>75</width>
        <height>75</height>
        <font>size26</font>
    </include>
    <include name="DetailsVideoInfoCommons">
        <posx>0</posx>
        <width>270</width>
        <height>38</height>
        <align>left</align>
        <scroll>false</scroll>
        <font>size17</font>
    </include>
    <include name="Genre52Commons">
        <posy>-24</posy>
        <font>size18</font>
        <textcolor>Silver</textcolor>
        <width>762</width>
        <height>36</height>
        <align>left</align>
        <scroll>false</scroll>
    </include>
    <include name="FlagsAudioInfo">
        <control type="group" description="Furniture">
            <posy>0</posy>
            <control type="grouplist">
                <posx>0</posx>
                <posy>0</posy>
                <width>690</width>
                <height>36</height>
                <itemgap>30</itemgap>
                <orientation>horizontal</orientation>
                <align>left</align>
                <aligny>center</aligny>
                <control type="image" description="Rating">
                    <posx>102</posx>
                    <posy>1035</posy>
                    <height>36</height>
                    <width>150</width>
                    <colordiffuse>Silver</colordiffuse>
                    <aspectratio align="left">keep</aspectratio>
                    <texture>badges/$INFO[ListItem.StarRating]</texture>
                </control>
                <control type="image">
                    <visible>Container.content(songs) + !IsEmpty(ListItem.FileExtension)</visible>
                    <posx>777</posx>
                    <posy>1034</posy>
                    <height>45</height>
                    <width>90</width>
                    <bordersize>3</bordersize>
                    <aspectratio>keep</aspectratio>
                    <colordiffuse>Silver</colordiffuse>
                    <texture>$INFO[ListItem.FileExtension,badges/audio/,.png]</texture>
                </control>
            </control>
        </control>
    </include>
    <include name="SettingsSubmenuButtons">
        <width>720</width>
        <textoffsetx>22</textoffsetx>
        <height>54</height>
        <align>left</align>
        <font>size20</font>
        <disabledcolor>Grey</disabledcolor>
        <texturenofocus>img/MediaItemBG.png</texturenofocus>
        <alttexturenofocus>img/MediaItemBG.png</alttexturenofocus>
    </include>
    <include name="List49_Commons">
        <posx>0</posx>
        <posy>0</posy>
        <width>1560</width>
        <height>504</height>
        <onleft>noop</onleft>
        <onright>noop</onright>
        <onup>9000</onup>
        <ondown>9000</ondown>
        <pagecontrol>-</pagecontrol>
        <itemlayout height="42">
            <control type="label">
                <posx>255</posx>
                <posy>0</posy>
                <width>255</width>
                <height>45</height>
                <font>size19</font>
                <align>right</align>
                <aligny>center</aligny>
                <textcolor>Grey</textcolor>
                <selectedcolor>selected</selectedcolor>
                <info>ListItem.Label</info>
            </control>
            <control type="label">
                <posx>276</posx>
                <posy>0</posy>
                <width>1275</width>
                <height>45</height>
                <font>size19</font>
                <align>left</align>
                <aligny>center</aligny>
                <textcolor>Grey2</textcolor>
                <selectedcolor>Grey2</selectedcolor>
                <info>ListItem.Label2</info>
            </control>
            <control type="image">
                <posx>0</posx>
                <posy>22</posy>
                <width>1560</width>
                <height>1</height>
                <texture>$INFO[ListItem.Icon]</texture>
            </control>
        </itemlayout>
        <focusedlayout height="42">
            <control type="label">
                <posx>255</posx>
                <posy>0</posy>
                <width>255</width>
                <height>45</height>
                <font>size19</font>
                <align>right</align>
                <aligny>center</aligny>
                <textcolor>Grey</textcolor>
                <selectedcolor>selected</selectedcolor>
                <info>ListItem.Label</info>
            </control>
            <control type="label">
                <posx>276</posx>
                <posy>0</posy>
                <width>1275</width>
                <height>45</height>
                <font>size19</font>
                <align>left</align>
                <aligny>center</aligny>
                <textcolor>Grey2</textcolor>
                <selectedcolor>Grey2</selectedcolor>
                <info>ListItem.Label2</info>
            </control>
            <control type="image">
                <posx>0</posx>
                <posy>22</posy>
                <width>1560</width>
                <height>1</height>
                <texture>$INFO[ListItem.Icon]</texture>
            </control>
        </focusedlayout>
    </include>
    <include name="TVProgress">
        <posx>0</posx>
        <posy>4</posy>
        <width>802</width>
        <height>103</height>
        <texturebg>img/ItemBG.png</texturebg>
        <midtexture>img/ItemBG2.png</midtexture>
        <info>ListItem.Progress</info>
    </include>
</includes>
