<?xml version="1.0" encoding="UTF-8" ?>
<window type="dialog" id="1112">
    <defaultcontrol always="true">9001</defaultcontrol>
    <include>DialogOpenClose</include>
    <controls>
        <control type="group">
			<control type="image" description="List back">
				<posx>645</posx>
				<posy>250</posy>
				<width>636</width>
				<height>585</height>
				<aspectratio>stretch</aspectratio>
				<texture border="136,127,128,139">aevolve/settings-bg.png</texture>
			</control>
            <control type="image">
                <posx>630</posx>
                <posy>459</posy>
                <width>660</width>
                <height>75</height>
                <texture border="5">img/ButtonFO.png</texture>
                <animation condition="Container(9001).Position(0)" effect="slide" start="0,0" end="0,0" time="180" easing="inout" reversible="true">Conditional</animation>
                <animation condition="Container(9001).Position(1)" effect="slide" start="0,0" end="0,96" time="180" easing="inout" reversible="true">Conditional</animation>
            </control>
            <control type="group">
                <posx>405</posx>
                <posy>296</posy>
                <control type="list" id="9001" description="PW Options">
                    <posx>255</posx>
                    <posy>150</posy>
                    <width>600</width>
                    <height>384</height>
                    <onleft>noop</onleft>
                    <onright>noop</onright>
                    <onup>9001</onup>
                    <ondown>9001</ondown>
                    <scrolltime tween="sine" easing="inout">280</scrolltime>
                    <itemlayout height="96" width="600">
                        <control type="image">
                            <posx>18</posx>
                            <posy>3</posy>
                            <width>48</width>
                            <height>96</height>
                            <texture>$INFO[Listitem.Icon]</texture>
                            <aspectratio aligny="center">keep</aspectratio>
                        </control>
                        <control type="label">
                            <posx>105</posx>
                            <posy>0</posy>
                            <width>465</width>
                            <height>96</height>
                            <font>size24</font>
                            <textcolor>White</textcolor>
                            <label>$INFO[ListItem.Label]</label>
                        </control>
                    </itemlayout>
                    <focusedlayout height="96" width="600">
                        <control type="image">
                            <posx>18</posx>
                            <posy>3</posy>
                            <width>48</width>
                            <height>96</height>
                            <texture>$INFO[Listitem.Icon]</texture>
                            <aspectratio aligny="center">keep</aspectratio>
                        </control>
                        <control type="label">
                            <posx>105</posx>
                            <posy>0</posy>
                            <width>465</width>
                            <height>96</height>
                            <textcolor>White2</textcolor>
                            <font>size24</font>
                            <label>$INFO[ListItem.Label]</label>
                        </control>
                    </focusedlayout>
                    <content>
                        <item id="1" description="Play">
                            <visible>!System.HasMediadvd</visible>
                            <label>$LOCALIZE[341]</label>
                            <icon>img/NoDVD.png</icon>
                            <onclick>Notification($LOCALIZE[161],$LOCALIZE[219],5,DefaultIconWarning.png)</onclick>
                        </item>
                        <item id="2" description="Play">
                            <visible>System.HasMediadvd</visible>
                            <label>$LOCALIZE[341]</label>
                            <icon>img/PlayDVD.png</icon>
                            <onclick>PlayDVD</onclick>
                        </item>
                        <item id="3" description="Eject">
                            <label>$LOCALIZE[13391]</label>
                            <icon>img/EjectDVD.png</icon>
                            <onclick>EjectTray()</onclick>
                        </item>
                    </content>
                </control>
            </control>
        </control>
    </controls>
</window>
