<?xml version="1.0" encoding="UTF-8" ?>
<window>
    <defaultcontrol always="true">9</defaultcontrol>
    <coordinates>
        <system>1</system>
        <posx>122</posx>
        <posy>254</posy>
    </coordinates>
    <include>OpenClose</include>
    <controls>
        <control type="image">
            <description>background image</description>
            <width>1671</width>
            <height>541</height>
            <posy>59</posy>
            <posx>2</posx>
            <texture border="40">aevolve/settings-bg.png</texture>
        </control>
        <control type="image">
            <description>Vertical Line</description>
            <posx>342</posx>
            <posy>88</posy>
            <width>13</width>
            <height>479</height>
            <texture>aevolve/vertical-line.png</texture>
        </control>
        <control type="image">
            <description>Vertical Line</description>
            <posx>601r</posx>
            <posy>88</posy>
            <width>13</width>
            <height>479</height>
            <texture>aevolve/vertical-line.png</texture>
        </control>
        <control type="label" id="20">
            <description>header label</description>
            <posx>30</posx>
            <posy>32</posy>
            <width>1614</width>
            <height>40</height>
            <textoffsetx>15</textoffsetx>
            <align>center</align>
            <aligny>center</aligny>
            <textcolor>dialogheader</textcolor>
            <font>font15_title</font>
        </control>
        <!-- left group -->
        <control type="group">
            <posx>31</posx>
            <posy>88</posy>
            <control type="grouplist" id="9">
                <description>button area</description>
                <posx>0</posx>
                <posy>0</posy>
                <width>310</width>
                <height>480</height>
                <itemgap>0</itemgap>
                <onleft>9001</onleft>
                <onright>2</onright>
                <onup>9</onup>
                <ondown>9</ondown>
                <scrolltime>0</scrolltime>
            </control>
        </control>
        <!-- middle group -->
        <control type="group">
            <posx>357</posx>
            <posy>88</posy>
            <control type="grouplist" id="2">
                <description>control area</description>
                <posx>0</posx>
                <posy>0</posy>
                <width>960</width>
                <height>480</height>
                <itemgap>0</itemgap>
                <pagecontrol>30</pagecontrol>
                <onleft>9</onleft>
                <onright>30</onright>
                <onup>2</onup>
                <ondown>9001</ondown>
                <scrolltime tween="cubic" easing="out">500</scrolltime>
            </control>
            <control type="scrollbar" id="30">
                <posx>962</posx>
                <posy>0</posy>
                <width>8</width>
                <height>480</height>
                <texturesliderbackground>-</texturesliderbackground>
                <texturesliderbar colordiffuse="55ffffff" border="1">scrollbar/texturesliderbar2.png</texturesliderbar>
                <texturesliderbarfocus border="1">scrollbar/texturesliderbar2.png</texturesliderbarfocus>
                <onleft>2</onleft>
                <onright>9001</onright>
                <showonepage>false</showonepage>
                <orientation>vertical</orientation>
            </control>
        </control>
        <!-- right group -->
        <control type="group">
            <posx>1333</posx>
            <posy>88</posy>
            <control type="grouplist" id="9001">
                <posy>0</posy>
                <posx>0</posx>
                <width>310</width>
                <height>480</height>
                <onleft>2</onleft>
                <onright>9</onright>
                <onup>9001</onup>
                <ondown>9001</ondown>
                <control type="button" id="10">
                    <description>OK Button</description>
                    <width>310</width>
                    <label>186</label>
                </control>
                <control type="button" id="11">
                    <description>Cancel Button</description>
                    <width>310</width>
                    <label>222</label>
                </control>
                <control type="button" id="12">
                    <description>Defaults Button</description>
                    <width>310</width>
                    <label>409</label>
                </control>
            </control>
        </control>
        <control type="button" id="13">
            <description>Default Category Button</description>
            <height>60</height>
            <width>310</width>
            <align>right</align>
            <aligny>center</aligny>
            <font>font14</font>
            <textoffsetx>20</textoffsetx>
            <textcolor>grey2</textcolor>
        </control>
        <control type="button" id="3">
            <description>Default Button</description>
            <width>960</width>
            <height>60</height>
            <font>font14</font>
            <textcolor>grey2</textcolor>
            <focusedcolor>white</focusedcolor>
        </control>
        <control type="radiobutton" id="4">
            <description>Default RadioButton</description>
            <width>960</width>
            <height>60</height>
            <font>font14</font>
            <textcolor>grey2</textcolor>
            <focusedcolor>white</focusedcolor>
            <textwidth>880</textwidth>
        </control>
        <control type="spincontrolex" id="5">
            <description>Default spincontrolex</description>
            <width>960</width>
            <height>60</height>
            <textcolor>grey2</textcolor>
            <focusedcolor>white</focusedcolor>
            <font>font14</font>
            <aligny>center</aligny>
            <reverse>yes</reverse>
        </control>
        <control type="label" id="7">
            <width>960</width>
            <height>60</height>
            <font>font14_title</font>
            <label>-</label>
            <textcolor>labelheader</textcolor>
            <textoffsetx>15</textoffsetx>
        </control>
        <control type="image" id="6">
            <description>Default Seperator</description>
            <width>960</width>
            <height>1</height>
            <visible>false</visible>
        </control>
        <control type="sliderex" id="8">
            <description>Default Slider</description>
            <width>960</width>
            <height>60</height>
            <font>font14</font>
            <textcolor>grey2</textcolor>
            <focusedcolor>white</focusedcolor>
        </control>
    </controls>
</window>
