<?xml version="1.0" encoding="UTF-8" ?>
<window>
    <defaultcontrol always="true">20</defaultcontrol>
    <include>OpenClose</include>
    <controls>
        <include>MiniBackground</include>
        <control type="label">
            <description>header label</description>
            <posx>60</posx>
            <posy>30</posy>
            <width>1230</width>
            <height>45</height>
            <font>size22</font>
            <label>$LOCALIZE[19199] - $LOCALIZE[19023]</label>
            <align>center</align>
            <aligny>center</aligny>
            <visible>IsEmpty(Window.Property(IsRadio))</visible>
        </control>
        <control type="label">
            <description>header label</description>
            <posx>60</posx>
            <posy>30</posy>
            <width>1230</width>
            <height>45</height>
            <font>size22</font>
            <label>$LOCALIZE[19199] - $LOCALIZE[19024]</label>
            <align>center</align>
            <aligny>center</aligny>
            <visible>!IsEmpty(Window.Property(IsRadio))</visible>
        </control>
        <control type="group" description="Slider and List">
            <animation effect="slide" start="0,0" end="0,-333" time="0" condition="StringCompare(Container(20).NumItems,1)">conditional</animation>
            <animation effect="slide" start="0,0" end="0,-222" time="0" condition="StringCompare(Container(20).NumItems,2)">conditional</animation>
            <animation effect="slide" start="0,0" end="0,-222" time="0" condition="StringCompare(Container(20).NumItems,3)">conditional</animation>
            <animation effect="slide" start="0,0" end="0,-111" time="0" condition="StringCompare(Container(20).NumItems,4)">conditional</animation>
            <animation effect="slide" start="0,0" end="0,-111" time="0" condition="StringCompare(Container(20).NumItems,5)">conditional</animation>
            <posx>1020</posx>
            <posy>141</posy>
            <control type="fixedlist" id="20">
                <posx>0</posx>
                <posy>0</posy>
                <width>802</width>
                <height>888</height>
                <onleft>9000</onleft>
                <onright>60</onright>
                <onup>20</onup>
                <ondown>20</ondown>
                <pagecontrol>60</pagecontrol>
                <focusposition>3</focusposition>
                <movement>4</movement>
                <scrolltime tween="sine" easing="inout">280</scrolltime>
                <itemlayout width="802" height="111">
                    <include>ListBG</include>
                    <control type="image" description="Logo">
                        <posx>615</posx>
                        <posy>12</posy>
                        <height>38</height>
                        <width>180</width>
                        <texture>$INFO[ListItem.Icon]</texture>
                        <aspectratio align="right">keep</aspectratio>
                    </control>
                    <control type="label" description="Main Label">
                        <visible>!IsEmpty(ListItem.Icon)</visible>
                        <posx>30</posx>
                        <width>555</width>
                        <include>51MainLabel</include>
                        <label>$INFO[ListItem.Label]$INFO[ListItem.ChannelNumber, (,)]</label>
                    </control>
                    <control type="label" description="Main Label">
                        <visible>IsEmpty(ListItem.Icon)</visible>
                        <posx>30</posx>
                        <width>735</width>
                        <include>51MainLabel</include>
                        <label>$INFO[ListItem.Label]$INFO[ListItem.ChannelNumber, (,)]</label>
                    </control>
                    <control type="label" description="Label2">
                        <visible>!IsEmpty(ListItem.Icon)</visible>
                        <posx>30</posx>
                        <width>555</width>
                        <include>51Label2</include>
                        <label>$INFO[ListItem.Property(ClientName)]</label>
                    </control>
                    <control type="label" description="Label2">
                        <visible>IsEmpty(ListItem.Icon)</visible>
                        <posx>30</posx>
                        <width>735</width>
                        <include>51Label2</include>
                        <label>$INFO[ListItem.Property(ClientName)]</label>
                    </control>
                </itemlayout>
                <focusedlayout width="802" height="111">
                    <include>ListBG</include>
                    <control type="image" description="Logo">
                        <posx>615</posx>
                        <posy>12</posy>
                        <height>38</height>
                        <width>180</width>
                        <texture>$INFO[ListItem.Icon]</texture>
                        <aspectratio align="right">keep</aspectratio>
                    </control>
                    <control type="label" description="Main Label">
                        <visible>!IsEmpty(ListItem.Icon)</visible>
                        <posx>30</posx>
                        <width>555</width>
                        <include>51MainLabelFO</include>
                        <label>$INFO[ListItem.Label]$INFO[ListItem.ChannelNumber, (,)]</label>
                    </control>
                    <control type="label" description="Main Label">
                        <visible>IsEmpty(ListItem.Icon)</visible>
                        <posx>30</posx>
                        <width>735</width>
                        <include>51MainLabelFO</include>
                        <label>$INFO[ListItem.Label]$INFO[ListItem.ChannelNumber, (,)]</label>
                    </control>
                    <control type="label" description="Label2">
                        <visible>!IsEmpty(ListItem.Icon)</visible>
                        <posx>30</posx>
                        <width>555</width>
                        <include>51Label2FO</include>
                        <label>$INFO[ListItem.Property(ClientName)]</label>
                    </control>
                    <control type="label" description="Label2">
                        <visible>IsEmpty(ListItem.Icon)</visible>
                        <posx>30</posx>
                        <width>735</width>
                        <include>51Label2FO</include>
                        <label>$INFO[ListItem.Property(ClientName)]</label>
                    </control>
                </focusedlayout>
            </control>
            <control type="group" description="Slider">
                <animation condition="Control.HasFocus(60)" effect="slide" start="0,0" end="960,540" time="300" reversible="true">Conditional</animation>
                <animation condition="Control.HasFocus(60)" effect="zoom" start="100" end="0" time="300" reversible="true">Conditional</animation>
                <include>Slider5</include>
                <animation condition="Container(20).Position(0)" effect="slide" start="0,0" end="0,-333" time="180" easing="inout" reversible="true">Conditional</animation>
                <animation condition="Container(20).Position(1)" effect="slide" start="0,0" end="0,-222" time="180" easing="inout" reversible="true">Conditional</animation>
                <animation condition="Container(20).Position(2)" effect="slide" start="0,0" end="0,-111" time="180" easing="inout" reversible="true">Conditional</animation>
                <animation condition="Container(20).Position(3)" effect="slide" start="0,0" end="0,0" time="180" easing="inout" reversible="true">Conditional</animation>
                <animation condition="Container(20).Position(4)" effect="slide" start="0,0" end="0,111" time="180" easing="inout" reversible="true">Conditional</animation>
                <animation condition="Container(20).Position(5)" effect="slide" start="0,0" end="0,222" time="180" easing="inout" reversible="true">Conditional</animation>
                <animation condition="Container(20).Position(6)" effect="slide" start="0,0" end="0,333" time="180" easing="inout" reversible="true">Conditional</animation>
                <animation condition="Container(20).Position(7)" effect="slide" start="0,0" end="0,444" time="180" easing="inout" reversible="true">Conditional</animation>
                <animation condition="Container(20).Position(8)" effect="slide" start="0,0" end="0,555" time="180" easing="inout" reversible="true">Conditional</animation>
            </control>
        </control>
        <control type="image">
            <visible>Container(20).HasPrevious</visible>
            <animation effect="fade" time="200">VisibleChange</animation>
            <posx>1005</posx>
            <posy>135</posy>
            <height>81</height>
            <width>832</width>
            <texture flipy="true">img/DefaultGradient.png</texture>
            <aspectratio>stretch</aspectratio>
        </control>
        <control type="image">
            <animation effect="fade" time="200">VisibleChange</animation>
            <visible>Container(20).HasNext</visible>
            <posx>1005</posx>
            <posy>963</posy>
            <height>81</height>
            <width>832</width>
            <texture>img/DefaultGradient.png</texture>
            <aspectratio>stretch</aspectratio>
        </control>
        <control type="scrollbar" id="60">
            <posx>39r</posx>
            <posy>135</posy>
            <height>870</height>
            <onleft>20</onleft>
            <onright>32</onright>
        </control>
        <control type="group">
            <posx>0</posx>
            <posy>45</posy>
            <!--<control type="list" id="20">
        <posx>30</posx>
        <posy>5</posy>
        <width>420</width>
        <height>470</height>
        <onup>20</onup>
        <ondown>20</ondown>
        <onleft>60</onleft>
        <onright>9002</onright>
        <pagecontrol>60</pagecontrol>
        <scrolltime>200</scrolltime>
        <itemlayout height="45" width="420">
          <control type="image">
            <posx>0</posx>
            <posy>0</posy>
            <width>420</width>
            <height>40</height>
            <texture>img/ListBG.png</texture>
          </control>
          <control type="image">
            <posx>5</posx>
            <posy>5</posy>
            <width>30</width>
            <height>30</height>
            <texture>$INFO[ListItem.Property(Icon)]</texture>
            <visible>ListItem.Property(ActiveChannel)</visible>
          </control>
          <control type="image">
            <posx>5</posx>
            <posy>5</posy>
            <width>30</width>
            <height>30</height>
            <colordiffuse>77FFFFFF</colordiffuse>
            <texture>$INFO[ListItem.Property(Icon)]</texture>
            <visible>!ListItem.Property(ActiveChannel)</visible>
          </control>
          <control type="label">
            <posx>45</posx>
            <posy>0</posy>
            <width>335</width>
            <height>40</height>
            <font>font12</font>
            <align>left</align>
            <aligny>center</aligny>
            <textcolor>white</textcolor>
            <selectedcolor>selected</selectedcolor>
            <label>$INFO[ListItem.Property(Number),(,) - ]$INFO[ListItem.Property(Name)]</label>
            <visible>ListItem.Property(ActiveChannel)</visible>
          </control>
          <control type="label">
            <posx>45</posx>
            <posy>0</posy>
            <width>335</width>
            <height>40</height>
            <font>font12</font>
            <align>left</align>
            <aligny>center</aligny>
            <textcolor>grey3</textcolor>
            <selectedcolor>selected</selectedcolor>
            <label>$INFO[ListItem.Property(Number),(,) - ]$INFO[ListItem.Property(Name)]</label>
            <visible>!ListItem.Property(ActiveChannel)</visible>
          </control>
          <control type="image">
            <posx>390</posx>
            <posy>10</posy>
            <width>20</width>
            <height>20</height>
            <texture>OverlayWatched.png</texture>
            <visible>ListItem.Property(Changed)</visible>
          </control>
        </itemlayout>
        <focusedlayout height="65" width="420">
          <control type="image">
            <posx>0</posx>
            <posy>0</posy>
            <width>420</width>
            <height>60</height>
            <texture border="5">button-focus2.png</texture>
            <animation effect="fade" start="100" end="30" time="0" condition="!Control.HasFocus(20)">conditional</animation>
          </control>
          <control type="image">
            <posx>5</posx>
            <posy>5</posy>
            <width>30</width>
            <height>30</height>
            <texture>$INFO[ListItem.Property(Icon)]</texture>
            <visible>ListItem.Property(ActiveChannel)</visible>
          </control>
          <control type="image">
            <posx>5</posx>
            <posy>5</posy>
            <width>30</width>
            <height>30</height>
            <colordiffuse>77FFFFFF</colordiffuse>
            <texture>$INFO[ListItem.Property(Icon)]</texture>
            <visible>!ListItem.Property(ActiveChannel)</visible>
          </control>
          <control type="label">
            <posx>45</posx>
            <posy>0</posy>
            <width>335</width>
            <height>40</height>
            <font>font12</font>
            <align>left</align>
            <aligny>center</aligny>
            <textcolor>white</textcolor>
            <selectedcolor>selected</selectedcolor>
            <label>$INFO[ListItem.Property(Number),(,) - ]$INFO[ListItem.Property(Name)]</label>
            <visible>ListItem.Property(ActiveChannel)</visible>
          </control>
          <control type="label">
            <posx>45</posx>
            <posy>0</posy>
            <width>335</width>
            <height>40</height>
            <font>font12</font>
            <align>left</align>
            <aligny>center</aligny>
            <textcolor>grey3</textcolor>
            <selectedcolor>selected</selectedcolor>
            <label>$INFO[ListItem.Property(Number),(,) - ]$INFO[ListItem.Property(Name)]</label>
            <visible>!ListItem.Property(ActiveChannel)</visible>
          </control>
          <control type="image">
            <posx>390</posx>
            <posy>10</posy>
            <width>20</width>
            <height>20</height>
            <texture>OverlayWatched.png</texture>
            <visible>ListItem.Property(Changed)</visible>
          </control>
          <control type="label">
            <posx>5</posx>
            <posy>30</posy>
            <width>410</width>
            <height>30</height>
            <font>font12</font>
            <align>left</align>
            <aligny>center</aligny>
            <textcolor>grey2</textcolor>
            <selectedcolor>selected</selectedcolor>
            <label>$LOCALIZE[19210]: $INFO[ListItem.Property(ClientName)]</label>
          </control>
        </focusedlayout>
      </control>-->
            <control type="group" id="9002">
                <control type="group">
                    <posx>98</posx>
                    <posy>105</posy>
                    <control type="label">
                        <description>channel options Header</description>
                        <posx>0</posx>
                        <posy>0</posy>
                        <width>570</width>
                        <height>30</height>
                        <font>font13</font>
                        <label>$LOCALIZE[31511]</label>
                        <align>left</align>
                        <aligny>center</aligny>
                    </control>
                    <control type="radiobutton" id="7">
                        <description>Channel activated</description>
                        <posx>0</posx>
                        <posy>38</posy>
                        <width>570</width>
                        <height>52</height>
                        <font>font12</font>
                        <textcolor>white</textcolor>
                        <focusedcolor>white</focusedcolor>
                        <shadowcolor>black</shadowcolor>
                        <align>left</align>
                        <aligny>center</aligny>
                        <texturefocus border="5">button-focus2.png</texturefocus>
                        <texturenofocus border="5">button-nofocus.png</texturenofocus>
                        <pulseonselect>no</pulseonselect>
                        <label>19074</label>
                        <onleft>20</onleft>
                        <onright>60</onright>
                        <onup>9000</onup>
                        <ondown>8</ondown>
                    </control>
                    <control type="edit" id="8">
                        <description>Channel name</description>
                        <posx>0</posx>
                        <posy>98</posy>
                        <width>570</width>
                        <height>52</height>
                        <font>font12</font>
                        <textcolor>white</textcolor>
                        <focusedcolor>white</focusedcolor>
                        <shadowcolor>black</shadowcolor>
                        <texturefocus border="5">button-focus2.png</texturefocus>
                        <texturenofocus border="5">button-nofocus.png</texturenofocus>
                        <label>19201</label>
                        <onright>60</onright>
                        <onleft>20</onleft>
                        <onup>7</onup>
                        <ondown>9</ondown>
                    </control>
                    <control type="button" id="9">
                        <description>Channel logo Button</description>
                        <posx>0</posx>
                        <posy>158</posy>
                        <width>570</width>
                        <height>52</height>
                        <font>font12</font>
                        <texturefocus border="5">button-focus2.png</texturefocus>
                        <texturenofocus border="5">button-nofocus.png</texturenofocus>
                        <label>19202</label>
                        <onleft>20</onleft>
                        <onright>60</onright>
                        <onup>8</onup>
                        <ondown>12</ondown>
                    </control>
                    <control type="image" id="10">
                        <description>Current Channel Icon</description>
                        <posx>518</posx>
                        <posy>160</posy>
                        <width>45</width>
                        <height>45</height>
                        <aspectratio>keep</aspectratio>
                        <info>ListItem.Property(Icon)</info>
                    </control>
                    <control type="radiobutton" id="12">
                        <description>EPG activated</description>
                        <posx>0</posx>
                        <posy>218</posy>
                        <width>570</width>
                        <height>52</height>
                        <font>font12</font>
                        <textcolor>white</textcolor>
                        <focusedcolor>white</focusedcolor>
                        <shadowcolor>black</shadowcolor>
                        <align>left</align>
                        <aligny>center</aligny>
                        <texturefocus border="5">button-focus2.png</texturefocus>
                        <texturenofocus border="5">button-nofocus.png</texturenofocus>
                        <pulseonselect>no</pulseonselect>
                        <label>19206</label>
                        <onleft>20</onleft>
                        <onright>60</onright>
                        <onup>9</onup>
                        <ondown>13</ondown>
                    </control>
                    <control type="spincontrolex" id="13">
                        <description>EPG source</description>
                        <posx>0</posx>
                        <posy>278</posy>
                        <width>570</width>
                        <height>52</height>
                        <font>font12</font>
                        <texturefocus border="5">button-focus2.png</texturefocus>
                        <texturenofocus border="5">button-nofocus.png</texturenofocus>
                        <label>19200</label>
                        <onright>60</onright>
                        <onleft>20</onleft>
                        <onup>12</onup>
                        <ondown>30</ondown>
                    </control>
                </control>
                <control type="group">
                    <posx>98</posx>
                    <posy>540</posy>
                    <control type="label">
                        <description>channel options Header</description>
                        <posx>0</posx>
                        <posy>0</posy>
                        <width>570</width>
                        <height>30</height>
                        <font>font12</font>
                        <label>$LOCALIZE[31026]</label>
                        <align>left</align>
                        <aligny>center</aligny>
                        <textcolor>blue</textcolor>
                        <shadowcolor>black</shadowcolor>
                    </control>
                    <control type="button" id="30">
                        <description>Group Manager Button</description>
                        <posx>0</posx>
                        <posy>38</posy>
                        <width>285</width>
                        <height>52</height>
                        <font>font12</font>
                        <texturefocus border="5">button-focus2.png</texturefocus>
                        <texturenofocus border="5">button-nofocus.png</texturenofocus>
                        <align>center</align>
                        <label>19205</label>
                        <onleft>20</onleft>
                        <onright>34</onright>
                        <onup>13</onup>
                        <ondown>31</ondown>
                    </control>
                    <control type="button" id="34">
                        <description>TV/Radio Button</description>
                        <posx>292</posx>
                        <posy>38</posy>
                        <width>278</width>
                        <height>52</height>
                        <font>font12</font>
                        <visible>IsEmpty(Window.Property(IsRadio))</visible>
                        <texturefocus border="5">button-focus2.png</texturefocus>
                        <texturenofocus border="5">button-nofocus.png</texturenofocus>
                        <align>center</align>
                        <label>19024</label>
                        <onleft>30</onleft>
                        <onright>60</onright>
                        <onup>13</onup>
                        <ondown>31</ondown>
                    </control>
                    <control type="button" id="34">
                        <description>TV/Radio Button</description>
                        <posx>292</posx>
                        <posy>38</posy>
                        <width>278</width>
                        <height>52</height>
                        <font>font12</font>
                        <visible>!IsEmpty(Window.Property(IsRadio))</visible>
                        <texturefocus border="5">button-focus2.png</texturefocus>
                        <texturenofocus border="5">button-nofocus.png</texturenofocus>
                        <align>center</align>
                        <label>19023</label>
                        <onleft>30</onleft>
                        <onright>60</onright>
                        <onup>13</onup>
                        <ondown>31</ondown>
                    </control>
                    <control type="button" id="31">
                        <description>Edit channel Button</description>
                        <posx>0</posx>
                        <posy>98</posy>
                        <width>570</width>
                        <height>52</height>
                        <font>font12</font>
                        <texturefocus border="5">button-focus2.png</texturefocus>
                        <texturenofocus border="5">button-nofocus.png</texturenofocus>
                        <align>center</align>
                        <label>19203</label>
                        <onleft>20</onleft>
                        <onright>60</onright>
                        <onup>30</onup>
                        <ondown>32</ondown>
                    </control>
                    <control type="button" id="32">
                        <description>Delete channel Button</description>
                        <posx>0</posx>
                        <posy>158</posy>
                        <width>570</width>
                        <height>52</height>
                        <font>font12</font>
                        <texturefocus border="5">button-focus2.png</texturefocus>
                        <texturenofocus border="5">button-nofocus.png</texturenofocus>
                        <align>center</align>
                        <label>19211</label>
                        <onleft>20</onleft>
                        <onright>60</onright>
                        <onup>31</onup>
                        <ondown>33</ondown>
                    </control>
                    <control type="button" id="33">
                        <description>New channel Button</description>
                        <posx>0</posx>
                        <posy>218</posy>
                        <width>570</width>
                        <height>52</height>
                        <font>font12</font>
                        <texturefocus border="5">button-focus2.png</texturefocus>
                        <texturenofocus border="5">button-nofocus.png</texturenofocus>
                        <align>center</align>
                        <label>19204</label>
                        <onleft>20</onleft>
                        <onright>60</onright>
                        <onup>32</onup>
                        <ondown>9000</ondown>
                    </control>
                </control>
            </control>
            <control type="group" id="9000">
                <posx>0</posx>
                <posy>885</posy>
                <control type="button" id="4">
                    <description>OK Button</description>
                    <posx>0</posx>
                    <posy>0</posy>
                    <width>300</width>
                    <height>60</height>
                    <label>186</label>
                    <font>font12_title</font>
                    <align>center</align>
                    <aligny>center</aligny>
                    <onleft>6</onleft>
                    <onright>5</onright>
                    <onup>33</onup>
                    <ondown>7</ondown>
                </control>
                <control type="button" id="5">
                    <description>Apply changes Button</description>
                    <posx>315</posx>
                    <posy>0</posy>
                    <width>300</width>
                    <height>60</height>
                    <label>14070</label>
                    <font>font12_title</font>
                    <align>center</align>
                    <aligny>center</aligny>
                    <onleft>4</onleft>
                    <onright>6</onright>
                    <onup>33</onup>
                    <ondown>7</ondown>
                </control>
                <control type="button" id="6">
                    <description>Cancel Button</description>
                    <posx>645</posx>
                    <posy>0</posy>
                    <width>300</width>
                    <height>60</height>
                    <label>222</label>
                    <font>font12_title</font>
                    <align>center</align>
                    <aligny>center</aligny>
                    <onleft>5</onleft>
                    <onright>4</onright>
                    <onup>33</onup>
                    <ondown>7</ondown>
                </control>
            </control>
        </control>
    </controls>
</window>
