<?xml version="1.0" encoding="UTF-8" ?>
<window>
    <animation effect="fade" start="100" end="0" time="500" reversible="false">WindowClose</animation>
    <controls>
        <control type="group">
            <visible>player.passthrough</visible>
            <animation effect="fade" start="0" end="100" time="100" reversible="false">Visible</animation>
            <control type="image" description="Lite Volume Logo">
                <posx>510</posx>
                <posy>480</posy>
                <width>900</width>
                <height>120</height>
                <aspectratio>stretch</aspectratio>
                <texture border="3">img/BlackRounded.png</texture>
            </control>
            <control type="label" description="Passthrough Label">
                <wrapmultiline>true</wrapmultiline>
                <posx>510</posx>
                <posy>495</posy>
                <width>900</width>
                <height>90</height>
                <align>center</align>
                <font>size24</font>
                <textcolor>White</textcolor>
                <label>$LOCALIZE[416][CR]$LOCALIZE[29802]</label>
            </control>
        </control>
        <control type="group">
            <posx>879</posx>
            <posy>540</posy>
            <control type="group">
                <visible>!player.passthrough + IntegerGreaterThan(player.volume,0)</visible>
                <animation effect="fade" start="0" end="100" time="100" reversible="false">Visible</animation>
                <control type="image" description="Min Volume">
                    <posx>0</posx>
                    <posy>0</posy>
                    <width>162</width>
                    <height>162</height>
                    <aspectratio>keep</aspectratio>
                    <texture>img/Speaker.png</texture>
                </control>
                <control type="progress" id="1" description="Progress control">
                    <posx>12</posx>
                    <posy>144</posy>
                    <width>135</width>
                    <height>9</height>
                    <texturebg border="6,0,6,0">progress/ProgressBG.png</texturebg>
                    <midtexture border="0,1,0,1">progress/ProgressMidd.png</midtexture>
                    <righttexture border="1,1,6,1">progress/ProgressRight.png</righttexture>
                    <lefttexture border="6,1,1,1">progress/ProgressLeft.png</lefttexture>
                    <overlaytexture>-</overlaytexture>
                    <info>Player.Volume</info>
                </control>
            </control>
        </control>
    </controls>
</window>
