<?xml version="1.0" encoding="UTF-8" ?>
<window>
    <defaultcontrol always="true">10</defaultcontrol>
    <include>DialogOpenClose</include>
    <controls>
        <control type="group">
            <posx>480</posx>
            <posy>360</posy>
            <!--
              <control type="image">
                <posx>-210</posx>
                <posy>-150</posy>
                <width>1360</width>
                <height>740</height>
                <texture border="136,127,128,139">img/Dialog.png</texture>
              </control>
            -->
            <control type="image">
                <posx>20</posx>
                <posy>-30</posy>
                <width>916</width>
                <height>494</height>
                <texture border="40">aevolve/settings-bg.png</texture>
            </control>
            <control type="label" id="1" description="Heading">
                <posx>0</posx>
                <label>-</label>
                <width>960</width>
                <font>title3</font>
                <align>center</align>
            </control>
			<control type="textbox" id="9">
				<description>dialog line 1/2/3</description>
				<left>65</left>
				<top>105</top>
				<width>825</width>
				<height>282</height>
				<font>font12</font>
				<align>left</align>
				<label>-</label>
				<textcolor>grey2</textcolor>
				<autoscroll time="3000" delay="4000" repeat="5000">true</autoscroll>
			</control>
            <control type="button" id="10" description="No">
                <posx>188</posx>
                <posy>315</posy>
                <width>270</width>
                <label>106</label>
                <onleft>11</onleft>
                <onright>11</onright>
                <onup>10</onup>
                <ondown>10</ondown>
				<align>center</align>
                <texturefocus border="5">img/ButtonFO.png</texturefocus>
				<texturenofocus border="5">aevolve/Button-Select-NF.png</texturenofocus>
            </control>
            <control type="button" id="11" description="Yes">
                <posx>502</posx>
                <posy>315</posy>
                <width>270</width>
                <label>107</label>
                <onleft>10</onleft>
                <onright>10</onright>
                <onup>11</onup>
                <ondown>11</ondown>
				<align>center</align>
                <texturefocus border="5">img/ButtonFO.png</texturefocus>
				<texturenofocus border="5">aevolve/Button-Select-NF.png</texturenofocus>
            </control>
        </control>
    </controls>
</window>
