<?xml version="1.0" encoding="UTF-8" ?>
<window type="buttonMenu" id="111">
    <defaultcontrol>9000</defaultcontrol>
    <include>DialogOpenClose</include>
    <coordinates>
        <system>1</system>
        <posx>0</posx>
        <posy>0</posy>
    </coordinates>
    <controls>
        <control type="image" description="BG">
            <animation effect="fade" start="0" end="100" delay="150" time="300">WindowOpen</animation>
            <animation effect="fade" start="100" end="0" time="50">WindowClose</animation>
            <posx>0</posx>
            <posy>0</posy>
            <width>1920</width>
            <height>1080</height>
            <texture>busy/BusyBG.png</texture>
        </control>
        <control type="image">
            <posx>620</posx>
            <posy>370</posy>
            <width>690</width>
            <height>350</height>
            <texture border="40">aevolve/settings-bg.png</texture>
        </control>
        <control type="grouplist" id="9000">
            <posx>660</posx>
            <posy>520</posy>
            <width>600</width>
            <height>126</height>
            <onleft>9000</onleft>
            <onright>9000</onright>
            <onup>noop</onup>
            <ondown>noop</ondown>
            <itemgap>30</itemgap>
            <align>center</align>
            <orientation>horizontal</orientation>
            <control type="button" id="2" description="Exit button">
                <enable>System.Platform.Android | System.Platform.Windows | System.Platform.osx</enable>
                <animation type="Conditional" condition="!Control.IsEnabled(2)">
                    <effect type="fade" start="100" end="30" time="0" reversible="true" />
                </animation>
                <width>126</width>
                <height>126</height>
                <font>-</font>
                <texturenofocus>BM_QuitFO.png</texturenofocus>
                <texturefocus>BM_QuitFO.png</texturefocus>
                <onclick>XBMC.Quit()</onclick>
                <label>13012</label>
                <!-- <visible>System.ShowExitButton</visible> -->
            </control>
            <control type="button" id="3" description="Shutdown button">
                <enable>System.CanPowerDown</enable>
                <animation type="Conditional" condition="!Control.IsEnabled(3)">
                    <effect type="fade" start="100" end="30" time="0" reversible="true" />
                </animation>
                <width>126</width>
                <height>126</height>
                <font>-</font>
                <texturenofocus>BM_ShutdownFO.png</texturenofocus>
                <texturefocus>BM_ShutdownFO.png</texturefocus>
                <onclick>XBMC.Powerdown()</onclick>
                <label>13005</label>
            </control>
            <control type="button" id="6" description="Suspend button">
                <enable>System.CanSuspend</enable>
                <animation type="Conditional" condition="!Control.IsEnabled(6)">
                    <effect type="fade" start="100" end="30" time="0" reversible="true" />
                </animation>
                <width>126</width>
                <height>126</height>
                <font>-</font>
                <texturenofocus>BM_SleepFO.png</texturenofocus>
                <texturefocus>BM_SleepFO.png</texturefocus>
                <onclick>XBMC.Suspend()</onclick>
                <label>13011</label>
            </control>
            <control type="button" id="8" description="Reboot button">
                <enable>System.CanReboot</enable>
                <animation type="Conditional" condition="!Control.IsEnabled(8)">
                    <effect type="fade" start="100" end="30" time="0" reversible="true" />
                </animation>
                <width>126</width>
                <height>126</height>
                <font>-</font>
                <texturenofocus>BM_RestartFO.png</texturenofocus>
                <texturefocus>BM_RestartFO.png</texturefocus>
                <onclick>XBMC.Reset()</onclick>
                <label>13013</label>
            </control>
        </control>
        <control type="group">
            <posx>660</posx>
            <posy>105</posy>
            <control type="label">
                <visible>ControlGroup(9000).HasFocus(2)</visible>
                <width>600</width>
                <height>675</height>
                <align>center</align>
                <font>size26B</font>
                <label>13009</label>
            </control>
            <control type="label">
                <visible>ControlGroup(9000).HasFocus(3)</visible>
                <width>600</width>
                <height>675</height>
                <align>center</align>
                <font>size26B</font>
                <label>13005</label>
            </control>
            <control type="label">
                <visible>ControlGroup(9000).HasFocus(6)</visible>
                <width>600</width>
                <height>675</height>
                <align>center</align>
                <font>size26B</font>
                <label>13011</label>
            </control>
            <control type="label">
                <visible>ControlGroup(9000).HasFocus(8)</visible>
                <width>600</width>
                <height>675</height>
                <align>center</align>
                <font>size26B</font>
                <label>13013</label>
            </control>
        </control>
        <control type="image" description="Selector">
            <posx>649</posx>
            <posy>504</posy>
            <width>154</width>
            <height>154</height>
            <aspectratio>stretch</aspectratio>
            <texture border="28">img/Frame25.png</texture>
            <animation type="Conditional" condition="Control.HasFocus(3)">
                <effect type="slide" start="0,0" end="156,0" time="180" center="auto" reversible="true" />
            </animation>
            <animation type="Conditional" condition="Control.HasFocus(6)">
                <effect type="slide" start="0,0" end="312,0" time="180" center="auto" reversible="true" />
            </animation>
            <animation type="Conditional" condition="Control.HasFocus(8)">
                <effect type="slide" start="0,0" end="468,0" time="180" center="auto" reversible="true" />
            </animation>
        </control>
    </controls>
</window>
