<?xml version="1.0" encoding="UTF-8" ?>
<window>
    <defaultcontrol>29</defaultcontrol>
    <coordinates>
        <system>1</system>
    </coordinates>
    <include>OpenClose</include>
    <controls>
        <include>MiniBackground</include>
        <control type="image">
            <posx>420</posx>
            <posy>75</posy>
            <width>1080</width>
            <height>980</height>
            <texture border="40">aevolve/settings-bg.png</texture>
        </control>
        <control type="group">
            <posx>412</posx>
            <posy>0</posy>
            <control type="label" id="2" description="Header">
                <posx>60</posx>
                <posy>30</posy>
                <width>975</width>
                <height>45</height>
                <font>size26B</font>
                <label>-</label>
                <align>center</align>
                <aligny>center</aligny>
            </control>
            <control type="grouplist" id="5" description="Controls">
                <posx>45</posx>
                <posy>105</posy>
                <width>1005</width>
                <height>900</height>
                <itemgap>8</itemgap>
                <onup>9001</onup>
                <ondown>9001</ondown>
                <onleft>9001</onleft>
                <onright>9001</onright>
            </control>
            <control type="group" id="9001">
                <posx>240</posx>
                <posy>945</posy>
                <control type="button" id="28">
                    <description>OK Button</description>
                    <posx>0</posx>
                    <posy>0</posy>
                    <width>300</width>
                    <height>60</height>
                    <align>center</align>
                    <aligny>center</aligny>
                    <label>186</label>
                    <onleft>29</onleft>
                    <onright>29</onright>
                    <onup>5</onup>
                    <ondown>5</ondown>
                    <texturenofocus border="5">img/ButtonNF.png</texturenofocus>
                </control>
                <control type="button" id="29">
                    <description>Cancel Button</description>
                    <posx>315</posx>
                    <posy>0</posy>
                    <width>300</width>
                    <height>60</height>
                    <align>center</align>
                    <aligny>center</aligny>
                    <label>222</label>
                    <onleft>28</onleft>
                    <onright>28</onright>
                    <onup>5</onup>
                    <ondown>5</ondown>
                    <texturenofocus border="5">img/ButtonNF.png</texturenofocus>
                </control>
            </control>
            <control type="button" id="7">
                <description>Default Button</description>
                <height>66</height>
                <texturefocus border="5">img/ButtonFO.png</texturefocus>
                <texturenofocus border="5">img/ButtonNF.png</texturenofocus>
            </control>
            <control type="radiobutton" id="8">
                <description>Default RadioButton</description>
                <height>66</height>
                <texturefocus border="5">img/ButtonFO.png</texturefocus>
                <texturenofocus border="5">img/ButtonNF.png</texturenofocus>
            </control>
            <control type="spincontrolex" id="9">
                <description>Default spincontrolex</description>
                <height>66</height>
                <texturefocus border="5">img/ButtonFO.png</texturefocus>
                <texturenofocus border="5">img/ButtonNF.png</texturenofocus>
                <aligny>center</aligny>
                <reverse>yes</reverse>
            </control>
            <control type="sliderex" id="10">
                <description>Default Slider</description>
                <height>66</height>
                <texturefocus border="5">img/ButtonFO.png</texturefocus>
                <texturenofocus border="5">img/ButtonNF.png</texturenofocus>
            </control>
            <control type="edit" id="12">
                <description>Default Edit</description>
                <height>66</height>
            </control>
        </control>
    </controls>
</window>
