<?xml version="1.0" encoding="UTF-8" ?>
<window>
    <defaultcontrol>61</defaultcontrol>
    <include>DialogOpenClose</include>
    <controls>
        <control type="image" description="BG">
            <animation effect="fade" start="0" end="100" delay="150" time="300">WindowOpen</animation>
            <animation effect="fade" start="100" end="0" time="50">WindowClose</animation>
            <posx>0</posx>
            <posy>0</posy>
            <width>1920</width>
            <height>1080</height>
            <texture>busy/BusyBG.png</texture>
        </control>
        <control type="image">
            <posx>490</posx>
            <posy>80</posy>
            <width>825</width>
            <height>835</height>
			<aspectratio>stretch</aspectratio>
			<texture border="136,127,128,139">aevolve/settings-bg.png</texture>
        </control>
        <control type="group">
            <posx>450</posx>
            <posy>75</posy>
            <control type="label" id="1" description="Header">
                <posx>70</posx>
                <posy>50</posy>
                <align>center</align>
                <width>750</width>
                <height>45</height>
				<font>title</font>
            </control>
            <control type="textbox" id="5" description="Textarea">
                <posx>90</posx>
                <posy>120</posy>
                <width>720</width>
                <height>690</height>
                <font>size18</font>
                <align>justify</align>
            </control>
            <control type="scrollbar" id="61">
                <posx>838</posx>
                <posy>115</posy>
                <height>690</height>
                <onleft>Close</onleft>
                <onright>Close</onright>
                <ondown>61</ondown>
                <onup>61</onup>
            </control>
        </control>
    </controls>
</window>
