<?xml version="1.0" encoding="UTF-8" ?>
<window>
    <defaultcontrol always="true">996</defaultcontrol>
    <include>OpenClose</include>
    <coordinates>
        <system>1</system>
    </coordinates>
    <controls>
        <control type="image" id="999" description="Background image">
            <posx>5</posx>
            <posy>0</posy>
            <width>545</width>
            <!-- <height>680</height> -->
            <texture border="40">aevolve/settings-bg.png</texture>
        </control>
        <control type="grouplist" id="996" description="Context menu container">
            <posx>37</posx>
            <posy>60</posy>
            <width>480</width>
            <height max="960">auto</height>
            <itemgap>3</itemgap>
            <control type="button" id="2001" description="InProgressReset">
                <visible>[Container.Content(Episodes) | Container.Content(Movies)] + system.hasaddon(script.module.inprogressreset) + !SubString(ListItem.PercentPlayed,0,left)</visible>
                <posx>-</posx>
                <posy>-</posy>
                <width>480</width>
                <height>60</height>
                <shadowcolor>BlackT</shadowcolor>
                <focusedcolor>White2</focusedcolor>
                <texturefocus border="5">img/ContextButtonFO.png</texturefocus>
                <texturenofocus>-</texturenofocus>
                <label>31286</label>
                <onclick>Dialog.Close(all,true)</onclick>
                <onclick>RunScript(script.module.inprogressreset,DBID=$INFO[ListItem.DBID])</onclick>
            </control>
            <control type="button" id="1000" description="Buttons">
                <posx>-</posx>
                <posy>-</posy>
                <width>480</width>
                <height>60</height>
                <shadowcolor>BlackT</shadowcolor>
                <focusedcolor>White2</focusedcolor>
                <texturefocus border="5">img/ContextButtonFO.png</texturefocus>
                <texturenofocus>aevolve/separator6.png</texturenofocus>
            </control>
        </control>
    </controls>
</window>
