<?xml version="1.0" encoding="UTF-8" ?>
<window type="dialog">
    <defaultcontrol always="true">3</defaultcontrol>
    <coordinates>
        <system>1</system>
        <posx>457</posx>
        <posy>240</posy>
    </coordinates>
    <zorder>2</zorder>
    <include>OpenClose</include>
    <controls>
        <control type="group">
            <control type="group" description="background wide">
                <include>AEVOLVE-Menu-List-NP</include>
                <posx>4</posx>
                <posy>59</posy>
                <height>542</height>
                <width>1120</width>
                <visible>Control.IsVisible(5) | Control.isVisible(6)</visible>
            </control>

            <control type="group" description="background narrow">
                <include>AEVOLVE-Menu-List-NP</include>
                <posx>160</posx>
                <posy>59</posy>
                <height>542</height>
                <width>689</width>
                <visible>Control.IsVisible(3) + !Control.IsVisible(5)</visible>
            </control>

            <control type="label" id="1">
                <posx>30</posx>
                <posy>32</posy>
                <width>940</width>
                <height>40</height>
                <font>font15_title</font>
                <label>$LOCALIZE[13406]</label>
                <align>center</align>
                <textcolor>dialogheader</textcolor>
                <font>font15_title</font>
            </control>

            <control type="group">
                <posx>725</posx>
                <posy>135</posy>
                <control type="image">
                    <posx>0</posx>
                    <posy>0</posy>
                    <width>300</width>
                    <height>332</height>
                    <aspectratio aligny="top">keep</aspectratio>
                    <texture>$INFO[Container(6).ListItem.Icon]</texture>
                    <bordertexture border="5">aevolve/solid-bg1.png</bordertexture>
                    <bordersize>1</bordersize>
                    <visible>Control.IsVisible(6)</visible>
                </control>
            </control>

            <control type="list" id="3">
                <posx>32</posx>
                <posy>88</posy>
                <width>630</width>
                <height>480</height>
                <onup>3</onup>
                <ondown>3</ondown>
                <onleft>5</onleft>
                <onright>60</onright>
                <pagecontrol>60</pagecontrol>
                <scrolltime tween="quadratic" easing="out">200</scrolltime>
                <animation effect="slide" start="0" end="157" time="0" tween="quadratic" condition="!Control.IsVisible(5)">Conditional</animation>
                <itemlayout height="60" width="630">
                    <control type="image">
                        <width>630</width>
                        <height>2</height>
                        <texture border="1">aevolve/separator5.png</texture>
                    </control>
                    <control type="label">
                        <width>630</width>
                        <height>60</height>
                        <textoffsetx>15</textoffsetx>
                        <font>font14</font>
                        <textcolor>grey2</textcolor>
                        <selectedcolor>selected</selectedcolor>
                        <align>left</align>
                        <aligny>center</aligny>
                        <label>$INFO[ListItem.Label]</label>
                    </control>
                    <control type="label">
                        <posx>630</posx>
                        <width>630</width>
                        <height>60</height>
                        <textoffsetx>15</textoffsetx>
                        <font>font14</font>
                        <textcolor>grey2</textcolor>
                        <selectedcolor>selected</selectedcolor>
                        <align>right</align>
                        <aligny>center</aligny>
                        <label>$INFO[ListItem.Label2]</label>
                    </control>
                </itemlayout>
                <focusedlayout height="60" width="630">
                    <control type="image">
                        <width>630</width>
                        <height>2</height>
                        <texture border="1">aevolve/separator5.png</texture>
                        <include>VisibleFadeEffect</include>
                    </control>
                    <control type="image">
                        <width>630</width>
                        <height>60</height>
                        <texture border="5">aevolve/AEVOLVE-List-Slider.png</texture>
                        <visible>Control.HasFocus(3)</visible>
                        <include>VisibleFadeEffect</include>
                    </control>
                    <control type="label">
                        <width>630</width>
                        <height>60</height>
                        <textoffsetx>15</textoffsetx>
                        <font>font14</font>
                        <textcolor>white</textcolor>
                        <selectedcolor>selected</selectedcolor>
                        <scroll>true</scroll>
                        <align>left</align>
                        <aligny>center</aligny>
                        <label>$INFO[ListItem.Label]</label>
                        <animation effect="fade" start="100" end="70" time="300" tween="sine" easing="inout" condition="!Control.HasFocus(3)">Conditional</animation>
                    </control>
                    <control type="label">
                        <posx>630</posx>
                        <width>630</width>
                        <height>60</height>
                        <textoffsetx>15</textoffsetx>
                        <font>font14</font>
                        <textcolor>white</textcolor>
                        <selectedcolor>selected</selectedcolor>
                        <align>right</align>
                        <aligny>center</aligny>
                        <label>$INFO[ListItem.Label2]</label>
                        <animation effect="fade" start="100" end="70" time="300" tween="sine" easing="inout" condition="!Control.HasFocus(3)">Conditional</animation>
                    </control>

                </focusedlayout>
            </control>
            <control type="list" id="6">
                <posx>32</posx>
                <posy>88</posy>
                <width>630</width>
                <height>480</height>
                <onup>6</onup>
                <ondown>6</ondown>
                <onleft>9001</onleft>
                <onright>60</onright>
                <pagecontrol>60</pagecontrol>
                <scrolltime tween="quadratic" easing="out">200</scrolltime>
                <itemlayout height="60" width="641">
                    <control type="image">
                        <posx>1</posx>
                        <posy>0</posy>
                        <width>630</width>
                        <height>2</height>
                        <texture border="1">aevolve/separator5.png</texture>
                    </control>
                    <control type="label">
                        <posx>0</posx>
                        <posy>0</posy>
                        <width>630</width>
                        <height>60</height>
                        <font>font14</font>
                        <textoffsetx>15</textoffsetx>
                        <textcolor>grey2</textcolor>
                        <selectedcolor>selected</selectedcolor>
                        <align>left</align>
                        <aligny>center</aligny>
                        <label>$INFO[ListItem.Label]</label>
                    </control>
                    <control type="label">
                        <posx>630</posx>
                        <posy>0</posy>
                        <width>630</width>
                        <height>60</height>
                        <font>font14</font>
                        <textoffsetx>15</textoffsetx>
                        <textcolor>grey2</textcolor>
                        <selectedcolor>selected</selectedcolor>
                        <align>right</align>
                        <label>$INFO[ListItem.Label2]</label>
                    </control>
                </itemlayout>
                <focusedlayout height="60" width="641">
                    <control type="image">
                        <posx>1</posx>
                        <posy>0</posy>
                        <width>630</width>
                        <height>1</height>
                        <texture border="1">aevolve/separator5.png</texture>
                    </control>
                    <control type="image">
                        <posx>1</posx>
                        <posy>0</posy>
                        <width>630</width>
                        <height>60</height>
                        <texture border="5">aevolve/AEVOLVE-List-Slider.png</texture>
                        <visible>Control.HasFocus(6)</visible>
                        <include>VisibleFadeEffect</include>
                    </control>
                    <control type="label">
                        <posx>0</posx>
                        <posy>0</posy>
                        <width>630</width>
                        <height>60</height>
                        <font>font14</font>
                        <textoffsetx>15</textoffsetx>
                        <textcolor>white</textcolor>
                        <selectedcolor>selected</selectedcolor>
                        <align>left</align>
                        <aligny>center</aligny>
                        <label>$INFO[ListItem.Label]</label>
                        <animation effect="fade" start="100" end="70" time="300" tween="sine" easing="inout" condition="!Control.HasFocus(6)">Conditional</animation>
                    </control>
                    <control type="label">
                        <posx>630</posx>
                        <posy>0</posy>
                        <width>630</width>
                        <height>60</height>
                        <font>font14</font>
                        <textoffsetx>15</textoffsetx>
                        <textcolor>grey</textcolor>
                        <selectedcolor>selected</selectedcolor>
                        <align>right</align>
                        <label>$INFO[ListItem.Label2]</label>
                        <animation effect="fade" start="100" end="70" time="300" tween="sine" easing="inout" condition="!Control.HasFocus(6)">Conditional</animation>
                    </control>
                </focusedlayout>
            </control>

            <control type="grouplist" id="9001">
                <posx>725</posx>
                <posy>460</posy>
                <height>134</height>
                <onleft>60</onleft>
                <onright>3</onright>
                <ondown>9001</ondown>
                <onup>9001</onup>
                <itemgap>14</itemgap>
                <control type="button" id="5">
                    <description>Manual button</description>
                    <width>300</width>
                    <label>186</label>
                    <texturefocus border="5">aevolve/AEVOLVE-List-Slider.png</texturefocus>
                    <texturenofocus border="5">aevolve/Button-Select-NF.png</texturenofocus>
                </control>
            </control>
            <control type="scrollbar" id="60">
                <posx>664</posx>
                <posy>88</posy>
                <height>480</height>
                <width>8</width>
                <onleft>6</onleft>
                <onright>9001</onright>
                <ondown>60</ondown>
                <onup>60</onup>
                <showonepage>false</showonepage>
                <texturesliderbackground>-</texturesliderbackground>
                <texturesliderbar colordiffuse="55ffffff" border="4">scrollbar/texturesliderbar3.png</texturesliderbar>
                <texturesliderbarfocus border="4">scrollbar/texturesliderbar3.png</texturesliderbarfocus>
                <animation effect="slide" start="0" end="157" time="0" tween="quadratic" condition="Control.IsVisible(3) + !Control.IsVisible(5)">Conditional</animation>
            </control>
        </control>
    </controls>
</window>
