<?xml version="1.0" encoding="UTF-8" ?>
<window>
    <defaultcontrol always="true">11</defaultcontrol>
    <coordinates>
        <system>1</system>
        <posx>810</posx>
        <posy>15</posy>
    </coordinates>
    <controls>
        <control type="group">
            <include>DialogOpenClose</include>
            <control type="image">
                <posx>50</posx>
                <posy>30</posy>
                <width>1122</width>
                <height>930</height>
                <aspectratio>stretch</aspectratio>
                <texture border="136,127,128,139">img/Dialog.png</texture>
            </control>
            <control type="fixedlist" id="11">
                <posx>240</posx>
                <posy>225</posy>
                <width>750</width>
                <height>525</height>
                <onleft>PreviousChannelGroup</onleft>
                <onright>61</onright>
                <onup>11</onup>
                <ondown>11</ondown>
                <pagecontrol>61</pagecontrol>
                <scrolltime>200</scrolltime>
                <focusposition>2</focusposition>
                <movement>2</movement>
                <itemlayout height="105" width="750">
                    <control type="progress">
                        <posx>0</posx>
                        <posy>3</posy>
                        <width>750</width>
                        <height>99</height>
                        <texturebg>img/ItemBG.png</texturebg>
                        <midtexture>img/ItemBG2.png</midtexture>
                        <info>ListItem.Progress</info>
                    </control>
                    <control type="label">
                        <posx>45</posx>
                        <posy>0</posy>
                        <width>75</width>
                        <height>105</height>
                        <font>size18</font>
                        <textcolor>Grey</textcolor>
                        <selectedcolor>selected</selectedcolor>
                        <align>center</align>
                        <aligny>center</aligny>
                        <label>$INFO[ListItem.ChannelNumber]</label>
                    </control>
                    <control type="image">
                        <posx>90</posx>
                        <posy>0</posy>
                        <width>30</width>
                        <height>105</height>
                        <texture>OverlayRecording.png</texture>
                        <aspectratio>keep</aspectratio>
                        <visible>ListItem.IsRecording</visible>
                    </control>
                    <control type="image">
                        <posx>99</posx>
                        <posy>0</posy>
                        <width>21</width>
                        <height>105</height>
                        <texture>OverlayTimer.png</texture>
                        <aspectratio>keep</aspectratio>
                        <visible>ListItem.HasTimer + !ListItem.IsRecording</visible>
                    </control>
                    <control type="label">
                        <visible>!IsEmpty(ListItem.Icon)</visible>
                        <posx>150</posx>
                        <posy>3</posy>
                        <width>495</width>
                        <height>52</height>
                        <font>size20</font>
                        <include>51MainLabel</include>
                        <label>$INFO[ListItem.Label]</label>
                    </control>
                    <control type="label">
                        <visible>!IsEmpty(ListItem.Icon)</visible>
                        <posx>150</posx>
                        <posy>48</posy>
                        <width>495</width>
                        <height>45</height>
                        <font>size20</font>
                        <include>51Label2</include>
                        <label>$INFO[ListItem.Label2]</label>
                    </control>
                    <control type="label">
                        <visible>IsEmpty(ListItem.Icon)</visible>
                        <posx>150</posx>
                        <posy>3</posy>
                        <width>555</width>
                        <height>52</height>
                        <font>size20</font>
                        <include>51MainLabel</include>
                        <label>$INFO[ListItem.Label]</label>
                    </control>
                    <control type="label">
                        <visible>IsEmpty(ListItem.Icon)</visible>
                        <posx>150</posx>
                        <posy>48</posy>
                        <width>555</width>
                        <height>45</height>
                        <font>size20</font>
                        <include>51Label2</include>
                        <label>$INFO[ListItem.Label2]</label>
                    </control>
                    <control type="image">
                        <posx>675</posx>
                        <posy>0</posy>
                        <width>60</width>
                        <height>105</height>
                        <texture>$INFO[ListItem.Icon]</texture>
                        <aspectratio>keep</aspectratio>
                    </control>
                </itemlayout>
                <focusedlayout height="105" width="750">
                    <control type="progress">
                        <posx>0</posx>
                        <posy>3</posy>
                        <width>750</width>
                        <height>99</height>
                        <texturebg>img/ItemBG.png</texturebg>
                        <midtexture>img/ItemBG2.png</midtexture>
                        <info>ListItem.Progress</info>
                    </control>
                    <control type="label">
                        <posx>45</posx>
                        <posy>0</posy>
                        <width>75</width>
                        <height>105</height>
                        <font>size18</font>
                        <textcolor>White2</textcolor>
                        <selectedcolor>selected</selectedcolor>
                        <align>center</align>
                        <aligny>center</aligny>
                        <label>$INFO[ListItem.ChannelNumber]</label>
                    </control>
                    <control type="image">
                        <posx>90</posx>
                        <posy>0</posy>
                        <width>30</width>
                        <height>105</height>
                        <texture>OverlayRecording.png</texture>
                        <aspectratio>keep</aspectratio>
                        <visible>ListItem.IsRecording</visible>
                    </control>
                    <control type="image">
                        <posx>99</posx>
                        <posy>0</posy>
                        <width>21</width>
                        <height>105</height>
                        <texture>OverlayTimer.png</texture>
                        <aspectratio>keep</aspectratio>
                        <visible>ListItem.HasTimer + !ListItem.IsRecording</visible>
                    </control>
                    <control type="label">
                        <visible>!IsEmpty(ListItem.Icon)</visible>
                        <posx>150</posx>
                        <posy>3</posy>
                        <width>495</width>
                        <height>52</height>
                        <font>size20</font>
                        <include>51MainLabelFO</include>
                        <label>$INFO[ListItem.Label]</label>
                    </control>
                    <control type="label">
                        <visible>!IsEmpty(ListItem.Icon)</visible>
                        <posx>150</posx>
                        <posy>48</posy>
                        <width>495</width>
                        <height>45</height>
                        <font>size20</font>
                        <include>51Label2FO</include>
                        <label>$INFO[ListItem.Label2]</label>
                    </control>
                    <control type="label">
                        <visible>IsEmpty(ListItem.Icon)</visible>
                        <posx>150</posx>
                        <posy>3</posy>
                        <width>555</width>
                        <height>52</height>
                        <font>size20</font>
                        <include>51MainLabelFO</include>
                        <label>$INFO[ListItem.Label]</label>
                    </control>
                    <control type="label">
                        <visible>IsEmpty(ListItem.Icon)</visible>
                        <posx>150</posx>
                        <posy>48</posy>
                        <width>555</width>
                        <height>45</height>
                        <font>size20</font>
                        <include>51Label2FO</include>
                        <label>$INFO[ListItem.Label2]</label>
                    </control>
                    <control type="image">
                        <posx>675</posx>
                        <posy>0</posy>
                        <width>60</width>
                        <height>105</height>
                        <texture>$INFO[ListItem.Icon]</texture>
                        <aspectratio>keep</aspectratio>
                    </control>
                </focusedlayout>
            </control>
            <control type="image">
                <posx>240</posx>
                <posy>435</posy>
                <width>750</width>
                <height>105</height>
                <texture border="5">img/ButtonFO2.png</texture>
                <animation condition="Container(11).Position(0)" effect="slide" start="0,0" end="0,-210" time="180" easing="inout" reversible="true">Conditional</animation>
                <animation condition="Container(11).Position(1)" effect="slide" start="0,0" end="0,-105" time="180" easing="inout" reversible="true">Conditional</animation>
                <animation condition="Container(11).Position(2)" effect="slide" start="0,0" end="0,0" time="180" easing="inout" reversible="true">Conditional</animation>
                <animation condition="Container(11).Position(3)" effect="slide" start="0,0" end="0,105" time="180" easing="inout" reversible="true">Conditional</animation>
                <animation condition="Container(11).Position(4)" effect="slide" start="0,0" end="0,210" time="180" easing="inout" reversible="true">Conditional</animation>
            </control>
            <control type="scrollbar" id="61">
                <posx>1011</posx>
                <posy>240</posy>
                <width>9</width>
                <height>495</height>
                <onleft>11</onleft>
                <onright>close</onright>
                <ondown>61</ondown>
                <onup>61</onup>
                <showonepage>false</showonepage>
                <orientation>vertical</orientation>
            </control>
        </control>
    </controls>
</window>
