<?xml version="1.0" encoding="UTF-8" ?>
<window>
    <defaultcontrol always="true">10</defaultcontrol>
    <include>DialogOpenClose</include>
    <controls>
        <control type="image">
            <posx>502</posx>
            <posy>293</posy>
            <width>916</width>
            <height>494</height>
            <texture border="40">aevolve/settings-bg.png</texture>
        </control>
        <control type="group">
            <posx>505</posx>
            <posy>293</posy>
            <control type="label" id="1" description="Heading">
                <posy>30</posy>
                <width>960</width>
                <label>-</label>
                <font>title3</font>
                <shadowcolor>black</shadowcolor>
                <align>center</align>
            </control>
		<control type="textbox" id="9">
			<description>dialog line 1/2/3</description>
			<left>45</left>
			<top>105</top>
			<width>825</width>
			<height>282</height>
			<font>font12</font>
			<align>left</align>
			<label>-</label>
			<textcolor>grey2</textcolor>
			<autoscroll time="3000" delay="4000" repeat="5000">true</autoscroll>
		</control>
            <control type="button" id="10" description="Ok">
                <posx>330</posx>
                <posy>370</posy>
                <width>300</width>
                <height>80</height>
                <label>186</label>
				<align>center</align>
                <texturefocus border="5">img/ButtonFO.png</texturefocus>
				<texturenofocus border="5">aevolve/Button-Select-NF.png</texturenofocus>
            </control>
        </control>
    </controls>
</window>
