<?xml version="1.0" encoding="UTF-8" ?>
<window>
    <defaultcontrol always="true">11</defaultcontrol>
    <include>OpenClose</include>
    <controls>
        <control type="group">
            <posx>0</posx>
            <posy>0</posy>
            <control type="image">
                <posx>555</posx>
                <posy>-81</posy>
                <width>810</width>
                <height>450</height>
                <texture border="136,127,128,139">img/Dialog.png</texture>
            </control>
            <control type="label" id="10" description="Heading">
                <posx>0</posx>
                <posy>45</posy>
                <width>1920</width>
                <align>center</align>
                <font>size24</font>
                <textcolor>White</textcolor>
                <shadowcolor>Black</shadowcolor>
                <animation effect="fade" time="200">VisibleChange</animation>
            </control>
            <control type="slider" id="11" description="Slider">
                <posx>765</posx>
                <posy>138</posy>
                <width>390</width>
                <onup>noop</onup>
                <ondown>noop</ondown>
                <onleft>11</onleft>
                <onright>11</onright>
                <texturesliderbar>OSD/SliderBackground2.png</texturesliderbar>
            </control>
            <control type="label" id="12" description="Slider value">
                <posx>660</posx>
                <posy>153</posy>
                <width>600</width>
                <align>center</align>
                <font>size18</font>
                <textcolor>White</textcolor>
                <shadowcolor>Black</shadowcolor>
                <animation effect="fade" time="200">VisibleChange</animation>
            </control>
        </control>
    </controls>
</window>
