<?xml version="1.0" encoding="UTF-8" ?>
<window>
    <defaultcontrol always="true">300</defaultcontrol>
    <controls>
        <control type="group">
            <visible>!Window.IsVisible(numericinput)</visible>
            <control type="group" description="Left Panel">
                <include>AEVOLVE-Menu-List-NP</include>
                <centerleft>960</centerleft>
                <centertop>735</centertop>
                <width>1250</width>
                <height>680</height>
            </control>
            <control type="image">
                <centerleft>960</centerleft>
                <top>540</top>
                <width>1080</width>
                <height>60</height>
                <texture border="24,8,24,8">HUD/KeyEdit.png</texture>
            </control>
            <control type="group" description="content">
                <control type="label" id="311" description="Heading">
                    <centerleft>960</centerleft>
                    <top>465</top>
                    <width>1080</width>
                    <height>60</height>
                    <font>size28</font>
                    <align>center</align>
                </control>
                <control type="group">
                    <centerleft>960</centerleft>
                    <centertop>720</centertop>
                    <width>1080</width>
                    <height>600</height>
                    <control type="edit" id="312">
                        <description>Edit Text</description>
                        <top>126</top>
                        <width>1080</width>
                        <height>45</height>
                        <textcolor>White2</textcolor>
                        <font>size26</font>
                        <scroll>true</scroll>
                        <align>center</align>
                        <texturefocus>-</texturefocus>
                        <texturenofocus>-</texturenofocus>
                    </control>
                    <control type="group" description="Buttons">
                        <width>1050</width>
                        <height>600</height>
                        <top>210</top>
                        <left>15</left>
                        <control type="grouplist">
                            <description>1st Row</description>
                            <itemgap>0</itemgap>
                            <orientation>horizontal</orientation>
                            <control type="button" id="305">
                                <description>previous button</description>
                                <label>&lt;</label>
                                <onup>300</onup>
                                <ondown>304</ondown>

                                <include>KeyboardButtons</include>
                            </control>
                            <control type="button" id="306">
                                <description>next button</description>
                                <label>&gt;</label>
                                <onup>300</onup>
                                <ondown>304</ondown>

                                <include>KeyboardButtons</include>
                            </control>
                            <control type="button" id="8">
                                <description>BACKSPACE button</description>
                                <label></label>
                                <onup>300</onup>
                                <ondown>304</ondown>
                                <width>150</width>

                                <include>KeyboardButtons</include>
                            </control>
                            <control type="button" id="100">
                                <description>(0,0) key button</description>
                                <label>&gt;</label>
                                <onup>32</onup>
                                <ondown>120</ondown>
                                <include>KeyboardButtons</include>
                            </control>
                            <control type="button" id="101">
                                <description>(0,1) key button</description>
                                <onup>32</onup>
                                <ondown>121</ondown>
                                <include>KeyboardButtons</include>
                            </control>
                            <control type="button" id="102">
                                <description>(0,2) button</description>
                                <onup>32</onup>
                                <ondown>122</ondown>
                                <include>KeyboardButtons</include>
                            </control>
                            <control type="button" id="103">
                                <description>(0,3) button</description>
                                <onup>32</onup>
                                <ondown>123</ondown>
                                <include>KeyboardButtons</include>
                            </control>
                            <control type="button" id="104">
                                <description>(0,4) button</description>
                                <onup>32</onup>
                                <ondown>124</ondown>
                                <include>KeyboardButtons</include>
                            </control>
                            <control type="button" id="105">
                                <description>(0,5) button</description>
                                <onup>32</onup>
                                <ondown>125</ondown>
                                <include>KeyboardButtons</include>
                            </control>
                            <control type="button" id="106">
                                <description>(0,6) button</description>
                                <onup>32</onup>
                                <ondown>126</ondown>
                                <include>KeyboardButtons</include>
                            </control>
                            <control type="button" id="107">
                                <description>(0,7) button</description>
                                <onup>32</onup>
                                <ondown>127</ondown>
                                <include>KeyboardButtons</include>
                            </control>
                            <control type="button" id="108">
                                <description>(0,8) button</description>
                                <onup>32</onup>
                                <ondown>128</ondown>
                                <include>KeyboardButtons</include>
                            </control>
                            <control type="button" id="109">
                                <description>(0,9) button</description>
                                <onup>32</onup>
                                <ondown>129</ondown>
                                <include>KeyboardButtons</include>
                            </control>
                            <control type="button" id="110">
                                <description>(0,10) button</description>
                                <onup>32</onup>
                                <ondown>130</ondown>
                                <include>KeyboardButtons</include>
                            </control>
                            <control type="button" id="111">
                                <description>(0,11) button</description>
                                <onup>32</onup>
                                <ondown>131</ondown>
                                <include>KeyboardButtons</include>
                            </control>
                        </control>
                        <control type="image" description="Delete Backspace img">
                            <visible>Control.HasFocus(8)</visible>
                            <posx>150</posx>
                            <posy>2</posy>
                            <width>150</width>
                            <aspectratio>keep</aspectratio>
                            <include>KeyboardButtons</include>
                            <texture colordiffuse="HL">HUD/KeyButtonDel.png</texture>
                        </control>
                        <control type="image" description="Delete Backspace img">
                            <visible>!Control.HasFocus(8)</visible>
                            <posx>150</posx>
                            <posy>2</posy>
                            <width>150</width>
                            <aspectratio>keep</aspectratio>
                            <include>KeyboardButtons</include>
                            <texture>HUD/KeyButtonDel.png</texture>
                        </control>
                        <control type="grouplist">
                            <description>2nd Row</description>
                            <itemgap>0</itemgap>
                            <orientation>horizontal</orientation>
                            <top>75</top>
                            <control type="togglebutton" id="304">
                                <description>Symbols button</description>
                                <width>150</width>
                                <label>@#!*</label>
                                <altlabel>[COLOR=HL][UPPERCASE]@#!*[/UPPERCASE][/COLOR]</altlabel>
                                <onup>305</onup>
                                <ondown>303</ondown>
                                <include>KeyboardButtons</include>
                            </control>
                            <control type="button" id="307">
                                <description>IP Input button</description>
                                <width>150</width>
                                <label>IP</label>
                                <onup>8</onup>
                                <ondown>303</ondown>
                                <include>KeyboardButtons</include>
                            </control>
                            <control type="button" id="120">
                                <description>(1,0) button</description>
                                <onup>100</onup>
                                <ondown>140</ondown>
                                <include>KeyboardButtons</include>
                            </control>
                            <control type="button" id="121">
                                <description>(1,1) button</description>
                                <onup>101</onup>
                                <ondown>141</ondown>
                                <include>KeyboardButtons</include>
                            </control>
                            <control type="button" id="122">
                                <description>(1,2) button</description>
                                <onup>102</onup>
                                <ondown>142</ondown>
                                <include>KeyboardButtons</include>
                            </control>
                            <control type="button" id="123">
                                <description>(1,3) button</description>
                                <onup>103</onup>
                                <ondown>143</ondown>
                                <include>KeyboardButtons</include>
                            </control>
                            <control type="button" id="124">
                                <description>(1,4) button</description>
                                <onup>104</onup>
                                <ondown>144</ondown>
                                <include>KeyboardButtons</include>
                            </control>
                            <control type="button" id="125">
                                <description>(1,5) button</description>
                                <onup>105</onup>
                                <ondown>145</ondown>
                                <include>KeyboardButtons</include>
                            </control>
                            <control type="button" id="126">
                                <description>(1,6) button</description>
                                <onup>106</onup>
                                <ondown>146</ondown>
                                <include>KeyboardButtons</include>
                            </control>
                            <control type="button" id="127">
                                <description>(1,7) button</description>
                                <onup>107</onup>
                                <ondown>147</ondown>
                                <include>KeyboardButtons</include>
                            </control>
                            <control type="button" id="128">
                                <description>(1,8) button</description>
                                <onup>108</onup>
                                <ondown>148</ondown>
                                <include>KeyboardButtons</include>
                            </control>
                            <control type="button" id="129">
                                <description>(1,9) button</description>
                                <onup>109</onup>
                                <ondown>149</ondown>
                                <include>KeyboardButtons</include>
                            </control>
                            <control type="button" id="130">
                                <description>(1,10) button</description>
                                <onup>110</onup>
                                <ondown>150</ondown>
                                <include>KeyboardButtons</include>
                            </control>
                            <control type="button" id="131">
                                <description>(1,11) button</description>
                                <onup>111</onup>
                                <ondown>151</ondown>
                                <include>KeyboardButtons</include>
                            </control>
                        </control>
                        <control type="grouplist">
                            <description>3rd Row</description>
                            <itemgap>0</itemgap>
                            <orientation>horizontal</orientation>
                            <posy>150</posy>
                            <control type="togglebutton" id="303">
                                <description>CAPS LOCK button</description>
                                <width>300</width>
                                <onup>307</onup>
                                <ondown>302</ondown>
                                <font>size24</font>
                                <label>20179</label>
                                <altlabel>[COLOR=HL][UPPERCASE]$LOCALIZE[20179][/UPPERCASE][/COLOR]</altlabel>
                                <include>KeyboardButtons</include>
                            </control>
                            <control type="button" id="140">
                                <description>(2,0) button</description>
                                <onup>120</onup>
                                <ondown>160</ondown>
                                <include>KeyboardButtons</include>
                            </control>
                            <control type="button" id="141">
                                <description>(2,1) button</description>
                                <onup>121</onup>
                                <ondown>161</ondown>
                                <include>KeyboardButtons</include>
                            </control>
                            <control type="button" id="142">
                                <description>(2,2) button</description>
                                <onup>122</onup>
                                <ondown>162</ondown>
                                <include>KeyboardButtons</include>
                            </control>
                            <control type="button" id="143">
                                <description>(2,3) button</description>
                                <onup>123</onup>
                                <ondown>163</ondown>
                                <include>KeyboardButtons</include>
                            </control>
                            <control type="button" id="144">
                                <description>(2,4) button</description>
                                <onup>124</onup>
                                <ondown>164</ondown>
                                <include>KeyboardButtons</include>
                            </control>
                            <control type="button" id="145">
                                <description>(2,5) button</description>
                                <onup>125</onup>
                                <ondown>165</ondown>
                                <include>KeyboardButtons</include>
                            </control>
                            <control type="button" id="146">
                                <description>(2,6) button</description>
                                <onup>126</onup>
                                <ondown>166</ondown>
                                <include>KeyboardButtons</include>
                            </control>
                            <control type="button" id="147">
                                <description>(2,7) button</description>
                                <onup>127</onup>
                                <ondown>167</ondown>
                                <include>KeyboardButtons</include>
                            </control>
                            <control type="button" id="148">
                                <description>(2,8) button</description>
                                <onup>128</onup>
                                <ondown>168</ondown>
                                <include>KeyboardButtons</include>
                            </control>
                            <control type="button" id="149">
                                <description>(2,9) button</description>
                                <onup>129</onup>
                                <ondown>169</ondown>
                                <include>KeyboardButtons</include>
                            </control>
                            <control type="button" id="150">
                                <description>(2,10) button</description>
                                <onup>130</onup>
                                <ondown>170</ondown>
                                <include>KeyboardButtons</include>
                            </control>
                            <control type="button" id="151">
                                <description>(2,11) button</description>
                                <onup>131</onup>
                                <ondown>171</ondown>
                                <include>KeyboardButtons</include>
                            </control>
                        </control>
                        <control type="grouplist">
                            <description>4th Row</description>
                            <itemgap>0</itemgap>
                            <orientation>horizontal</orientation>
                            <posy>225</posy>
                            <control type="togglebutton" id="302" description="Shift">
                                <width>300</width>
                                <onup>303</onup>
                                <ondown>300</ondown>
                                <font>size24</font>
                                <label>20178</label>
                                <altlabel>[COLOR=HL][UPPERCASE]$LOCALIZE[20178][/UPPERCASE][/COLOR]</altlabel>
                                <include>KeyboardButtons</include>
                            </control>
                            <control type="button" id="160">
                                <description>(3,0) button</description>
                                <onup>140</onup>
                                <ondown>32</ondown>
                                <include>KeyboardButtons</include>
                            </control>
                            <control type="button" id="161">
                                <description>(3,1) button</description>
                                <onup>141</onup>
                                <ondown>32</ondown>
                                <include>KeyboardButtons</include>
                            </control>
                            <control type="button" id="162">
                                <description>(3,2) button</description>
                                <onup>142</onup>
                                <ondown>32</ondown>
                                <include>KeyboardButtons</include>
                            </control>
                            <control type="button" id="163">
                                <description>(3,3) button</description>
                                <onup>143</onup>
                                <ondown>32</ondown>
                                <include>KeyboardButtons</include>
                            </control>
                            <control type="button" id="164">
                                <description>(3,4) button</description>
                                <onup>144</onup>
                                <ondown>32</ondown>
                                <include>KeyboardButtons</include>
                            </control>
                            <control type="button" id="165">
                                <description>(3,5) button</description>
                                <onup>145</onup>
                                <ondown>32</ondown>
                                <include>KeyboardButtons</include>
                            </control>
                            <control type="button" id="166">
                                <description>(3,6) button</description>
                                <onup>146</onup>
                                <ondown>32</ondown>
                                <include>KeyboardButtons</include>
                            </control>
                            <control type="button" id="167">
                                <description>(3,7) button</description>
                                <onup>147</onup>
                                <ondown>32</ondown>
                                <include>KeyboardButtons</include>
                            </control>
                            <control type="button" id="168">
                                <description>(3,8) button</description>
                                <onup>148</onup>
                                <ondown>32</ondown>
                                <include>KeyboardButtons</include>
                            </control>
                            <control type="button" id="169">
                                <description>(3,9) button</description>
                                <onup>149</onup>
                                <ondown>32</ondown>
                                <include>KeyboardButtons</include>
                            </control>
                            <control type="button" id="170">
                                <description>(3,10) button</description>
                                <onup>150</onup>
                                <ondown>32</ondown>
                                <include>KeyboardButtons</include>
                            </control>
                            <control type="button" id="171">
                                <description>(3,11) button</description>
                                <onup>151</onup>
                                <ondown>32</ondown>
                                <include>KeyboardButtons</include>
                            </control>
                        </control>
                        <control type="grouplist">
                            <description>5th Row</description>
                            <itemgap>0</itemgap>
                            <orientation>horizontal</orientation>
                            <posy>300</posy>
                            <control type="button" id="300" description="DONE button">
                                <width>300</width>
                                <label>[UPPERCASE]$LOCALIZE[20177][/UPPERCASE]</label>
                                <onup>302</onup>
                                <ondown>8</ondown>
                                <textcolor>FFFFFFFF</textcolor>
                                <font>size24</font>
                                <include>KeyboardButtons</include>
                            </control>
                            <control type="button" id="32">
                                <description>SPACE button</description>
                                <width>750</width>
                                <label>$LOCALIZE[20182]</label>
                                <onup>162</onup>
                                <ondown>105</ondown>
                                <font>size24</font>
                                <include>KeyboardButtons</include>
                            </control>
                        </control>
                    </control>
                </control>
            </control>
        </control>
    </controls>
</window>
