<?xml version="1.0" encoding="UTF-8" ?>
<window>
    <defaultcontrol always="true">10</defaultcontrol>
    <coordinates>
        <system>1</system>
        <posx>502</posx>
        <posy>293</posy>
    </coordinates>
    <include>dialogeffect</include>
    <controls>
        <control type="image">
            <posx>0</posx>
            <posy>0</posy>
            <width>916</width>
            <height>494</height>
            <texture border="40">aevolve/settings-bg.png</texture>
        </control>
        <control type="label" id="1">
            <description>fake heading label</description>
            <posx>0</posx>
            <posy>0</posy>
            <width>0</width>
            <height>0</height>
            <font>-</font>
            <visible>false</visible>
        </control>
        <control type="image">
            <posx>30</posx>
            <posy>86</posy>
            <width>856</width>
            <height>302</height>
            <texture border="5">aevolve/inner.png</texture>
        </control>
        <control type="image">
            <posx>30</posx>
            <posy>32</posy>
            <width>856</width>
            <height>40</height>
            <texture border="5">aevolve/inner.png</texture>
        </control>
        <control type="image">
            <description>ProgressbarBG</description>
            <posx>65</posx>
            <posy>310</posy>
            <width>780</width>
            <height>40</height>
            <info>System.Progressbar</info>
            <colordiffuse>22FFFFFF</colordiffuse>
            <texture>OSD/midtexture.png</texture>
        </control>
        <control type="progress">
            <description>Progressbar</description>
            <posx>70</posx>
            <posy>300</posy>
            <width>770</width>
            <height>46</height>
            <info>System.Progressbar</info>
            <colordiffuse>44FFFFFF</colordiffuse>
        </control>
        <control type="label">
            <description>Progress Bar Percent</description>
            <posx>15</posx>
            <posy>309</posy>
            <width>856</width>
            <height>40</height>
            <font>subtitle</font>
            <label>$INFO[System.Progressbar, %]</label>
            <align>center</align>
            <aligny>center</aligny>
            <textcolor>White2</textcolor>
        </control>


        <control type="label">
            <description>header label</description>
            <posx>30</posx>
            <posy>32</posy>
            <width>856</width>
            <height>40</height>
            <textoffsetx>15</textoffsetx>
            <font>title2</font>
            <label>$INFO[Control.GetLabel(1)]</label>
            <align>center</align>
            <aligny>center</aligny>
            <textcolor>White2</textcolor>
        </control>
        <control type="textbox" id="9">
            <description>dialog line 1/2/3</description>
            <posx>30</posx>
            <posy>140</posy>
            <width>825</width>
            <height>282</height>
            <font>font15_textbox</font>
            <align>center</align>
            <label>-</label>
            <textcolor>grey2</textcolor>
            <autoscroll time="3000" delay="4000" repeat="5000">true</autoscroll>
        </control>
        <control type="button" id="10">
            <description>Cancel button</description>
            <posx>325</posx>
            <posy>390</posy>
            <width>250</width>
            <height>60</height>
            <label>222</label>
            <font>font15_title</font>
            <textcolor>grey2</textcolor>
            <focusedcolor>white</focusedcolor>
            <align>center</align>
            <onleft>11</onleft>
            <onright>11</onright>
            <onup>10</onup>
            <ondown>10</ondown>
            <texturefocus border="5">aevolve/AEVOLVE-List-Slider.png</texturefocus>
            <texturenofocus border="5">aevolve/Button-Select-NF.png</texturenofocus>
        </control>
    </controls>
</window>
