<?xml version="1.0" encoding="UTF-8" ?>
<window type="dialog">
    <controls>
        <control type="group">
            <animation effect="fade" start="100" end="0" time="200" reversible="true" condition="Window.IsActive(FullscreenVideo) | Window.IsActive(Visualisation)">conditional</animation>
            <posx>1080</posx>
            <posy>3</posy>
            <control type="image" description="Dialog BG">
                <posx>0</posx>
                <posy>-6</posy>
                <width>600</width>
                <height>108</height>
                <texture border="14">img/ProgressBG.png</texture>
            </control>
            <control type="label" id="30" description="Caption Label">
                <posx>22</posx>
                <posy>9</posy>
                <width>555</width>
                <height>27</height>
                <font>size14</font>
                <align>left</align>
                <aligny>center</aligny>
            </control>
            <control type="label" id="31" description="Current Directory Label">
                <posx>22</posx>
                <posy>36</posy>
                <width>555</width>
                <height>30</height>
                <font>size14</font>
                <align>left</align>
                <haspath>true</haspath>
                <aligny>center</aligny>
            </control>
            <control type="progress" id="32" description="Progress bar">
                <posx>22</posx>
                <posy>75</posy>
                <width>555</width>
                <height>8</height>
                <texturebg>MusicOSD/ProgressBG.png</texturebg>
                <midtexture border="0,0,1,0">MusicOSD/ProgressMidd.png</midtexture>
                <righttexture>MusicOSD/ProgressRight.png</righttexture>
                <lefttexture>MusicOSD/ProgressLeft.png</lefttexture>
            </control>
        </control>
    </controls>
</window>
