<?xml version="1.0" encoding="UTF-8" ?>
<window>
    <defaultcontrol always="true">901</defaultcontrol>
    <include>OpenClose</include>
    <controls>
        <control type="group">
            <posx>1800</posx>
            <posy>30</posy>
            <control type="image" id="901" description="Muted">
                <posx>9</posx>
                <posy>9</posy>
                <width>78</width>
                <height>78</height>
                <aspectratio>keep</aspectratio>
                <texture>img/SpeakerMuted.png</texture>
            </control>
        </control>
    </controls>
</window>
