<?xml version="1.0" encoding="UTF-8" ?>
<window>
    <defaultcontrol always="true">20</defaultcontrol>
    <include>OpenClose</include>
    <controls>
        <include>MiniBackground</include>
        <control type="image" description="Background image">
            <posx>380</posx>
            <posy>60</posy>
            <height>1200</height>
            <width>1190</width>
            <texture border="60,60,60,60">aevolve/settings-bg.png</texture>
        </control>
        <control type="group">
            <posx>0</posx>
            <posy>30</posy>
      <control type="spincontrolex" id="20" description="Content Type">
        <posx>435</posx>
        <posy>75</posy>
        <width>1080</width>
        <onup>-</onup>
        <ondown>21</ondown>
        <onleft>28</onleft>
        <onright>28</onright>
        <textoffsetx>20</textoffsetx>
        <texturenofocus>-</texturenofocus>
				<label>$LOCALIZE[20344]</label>
      </control>
            <control type="image" description="Splitter">
                <posx>375</posx>
                <posy>156</posy>
                <height>1</height>
                <width>1260</width>
                <texture>img/LineST.png</texture>
            </control>
            <control type="list" id="21" description="Scraper list">
                <posx>705</posx>
                <posy>171</posy>
                <width>810</width>
                <height>210</height>
                <onup>20</onup>
                <onleft>5</onleft>
                <onright>3</onright>
                <ondown>5</ondown>
                <itemlayout height="69" width="810">
                    <control type="label">
                        <posx>30</posx>
                        <width>750</width>
                        <height>69</height>
                        <info>ListItem.Label</info>
                    </control>
                </itemlayout>
                <focusedlayout height="69" width="810">
                    <control type="image">
                       <!-- <visible>Control.HasFocus(4)</visible> -->
                        <posy>0</posy>
                        <width>810</width>
                        <height>69</height>
                        <texture border="5">img/ButtonFO.png</texture>
                    </control>
                    <control type="label">
                        <posx>30</posx>
                        <width>750</width>
                        <height>69</height>
                        <info>ListItem.Label</info>
                    </control>
                </focusedlayout>
            </control>
            <control type="image" description="Splitter">
                <posx>375</posx>
                <posy>390</posy>
                <height>1</height>
                <width>1260</width>
                <texture>img/LineST.png</texture>
            </control>
            <control type="grouplist" id="5" description="Control Area">
                <posx>435</posx>
                <posy>405</posy>
                <width>1080</width>
                <height>450</height>
                <itemgap>3</itemgap>
                <onup>21</onup>
                <ondown>22</ondown>
                <onleft>noop</onleft>
                <onright>noop</onright>
                <orientation>vertical</orientation>
            </control>
            <control type="button" id="7" description="Button Default">
                <width>1080</width>
                <align>left</align>
            </control>
            <control type="radiobutton" id="8" description="RadioButton">
                <width>1080</width>
                <align>left</align>
                <radioposx>1020</radioposx>
            </control>
            <control type="group">
                <posy>72</posy>
                <control type="button" id="22" description="Settings">
                    <posx>435</posx>
                    <posy>723</posy>
                    <width>1080</width>
                    <height>75</height>
                    <align>left</align>
                    <label>$LOCALIZE[5]</label>
                    <onup>5</onup>
                    <onleft>28</onleft>
                    <onright>29</onright>
                    <ondown>28</ondown>
                </control>
                <control type="image" description="Splitter">
                    <posx>375</posx>
                    <posy>813</posy>
                    <height>1</height>
                    <width>1260</width>
                    <texture>img/LineST.png</texture>
                </control>
                <control type="button" id="28" description="OK">
                    <posx>510</posx>
                    <posy>831</posy>
                    <width>330</width>
                    <label>186</label>
                    <onleft>noop</onleft>
                    <onright>29</onright>
                    <onup>22</onup>
                    <ondown>3</ondown>
					<align>center</align>
					<texturefocus border="5">img/ButtonFO.png</texturefocus>
					<texturenofocus border="5">aevolve/Button-Select-NF.png</texturenofocus>
                </control>
                <control type="button" id="29" description="Cancel">
                    <posx>1008</posx>
                    <posy>831</posy>
                    <width>330</width>
                    <label>222</label>
                    <onleft>28</onleft>
                    <onright>noop</onright>
                    <onup>22</onup>
                    <ondown>3</ondown>
					<align>center</align>
					<texturefocus border="5">img/ButtonFO.png</texturefocus>
					<texturenofocus border="5">aevolve/Button-Select-NF.png</texturenofocus>
                </control>
            </control>
        </control>
        <control type="image" description="Addon Icon">
            <posx>441</posx>
            <posy>210</posy>
            <width>180</width>
            <height>180</height>
            <texture fallback="DefaultAddonNone.png">$INFO[ListItem.Icon]</texture>
            <aspectratio aligny="top">scale</aspectratio>
            <bordertexture border="3">img/ThumbBorder3.png</bordertexture>
            <bordersize>1</bordersize>
        </control>
        <control type="image">
            <left>0</left>
            <top>0</top>
            <width>1920</width>
            <height>70</height>
            <texture border="5">img/DarkLayer.png</texture>
        </control>
<!--
        <control type="button" id="3011" description="help button">
            <left>75</left>
            <top>20</top>
            <width>111</width>
            <height>39</height>
            <onclick>RunAddon(plugin.video.aevolveboxhelp)</onclick>
        </control>
        <control type="image" description="help icon">
            <left>80</left>
            <top>20</top>
            <width>101</width>
            <height>39</height>
            <texture>img/HelpHeader.png</texture>
        </control>
-->
        <control type="label" description="Clock">
            <visible>Skin.HasSetting(ShowClock)</visible>
            <posx>30r</posx>
            <posy>10</posy>
            <width>195</width>
            <height>75</height>
            <align>right</align>
            <aligny>center</aligny>
            <font>time</font>
            <textcolor>White2</textcolor>
            <label>[B]$INFO[System.Time][/B]</label>
        </control>
        <control type="label" description="Date">
            <visible>Skin.HasSetting(ShowClock) + ![Control.IsVisible(53) | Control.IsVisible(55)]</visible>
            <posx>33r</posx>
            <posy>-20</posy>
            <width>295</width>
            <height>75</height>
            <align>right</align>
            <aligny>center</aligny>
            <font>time</font>
            <textcolor>White2</textcolor>
            <label>$INFO[System.Date]</label>
        </control>
        <control type="label" description="Directory Contains">
            <posx>450</posx>
            <posy>-10</posy>
            <align>center</align>
            <font>title</font>
            <textcolor>White2</textcolor>
            <width>1020</width>
            <label>20344</label>
        </control>
    </controls>
</window>
