<?xml version="1.0" encoding="UTF-8" ?>
<window>
    <coordinates>
        <system>1</system>
        <posx>0</posx>
        <posy>0</posy>
    </coordinates>
    <include>OpenClose</include>
    <controls>
        <control type="group" id="250">
            <posx>-90</posx>
            <control type="image" description="BG">
                <posx>165</posx>
                <posy>-25</posy>
                <width>1750</width>
                <height>1080</height>
                <texture border="136,127,128,139">img/Dialog.png</texture>
            </control>
            <control type="button" id="666">
                <posx>1629</posx>
                <posy>144</posy>
                <width>81</width>
                <height>45</height>
                <texturenofocus>img/Subtitles_OptionsFO.png</texturenofocus>
                <texturefocus>img/Subtitles_OptionsFO.png</texturefocus>
                <onclick>Control.SetFocus(150)</onclick>
            </control>
            <!-- ** Required ** Do not change <id>or<type>-->
            <control type="group">
                <posx>300</posx>
                <posy>111</posy>
                <control type="image" id="110">
                    <description>Service Logo</description>
                    <posx>30</posx>
                    <posy>27</posy>
                    <width>375</width>
                    <height>60</height>
                    <aspectratio>keep</aspectratio>
                </control>
                <control type="group" id="111">
                    <control type="grouplist">
                        <posx>120</posx>
                        <posy>741</posy>
                        <width>1245</width>
                        <height>60</height>
                        <align>center</align>
                        <orientation>horizontal</orientation>
                        <itemgap>8</itemgap>
                        <control type="label" description="Notification Local subtitle available">
                            <width>1245</width>
                            <height>60</height>
                            <textcolor>White</textcolor>
                            <label>31287</label>
                            <font>size22</font>
                            <align>center</align>
                            <aligny>center</aligny>
                            <wrapmultiline>true</wrapmultiline>
                        </control>
                    </control>
                </control>
                <control type="label" id="100" description="Active service header">
                    <posx>75</posx>
                    <posy>15</posy>
                    <width>1320</width>
                    <height>60</height>
                    <textcolor>Silver</textcolor>
                    <align>center</align>
                    <aligny>center</aligny>
                    <wrapmultiline>true</wrapmultiline>
                </control>
                <control type="label" description="Video File name">
                    <posx>75</posx>
                    <posy>100</posy>
                    <width>1320</width>
                    <height>60</height>
                    <font>font13</font>
                    <label>$INFO[Player.Filename]</label>
                    <textcolor>Blue</textcolor>
                    <align>center</align>
                    <aligny>center</aligny>
                    <wrapmultiline>true</wrapmultiline>
                </control>
                <control type="label" id="140" description="Searching...">
                    <posx>75</posx>
                    <posy>75</posy>
                    <width>1320</width>
                    <height>30</height>
                    <align>center</align>
                    <aligny>center</aligny>
                    <font>font13</font>
                </control>
                <control type="image">
                    <description>separator</description>
                    <posx>0</posx>
                    <posy>150</posy>
                    <width>1470</width>
                    <height>1</height>
                    <texture>img/Line.png</texture>
                </control>
            </control>
            <!-- ** Required ** Do not change <id>or<type>-->
            <control type="list" id="120">
                <posx>375</posx>
                <posy>300</posy>
                <width>1368</width>
                <height>538</height>
                <onleft>60</onleft>
                <onright>150</onright>
                <onup>120</onup>
                <ondown>120</ondown>
                <viewtype label="535">list</viewtype>
                <pagecontrol>60</pagecontrol>
                <scrolltime>200</scrolltime>
                <itemlayout width="1365" height="54">
                    <control type="image">
                        <posx>10</posx>
                        <posy>0</posy>
                        <width>33</width>
                        <height>54</height>
                        <aspectratio>keep</aspectratio>
                        <texture>flags/$INFO[ListItem.Thumb].gif</texture>
                    </control>
                    <control type="label">
                        <posx>54</posx>
                        <posy>0</posy>
                        <width>135</width>
                        <height>54</height>
                        <font>size18</font>
                        <aligny>center</aligny>
                        <textcolor>Grey</textcolor>
                        <scroll>false</scroll>
                        <align>left</align>
                        <info>ListItem.Label</info>
                    </control>
                    <control type="image">
                        <posx>204</posx>
                        <posy>0</posy>
                        <width>60</width>
                        <height>54</height>
                        <aspectratio>keep</aspectratio>
                        <texture>icon_sync.png</texture>
                        <visible>ListItem.property(sync)</visible>
                    </control>
                    <control type="image">
                        <posx>276</posx>
                        <posy>0</posy>
                        <width>24</width>
                        <height>54</height>
                        <aspectratio>keep</aspectratio>
                        <texture>icon_cc.png</texture>
                        <visible>ListItem.property(hearing_imp)</visible>
                    </control>
                    <control type="label">
                        <posx>315</posx>
                        <posy>0</posy>
                        <width>900</width>
                        <height>54</height>
                        <font>size18</font>
                        <aligny>center</aligny>
                        <textcolor>Grey</textcolor>
                        <scroll>false</scroll>
                        <align>left</align>
                        <info>ListItem.Label2</info>
                    </control>
                    <control type="image">
                        <posx>1230</posx>
                        <posy>0</posy>
                        <width>120</width>
                        <height>54</height>
                        <colordiffuse>Grey</colordiffuse>
                        <aspectratio>keep</aspectratio>
                        <texture>badges/rating$INFO[ListItem.ActualIcon].png</texture>
                    </control>
                </itemlayout>
                <focusedlayout width="1365" height="54">
                    <control type="image">
                        <posx>0</posx>
                        <posy>0</posy>
                        <width>1365</width>
                        <height>54</height>
                        <texture border="5">img/ButtonFO.png</texture>
                        <visible>Control.HasFocus(120)</visible>
                    </control>
                    <control type="image">
                        <posx>10</posx>
                        <posy>0</posy>
                        <width>33</width>
                        <height>54</height>
                        <aspectratio>keep</aspectratio>
                        <texture>flags/$INFO[ListItem.Thumb].gif</texture>
                    </control>
                    <control type="label">
                        <posx>54</posx>
                        <posy>0</posy>
                        <width>135</width>
                        <height>54</height>
                        <font>size18</font>
                        <aligny>center</aligny>
                        <textcolor>White2</textcolor>
                        <align>left</align>
                        <info>ListItem.Label</info>
                    </control>
                    <control type="image">
                        <posx>204</posx>
                        <posy>0</posy>
                        <width>60</width>
                        <height>54</height>
                        <aspectratio>keep</aspectratio>
                        <texture>icon_sync.png</texture>
                        <visible>ListItem.property(sync)</visible>
                    </control>
                    <control type="image">
                        <posx>276</posx>
                        <posy>0</posy>
                        <width>24</width>
                        <height>54</height>
                        <aspectratio>keep</aspectratio>
                        <texture>icon_cc.png</texture>
                        <visible>ListItem.property(hearing_imp)</visible>
                    </control>
                    <control type="label">
                        <posx>315</posx>
                        <posy>0</posy>
                        <width>900</width>
                        <height>54</height>
                        <font>size18</font>
                        <aligny>center</aligny>
                        <textcolor>White2</textcolor>
                        <align>left</align>
                        <info>ListItem.Label2</info>
                    </control>
                    <control type="image">
                        <posx>1230</posx>
                        <posy>0</posy>
                        <width>120</width>
                        <height>54</height>
                        <aspectratio>keep</aspectratio>
                        <texture>badges/rating$INFO[ListItem.ActualIcon].png</texture>
                    </control>
                </focusedlayout>
            </control>
            <control type="scrollbar" id="60">
                <posx>330</posx>
                <posy>303</posy>
                <height>522</height>
                <onleft>120</onleft>
                <onright>120</onright>
                <showonepage>true</showonepage>
            </control>
        </control>
        <control type="group" id="250">
            <posx>-60</posx>
            <posy>90</posy>
            <animation effect="slide" start="0,0" end="-450,0" time="400" reversible="true" condition="Control.HasFocus(150) | Control.HasFocus(160)">Conditional</animation>
            <control type="image" description="BG">
                <posx>1827</posx>
                <posy>45</posy>
                <width>708</width>
                <height>870</height>
                <texture border="136,127,128,139">img/Dialog.png</texture>
            </control>
            <control type="label" description="Right side options">
                <posx>2000</posx>
                <posy>231</posy>
                <width>360</width>
                <height>30</height>
                <label>33063</label>
                <font>size17</font>
                <align>center</align>
                <textcolor>White</textcolor>
            </control>
            <control type="image">
                <description>separator</description>
                <posx>1975</posx>
                <posy>278</posy>
                <width>450</width>
                <height>1</height>
                <texture>img/Line.png</texture>
            </control>
            <control type="list" id="150">
                <posx>2000</posx>
                <posy>285</posy>
                <width>375</width>
                <height>546</height>
                <onleft>120</onleft>
                <onright>120</onright>
                <onup>160</onup>
                <ondown>160</ondown>
                <viewtype label="535">list</viewtype>
                <scrolltime>200</scrolltime>
                <itemlayout width="375" height="54">
                    <control type="label">
                        <posx>15</posx>
                        <posy>0</posy>
                        <width>345</width>
                        <height>57</height>
                        <font>size18</font>
                        <aligny>center</aligny>
                        <selectedcolor>Blue</selectedcolor>
                        <align>left</align>
                        <info>ListItem.Label</info>
                    </control>
                </itemlayout>
                <focusedlayout width="375" height="54">
                    <control type="image">
                        <posx>0</posx>
                        <posy>0</posy>
                        <width>375</width>
                        <height>57</height>
                        <texture border="5">img/ButtonFO.png</texture>
                        <visible>Control.HasFocus(150)</visible>
                    </control>
                    <control type="label">
                        <posx>15</posx>
                        <posy>0</posy>
                        <width>345</width>
                        <height>57</height>
                        <font>size18</font>
                        <aligny>center</aligny>
                        <textcolor>white</textcolor>
                        <selectedcolor>Blue</selectedcolor>
                        <align>left</align>
                        <info>ListItem.Label</info>
                    </control>
                </focusedlayout>
            </control>
            <control type="button" id="160" description="Manual search Button">
                <posx>2000</posx>
                <posy>700</posy>
                <width>375</width>
                <height>57</height>
                <texturenofocus>-</texturenofocus>
                <textoffsetx>20</textoffsetx>
                <align>left</align>
                <aligny>center</aligny>
                <font>size18</font>
                <label>24120</label>
                <onleft>120</onleft>
                <onright>120</onright>
                <onup>150</onup>
                <ondown>150</ondown>
            </control>
        </control>

    </controls>
</window>
