<?xml version="1.0" encoding="UTF-8" ?>
<window>
    <defaultcontrol always="true">450</defaultcontrol>

    <include>OpenClose</include>
    <controls>
        <include>MainBackground</include>
        <include>AEVOLVE-Menu-List2</include>
        <control type="label" id="411" description="Heading">
            <include>HeadingR</include>
            <label>-</label>
        </control>
        <control type="group" description="Group 450 No Thumbs">
            <control type="group">
                <posx>1024</posx>
                <posy>304</posy>
                <control type="group" description="Slider">
                    <animation condition="Control.HasFocus(60)" effect="slide" start="0,0" end="960,519" time="300" reversible="true">Conditional</animation>
                    <animation condition="Control.HasFocus(60)" effect="zoom" start="100" end="0" time="300" reversible="true">Conditional</animation>
                    <control type="group">
                        <visible>Container(450).HasFocus()</visible>
                        <include>Slider4</include>
                    </control>
                    <animation type="Conditional" condition="ControlGroup(9000).HasFocus()">
                        <effect type="fade" start="100" end="40" time="0" reversible="true" />
                    </animation>
                    <animation condition="Container(450).Position(0)" effect="slide" start="0,0" end="0,-405" time="140" reversible="true">Conditional</animation>
                    <animation condition="Container(450).Position(1)" effect="slide" start="0,0" end="0,-324" time="140" reversible="true">Conditional</animation>
                    <animation condition="Container(450).Position(2)" effect="slide" start="0,0" end="0,-243" time="140" reversible="true">Conditional</animation>
                    <animation condition="Container(450).Position(3)" effect="slide" start="0,0" end="0,-162" time="140" reversible="true">Conditional</animation>
                    <animation condition="Container(450).Position(4)" effect="slide" start="0,0" end="0,-81" time="140" reversible="true">Conditional</animation>
                    <animation condition="Container(450).Position(5)" effect="slide" start="0,0" end="0,0" time="140" reversible="true">Conditional</animation>
                    <animation condition="Container(450).Position(6)" effect="slide" start="0,0" end="0,81" time="140" reversible="true">Conditional</animation>
                    <animation condition="Container(450).Position(7)" effect="slide" start="0,0" end="0,162" time="140" reversible="true">Conditional</animation>
                    <animation condition="Container(450).Position(8)" effect="slide" start="0,0" end="0,243" time="140" reversible="true">Conditional</animation>
                    <animation condition="Container(450).Position(9)" effect="slide" start="0,0" end="0,324" time="140" reversible="true">Conditional</animation>
                    <animation condition="Container(450).Position(10)" effect="slide" start="0,0" end="0,405" time="140" reversible="true">Conditional</animation>
                </control>
                <control type="list" id="450">
                    <posx>0</posx>
                    <posy>0</posy>
                    <width>802</width>
                    <height>750</height>
                    <onleft>9000</onleft>
                    <onright>noop</onright>
                    <onup>450</onup>
                    <ondown>450</ondown>
                    <pagecontrol>60</pagecontrol>
                    <focusposition>5</focusposition>
                    <movement>5</movement>
                    <scrolltime tween="sine" easing="inout">280</scrolltime>
                    <itemlayout width="802" height="81">
                        <control type="image">
                            <left>100</left>
                            <top>10</top>
                            <height>69</height>
                            <texture>aevolve/separator6.png</texture>
                        </control>
                        <include>ArrowNF</include>
                        <control type="label" description="Main Label">
                            <include>52MainLabel</include>
                            <label>$INFO[ListItem.Label]</label>
                        </control>
                    </itemlayout>
                    <focusedlayout width="802" height="81">
                        <control type="image">
                            <left>100</left>
                            <top>10</top>
                            <height>69</height>
                            <texture>aevolve/separator6.png</texture>
                        </control>
                        <include>ArrowFO</include>
                        <control type="label" description="Main Label">
                            <include>52MainLabelFO</include>
                            <label>$INFO[ListItem.Label]</label>
                        </control>
                    </focusedlayout>
                </control>
            </control>
        </control>
        <control type="group" description="Group 451 Thumbs">
            <control type="group" description="Slider and List">
                <posx>1020</posx>
                <posy>300</posy>
                <control type="panel" id="451">
                    <posx>0</posx>
                    <posy>0</posy>
                    <width>802</width>
                    <height>885</height>
                    <onleft>9000</onleft>
                    <onright condition="Skin.HasSetting(Scrollbars_Active)">60</onright>
                    <onup>451</onup>
                    <ondown>451</ondown>
                    <pagecontrol>60</pagecontrol>
                    <focusposition>3</focusposition>
                    <movement>4</movement>
                    <scrolltime tween="sine" easing="inout">280</scrolltime>
                    <itemlayout width="802" height="111">
                        <include>ListBG</include>
                        <control type="image">
                            <posx>0</posx>
                            <posy>0</posy>
                            <height>111</height>
                            <width>111</width>
                            <bordersize>6</bordersize>
                            <texture>$INFO[ListItem.Icon]</texture>
                            <aspectratio>keep</aspectratio>
                        </control>
                        <control type="image">
                            <posx>0</posx>
                            <posy>0</posy>
                            <height>111</height>
                            <width>111</width>
                            <bordersize>6</bordersize>
                            <texture border="3">img/CoverOverlay0.png</texture>
                        </control>
                        <control type="label" description="Main Label">
                            <visible>!StringCompare(ListItem.Label,..)</visible>
                            <scroll>false</scroll>
                            <textcolor>White</textcolor>
                            <posx>135</posx>
                            <posy>0</posy>
                            <height>111</height>
                            <width>600</width>
                            <label>$INFO[ListItem.Label]</label>
                        </control>
                    </itemlayout>
                    <focusedlayout width="802" height="111">
                        <include>ArrowFO</include>
                        <control type="image">
                            <posx>0</posx>
                            <posy>0</posy>
                            <height>111</height>
                            <width>111</width>
                            <bordersize>6</bordersize>
                            <texture>$INFO[ListItem.Icon]</texture>
                            <aspectratio>keep</aspectratio>
                        </control>
                        <control type="image">
                            <posx>0</posx>
                            <posy>0</posy>
                            <height>111</height>
                            <width>111</width>
                            <bordersize>6</bordersize>
                            <texture border="3">img/CoverOverlay0.png</texture>
                        </control>
                        <control type="label" description="Main Label">
                            <textcolor>White2</textcolor>
                            <posx>135</posx>
                            <posy>0</posy>
                            <height>111</height>
                            <width>600</width>
                            <label>$INFO[ListItem.Label]</label>
                        </control>
                    </focusedlayout>
                </control>
                <control type="group" description="Slider">
                    <animation condition="Control.HasFocus(60)" effect="slide" start="0,0" end="960,540" time="300" reversible="true">Conditional</animation>
                    <animation condition="Control.HasFocus(60)" effect="zoom" start="100" end="0" time="300" reversible="true">Conditional</animation>
                    <control type="group">
                        <visible>Container(451).HasFocus()</visible>
                    </control>
                    <animation condition="Container(451).Position(0)" effect="slide" start="0,0" end="0,-333" time="180" easing="inout" reversible="true">Conditional</animation>
                    <animation condition="Container(451).Position(1)" effect="slide" start="0,0" end="0,-222" time="180" easing="inout" reversible="true">Conditional</animation>
                    <animation condition="Container(451).Position(2)" effect="slide" start="0,0" end="0,-111" time="180" easing="inout" reversible="true">Conditional</animation>
                    <animation condition="Container(451).Position(3)" effect="slide" start="0,0" end="0,0" time="180" easing="inout" reversible="true">Conditional</animation>
                    <animation condition="Container(451).Position(4)" effect="slide" start="0,0" end="0,111" time="180" easing="inout" reversible="true">Conditional</animation>
                    <animation condition="Container(451).Position(5)" effect="slide" start="0,0" end="0,222" time="180" easing="inout" reversible="true">Conditional</animation>
                    <animation condition="Container(451).Position(6)" effect="slide" start="0,0" end="0,333" time="180" easing="inout" reversible="true">Conditional</animation>
                    <animation condition="Container(451).Position(7)" effect="slide" start="0,0" end="0,444" time="180" easing="inout" reversible="true">Conditional</animation>
                    <animation condition="Container(451).Position(8)" effect="slide" start="0,0" end="0,555" time="180" easing="inout" reversible="true">Conditional</animation>
                </control>
            </control>
            <!--      <control type="image">
        <animation effect="fade" time="200">VisibleChange</animation>
        <visible>Container(451).HasNext</visible>
        <posx>1005</posx>
        <posy>963</posy>
        <height>81</height>
        <width>832</width>
        <texture>img/DefaultGradient.png</texture>
        <aspectratio>stretch</aspectratio>
      </control>-->
        </control>
        <control type="group" description="Thumbs">
            <posx>112</posx>
            <posy>195</posy>
            <control type="image" description="Item Thumb NOT FLIPPED">
                <visible>!SubString(Control.GetLabel(416),*)</visible>
                <posx>0</posx>
                <posy>0</posy>
                <width>765</width>
                <height>690</height>
                <fadetime>200</fadetime>
                <texture>$INFO[ListItem.Icon]</texture>
                <aspectratio>keep</aspectratio>
                <bordertexture border="3">img/CoverOverlay0.png</bordertexture>
            </control>
            <control type="image" description="Item Thumb FLIPPED">
                <visible>SubString(Control.GetLabel(416),*)</visible>
                <width>765</width>
                <height>690</height>
                <fadetime>200</fadetime>
                <texture flipx="true">$INFO[ListItem.Icon]</texture>
                <aspectratio>keep</aspectratio>
                <bordertexture border="3">img/CoverOverlay0.png</bordertexture>
            </control>
        </control>
        <control type="group" description="Side menu 9000 group">
            <visible allowhiddenfocus="true">ControlGroup(9000).HasFocus()</visible>
            <include>DialogOpenCloseVisible</include>
            <control type="image" description="List back">
				<posx>645</posx>
				<posy>250</posy>
				<width>636</width>
				<height>585</height>
				<aspectratio>stretch</aspectratio>
				<texture border="136,127,128,139">aevolve/settings-bg.png</texture>
            </control>
            <control type="grouplist" id="9000">
                <onleft>450</onleft>
                <onright>450</onright>
                <include>9000GrouplistParameters</include>
                <control type="button" id="413" description="Ok">
                    <include>9000Buttons</include>
                    <label>186</label>
                </control>
                <control type="button" id="414" description="Cancel">
                    <include>9000Buttons</include>
                    <label>222</label>
                </control>
                <control type="button" id="415" description="Create folder">
                    <include>9000Buttons</include>
                    <label>119</label>
                </control>
                <control type="radiobutton" id="416" description="Horizontal Flip">
                    <radioposx>630</radioposx>
                    <include>9000Buttons</include>
                    <label>$LOCALIZE[749]</label>
                </control>
            </control>
        </control>
        <control type="label" id="412" description="Main Label">
            <posx>30</posx>
            <posy>1029</posy>
            <height>45</height>
            <width>1050</width>
            <scroll>false</scroll>
            <haspath>true</haspath>
            <font>size15</font>
            <textcolor>Grey</textcolor>
            <label>$INFO[ListItem.Label]</label>
        </control>
        <control type="scrollbar" id="60">
            <posx>10r</posx>
            <posy>300</posy>
            <height>795</height>
            <onleft>50</onleft>
            <onright>noop</onright>
        </control>
    </controls>
</window>
