<?xml version="1.0" encoding="UTF-8" ?>
<window>
    <defaultcontrol always="true">20</defaultcontrol>

    <include>OpenClose</include>
    <controls>
        <include>MiniBackground</include>
        <control type="group" description="Left panel">
            <posx>75</posx>
            <posy>78</posy>
            <animation condition="!Control.HasFocus(20)" effect="fade" start="100" end="60" time="200" reversible="true">Conditional</animation>
            <control type="label" id="101" description="Header Label">
                <posx>0</posx>
                <width>900</width>
                <align>left</align>
                <label>-</label>
                <font>title2</font>
                <haspath>true</haspath>
                <textcolor>White2</textcolor>
                <shadowcolor>black</shadowcolor>
            </control>
            <control type="group" description="Left Panel">
                <include>AEVOLVE-Menu-List-NP</include>
                <left>-24</left>
                <posy>67</posy>
                <height>1000</height>
                <width>900</width>
            </control>
            <control type="list" id="20" description="Left File List">
                <posx>5</posx>
                <posy>96</posy>
                <width>840</width>
                <height>810</height>
                <onleft>60</onleft>
                <onright>21</onright>
                <onup>20</onup>
                <ondown>20</ondown>
                <pagecontrol>60</pagecontrol>
                <itemlayout height="90" width="840">
                    <control type="image">
                        <width>950</width>
                        <height>92</height>
                        <texture border="4">img/MediaItemBG.png</texture>
                    </control>
                    <control type="label">
                        <posx>15</posx>
                        <posy>10</posy>
                        <width>810</width>
                        <height>36</height>
                        <font>size20</font>
                        <info>ListItem.Label</info>
                    </control>
                    <control type="label">
                        <posx>15</posx>
                        <posy>50</posy>
                        <height>30</height>
                        <width>810</width>
                        <font>size20</font>
                        <textcolor>White</textcolor>
                        <info>ListItem.Label2</info>
                    </control>
                </itemlayout>
                <focusedlayout height="90" width="840">
                    <control type="image">
                        <visible>Control.HasFocus(20)</visible>
                        <width>950</width>
                        <height>90</height>
                        <texture border="8">img/ButtonFO.png</texture>
                    </control>
                    <control type="label">
                        <posx>15</posx>
                        <posy>10</posy>
                        <width>810</width>
                        <height>36</height>
                        <font>size20</font>
                        <textcolor>White</textcolor>
                        <info>ListItem.Label</info>
                    </control>
                    <control type="label">
                        <posx>15</posx>
                        <posy>50</posy>
                        <height>30</height>
                        <width>810</width>
                        <font>size20</font>
                        <textcolor>White</textcolor>
                        <info>ListItem.Label2</info>
                    </control>
                </focusedlayout>
            </control>
            <control type="label" id="12" description="Footer Label">
                <posx>15</posx>
                <posy>920</posy>
                <width>480</width>
                <align>left</align>
                <font>title2</font>
                <textcolor>White</textcolor>
                <label>-</label>
            </control>
        </control>
        <control type="group" description="Right panel">
            <posx>975</posx>
            <posy>78</posy>
            <animation condition="!Control.HasFocus(21)" effect="fade" start="100" end="60" time="200" reversible="true">Conditional</animation>
            <control type="label" id="102" description="Right Header Label">
                <posx>70r</posx>
                <width>900</width>
                <align>right</align>
                <label>-</label>
                <font>title2</font>
                <haspath>true</haspath>
                <textcolor>White2</textcolor>
                <shadowcolor>black</shadowcolor>
            </control>
            <control type="group" description="Right Panel BG">
                <include>AEVOLVE-Menu-List-NP</include>
                <right>49</right>
                <posy>67</posy>
                <height>1000</height>
                <width>900</width>
            </control>
            <control type="list" id="21" description="Right File List">
                <posx>25</posx>
                <posy>96</posy>
                <width>840</width>
                <height>810</height>
                <onleft>20</onleft>
                <onright>61</onright>
                <onup>21</onup>
                <ondown>21</ondown>
                <pagecontrol>61</pagecontrol>
                <itemlayout height="90" width="840">
                    <control type="image">
                        <width>950</width>
                        <height>92</height>
                        <texture border="4">img/MediaItemBG.png</texture>
                    </control>
                    <control type="label">
                        <posx>820r</posx>
                        <posy>10</posy>
                        <width>810</width>
                        <height>36</height>
                        <align>left</align>
                        <font>size20</font>
                        <info>ListItem.Label</info>
                    </control>
                    <control type="label">
                        <posx>820r</posx>
                        <posy>50</posy>
                        <height>30</height>
                        <width>810</width>
                        <align>left</align>
                        <font>size20</font>
                        <textcolor>White2</textcolor>
                        <info>ListItem.Label2</info>
                    </control>
                </itemlayout>
                <focusedlayout height="90" width="840">
                    <control type="image">
                        <visible>Control.HasFocus(21)</visible>
                        <posx>0</posx>
                        <width>950</width>
                        <height>90</height>
                        <texture flipx="true" border="8">img/ButtonFO.png</texture>
                    </control>
                    <control type="label">
                        <posx>820r</posx>
                        <posy>10</posy>
                        <width>810</width>
                        <height>36</height>
                        <align>left</align>
                        <font>size20</font>
                        <textcolor>White2</textcolor>
                        <info>ListItem.Label</info>
                    </control>
                    <control type="label">
                        <posx>20</posx>
                        <posy>50</posy>
                        <height>30</height>
                        <width>810</width>
                        <align>left</align>
                        <font>size20</font>
                        <textcolor>White2</textcolor>
                        <info>ListItem.Label2</info>
                    </control>
                </focusedlayout>
            </control>
            <control type="label" id="13" description="Right Footer Label">
                <posx>90r</posx>
                <posy>920</posy>
                <width>480</width>
                <align>right</align>
                <font>title2</font>
                <textcolor>White2</textcolor>
                <label>-</label>
            </control>
        </control>
        <control type="scrollbar" id="60" description="Scrollbar Left">
            <posx>923</posx>
            <posy>172</posy>
            <height>810</height>
            <onleft>20</onleft>
            <onright>20</onright>
        </control>
        <control type="scrollbar" id="61" description="Scrollbar Right">
            <posx>77r</posx>
            <posy>175</posy>
            <height>810</height>
            <onleft>21</onleft>
            <onright>21</onright>
        </control>
        <include>MediaHeader</include>
    </controls>
</window>
