<?xml version="1.0" encoding="UTF-8" ?>
<fonts>
    <fontset id="Default" unicode="true">
        <!-- MDM MODS START -->
        <font>
            <name>menu-navigation</name>
            <filename>header.ttf</filename>
            <size>50</size>
            <color>White</color>
			<style>uppercase</style>
        </font>

        <font>
            <name>title</name>
            <filename>header.ttf</filename>
            <size>42</size>
            <color>White</color>
			<style>uppercase</style>
        </font>

        <font>
            <name>title2</name>
            <filename>header.ttf</filename>
            <size>28</size>
            <color>White</color>
			<style>uppercase</style>
        </font>

        <font>
            <name>title3</name>
            <filename>header.ttf</filename>
            <size>36</size>
            <color>White</color>
        </font>

        <font>
            <name>subtitle</name>
            <filename>header.ttf</filename>
            <size>25</size>
            <color>White</color>
        </font>

        <font>
            <name>time</name>
            <filename>header.ttf</filename>
            <size>22</size>
            <color>White</color>
        </font>
        <!-- MDM MODS END -->

        <font>
            <name>font10</name>
            <filename>Default.ttf</filename>
            <size>21</size>
            <color>White</color>
        </font>

        <font>
            <name>font13</name>
            <filename>Default.ttf</filename>
            <size>27</size>
            <color>White</color>
        </font>
        <font>
            <name>size14</name>
            <filename>Default.ttf</filename>
            <size>21</size>
        </font>
        <font>
            <name>size15</name>
            <filename>Default.ttf</filename>
            <size>22</size>
        </font>
        <font>
            <name>size16</name>
            <filename>Default.ttf</filename>
            <size>24</size>
        </font>
        <font>
            <name>size17</name>
            <filename>Default.ttf</filename>
            <size>26</size>
        </font>
        <font>
            <name>size18</name>
            <filename>Default.ttf</filename>
            <size>27</size>
        </font>
        <font>
            <name>size19</name>
            <filename>Default.ttf</filename>
            <size>28</size>
        </font>
        <font>
            <name>size20</name>
            <filename>Default.ttf</filename>
            <size>30</size>
        </font>
        <font>
            <name>size22</name>
            <filename>Default.ttf</filename>
            <size>33</size>
        </font>
        <font>
            <name>size22B</name>
            <filename>Default.ttf</filename>
            <size>33</size>
            <style>
            bold
            </style>
        </font>
        <font>
            <name>size23</name>
            <filename>Default.ttf</filename>
            <size>34</size>
        </font>
        <font>
            <name>size24</name>
            <filename>Default.ttf</filename>
            <size>36</size>
        </font>
        <font>
            <name>size24B</name>
            <filename>Default.ttf</filename>
            <size>36</size>
            <style>
            bold
            </style>
        </font>
        <font>
            <name>size25</name>
            <filename>Default.ttf</filename>
            <size>38</size>
        </font>
        <font>
            <name>size26</name>
            <filename>Default.ttf</filename>
            <size>39</size>
        </font>
        <font>
            <name>size26B</name>
            <filename>Default.ttf</filename>
            <size>39</size>
            <style>
            bold
            </style>
        </font>
        <font>
            <name>size28</name>
            <filename>Default.ttf</filename>
            <size>42</size>
        </font>
        <font>
            <name>size28B</name>
            <filename>Default.ttf</filename>
            <size>42</size>
            <style>
            bold
            </style>
        </font>
    </fontset>
    <fontset id="Strong" unicode="true">
        <font>
            <name>font13</name>
            <filename>Strong.ttf</filename>
            <size>27</size>
            <color>White</color>
        </font>
        <font>
            <name>size14</name>
            <filename>Strong.ttf</filename>
            <size>21</size>
        </font>
        <font>
            <name>size15</name>
            <filename>Strong.ttf</filename>
            <size>22</size>
        </font>
        <font>
            <name>size16</name>
            <filename>Strong.ttf</filename>
            <size>24</size>
        </font>
        <font>
            <name>size17</name>
            <filename>Strong.ttf</filename>
            <size>26</size>
        </font>
        <font>
            <name>size18</name>
            <filename>Strong.ttf</filename>
            <size>27</size>
        </font>
        <font>
            <name>size19</name>
            <filename>Strong.ttf</filename>
            <size>28</size>
        </font>
        <font>
            <name>size20</name>
            <filename>Strong.ttf</filename>
            <size>30</size>
        </font>
        <font>
            <name>size22</name>
            <filename>Strong.ttf</filename>
            <size>33</size>
        </font>
        <font>
            <name>size22B</name>
            <filename>Strong.ttf</filename>
            <size>33</size>
            <style>
            bold
            </style>
        </font>
        <font>
            <name>size23</name>
            <filename>Strong.ttf</filename>
            <size>34</size>
        </font>
        <font>
            <name>size24</name>
            <filename>Strong.ttf</filename>
            <size>36</size>
        </font>
        <font>
            <name>size24B</name>
            <filename>Strong.ttf</filename>
            <size>36</size>
            <style>
            bold
            </style>
        </font>
        <font>
            <name>size25</name>
            <filename>Strong.ttf</filename>
            <size>38</size>
        </font>
        <font>
            <name>size26</name>
            <filename>Strong.ttf</filename>
            <size>39</size>
        </font>
        <font>
            <name>size26B</name>
            <filename>Strong.ttf</filename>
            <size>39</size>
            <style>
            bold
            </style>
        </font>
        <font>
            <name>size28</name>
            <filename>Strong.ttf</filename>
            <size>42</size>
        </font>
        <font>
            <name>size28B</name>
            <filename>Strong.ttf</filename>
            <size>42</size>
            <style>
            bold
            </style>
        </font>
    </fontset>
    <fontset id="Light" unicode="true">
        <font>
            <name>font13</name>
            <filename>Light.ttf</filename>
            <size>27</size>
            <color>White</color>
        </font>
        <font>
            <name>size14</name>
            <filename>Light.ttf</filename>
            <size>21</size>
        </font>
        <font>
            <name>size15</name>
            <filename>Light.ttf</filename>
            <size>22</size>
        </font>
        <font>
            <name>size16</name>
            <filename>Light.ttf</filename>
            <size>24</size>
        </font>
        <font>
            <name>size17</name>
            <filename>Light.ttf</filename>
            <size>26</size>
        </font>
        <font>
            <name>size18</name>
            <filename>Light.ttf</filename>
            <size>27</size>
        </font>
        <font>
            <name>size19</name>
            <filename>Light.ttf</filename>
            <size>28</size>
        </font>
        <font>
            <name>size20</name>
            <filename>Light.ttf</filename>
            <size>30</size>
        </font>
        <font>
            <name>size22</name>
            <filename>Light.ttf</filename>
            <size>33</size>
        </font>
        <font>
            <name>size22B</name>
            <filename>Light.ttf</filename>
            <size>33</size>
            <style>
            bold
            </style>
        </font>
        <font>
            <name>size23</name>
            <filename>Light.ttf</filename>
            <size>34</size>
        </font>
        <font>
            <name>size24</name>
            <filename>Light.ttf</filename>
            <size>36</size>
        </font>
        <font>
            <name>size24B</name>
            <filename>Light.ttf</filename>
            <size>36</size>
            <style>
            bold
            </style>
        </font>
        <font>
            <name>size25</name>
            <filename>Light.ttf</filename>
            <size>38</size>
        </font>
        <font>
            <name>size26</name>
            <filename>Light.ttf</filename>
            <size>39</size>
        </font>
        <font>
            <name>size26B</name>
            <filename>Light.ttf</filename>
            <size>39</size>
            <style>
            bold
            </style>
        </font>
        <font>
            <name>size28</name>
            <filename>Light.ttf</filename>
            <size>42</size>
        </font>
        <font>
            <name>size28B</name>
            <filename>Light.ttf</filename>
            <size>42</size>
            <style>
            bold
            </style>
        </font>
    </fontset>
</fonts>
