<?xml version="1.0" encoding="UTF-8" ?>
<window>
    <defaultcontrol always="true">8998</defaultcontrol>
    <onload>SetProperty(Window.HasSettings,True,home)</onload>
    <onunload>ClearProperty(Window.HasSettings,Home)</onunload>
    <controls>
        <include>AEVOLVECommonBackground</include>
        <control type="button" id="8998" description="Fix ATV1 focus bug">
            <include>HiddenButton</include>
            <onfocus>Control.SetFocus(9000)</onfocus>
            <onclick>Control.SetFocus(9000)</onclick>
        </control>
        <!-- Home Page Boxed Video
    <control type="videowindow">
      <left>0</left>
      <top>0</top>
      <width>1920</width>
      <height>1080</height>
      <visible>Player.HasVideo + !Skin.HasSetting(ShowBackgroundVideo) + ![Window.IsVisible(PVR) + [Control.IsVisible(11) | Control.IsVisible(12)]]</visible>
    </control>
    <control type="image">
      <width>1920</width>
      <height>1080</height>
      <aspectratio>stretch</aspectratio>
      <texture>img/Background.png</texture>
      <colordiffuse>BFFFFFFF</colordiffuse>
    </control>
        END -->
        <control type="group" description="Playing">
            <visible>Player.HasMedia</visible>
            <posy>650</posy>
            <animation effect="fade" start="100" end="0" time="100">Hidden</animation>
            <animation effect="fade" start="0" end="100" delay="300" time="300">VisibleChange</animation>
            <include>PlayingInfo</include>
        </control>
        <control type="group" description="Furniture">
            <control type="image" description="Navbar">
                <posx>0</posx>
                <posy>476</posy>
                <width>1920</width>
                <height>93</height>
                <aspectratio>stretch</aspectratio>
                <texture>img/NavBg.png</texture>
            </control>
        </control>
        <control type="grouplist" description="Sliders">
            <visible>!Control.HasFocus(311) + !Control.HasFocus(312) + !Control.HasFocus(313) + !Control.HasFocus(314) + !Control.HasFocus(315)]</visible>
            <posx>0</posx>
            <posy>568</posy>
            <width max="1920">auto</width>
            <height>420</height>
            <align>center</align>
            <aligny>top</aligny>
            <itemgap>-50</itemgap>
            <orientation>horizontal</orientation>
        </control>
        <control type="grouplist" id="9000" description="Submenus">
            <visible>![Control.HasFocus(3012) | Control.HasFocus(3020)]</visible>
            <posx>0</posx>
            <posy>569</posy>
            <itemgap>0</itemgap>
            <width max="1920">auto</width>
            <height>400</height>
            <align>center</align>
            <aligny>top</aligny>
            <onup>3020</onup>
            <orientation>horizontal</orientation>
            <control type="list" id="301" description="Streaming">
                <visible>!Skin.HasSetting(StreamingSectionHide) | System.GetBool(pvrmanager.enabled)</visible>
                <onleft>306</onleft>
                <onright>302</onright>
                <onup condition="[Library.HasContent(Movies) | Skin.HasSetting(MoviesShelf_Custom)]">SetFocus(311)</onup>
                <onup condition="![Library.HasContent(Movies) | Skin.HasSetting(MoviesShelf_Custom)]">3020</onup>
                <ondown>8998</ondown>
                <include>Sublist</include>
                <focusposition>3</focusposition>
                <movement>3</movement>
                <content>
                    <item id="0" description="LiveTV">
                        <visible>System.GetBool(pvrmanager.enabled)</visible>
                        <label>31502</label>
                        <onclick>XBMC.ActivateWindowAndFocus(PVR, 11,0)</onclick>
                    </item>
                    <item id="1" description="Youtube">
                        <visible>System.HasAddon(plugin.video.youtube) + !Skin.HasSetting(Streaming1)</visible>
                        <label>Youtube</label>
                        <onclick>RunAddon(plugin.video.youtube)</onclick>
                    </item>
                    <item id="7" description="Shortcut1">
                        <visible>!IsEmpty(Skin.String(CustomStreaming.1.Path))</visible>
                        <label>$INFO[Skin.String(CustomStreaming.1.Label)]</label>
                        <onclick>$INFO[Skin.String(CustomStreaming.1.Path)]</onclick>
                    </item>
                    <item id="8" description="Shortcut2">
                        <visible>!IsEmpty(Skin.String(CustomStreaming.2.Path))</visible>
                        <label>$INFO[Skin.String(CustomStreaming.2.Label)]</label>
                        <onclick>$INFO[Skin.String(CustomStreaming.2.Path)]</onclick>
                    </item>
                    <item id="9" description="Shortcut3">
                        <visible>!IsEmpty(Skin.String(CustomStreaming.3.Path))</visible>
                        <label>$INFO[Skin.String(CustomStreaming.3.Label)]</label>
                        <onclick>$INFO[Skin.String(CustomStreaming.3.Path)]</onclick>
                    </item>
                    <item id="10" description="Shortcut4">
                        <visible>!IsEmpty(Skin.String(CustomStreaming.4.Path))</visible>
                        <label>$INFO[Skin.String(CustomStreaming.4.Label)]</label>
                        <onclick>$INFO[Skin.String(CustomStreaming.4.Path)]</onclick>
                    </item>
                    <item id="11" description="Shortcut5">
                        <visible>!IsEmpty(Skin.String(CustomStreaming.5.Path))</visible>
                        <label>$INFO[Skin.String(CustomStreaming.5.Label)]</label>
                        <onclick>$INFO[Skin.String(CustomStreaming.5.Path)]</onclick>
                    </item>
                    <item id="12" description="Shortcut6">
                        <visible>!IsEmpty(Skin.String(CustomStreaming.6.Path))</visible>
                        <label>$INFO[Skin.String(CustomStreaming.6.Label)]</label>
                        <onclick>$INFO[Skin.String(CustomStreaming.6.Path)]</onclick>
                    </item>
                    <item id="13" description="Shortcut7">
                        <visible>!IsEmpty(Skin.String(CustomStreaming.7.Path))</visible>
                        <label>$INFO[Skin.String(CustomStreaming.7.Label)]</label>
                        <onclick>$INFO[Skin.String(CustomStreaming.7.Path)]</onclick>
                    </item>
                </content>
                <include>Animation301</include>
            </control>
            <control type="list" id="302" description="Videos">
                <visible>!Skin.HasSetting(TVSectionHide)</visible>
                <onleft>301</onleft>
                <onright>303</onright>
                <onup condition="[Library.HasContent(TVShows) | Skin.HasSetting(TVShelf_Custom)]">SetFocus(312)</onup>
                <onup condition="![Library.HasContent(TVShows) | Skin.HasSetting(TVShelf_Custom)]">3020</onup>
                <ondown>noop</ondown>
                <include>Sublist</include>
                <content>
                    <item id="13" description="VideoAddons">
                        <label>Addons</label>
                        <onclick>ActivateWindow(VideoLibrary,Addons,return)</onclick>
                    </item>
                    <item id="0" description="MyTV">
                        <visible>!Skin.HasSetting(TV1)</visible>
                        <visible>Library.HasContent(TVShows)</visible>
                        <label>20343</label>
                        <onclick>ActivateWindow(VideoLibrary,TVShowTitles,return)</onclick>
                    </item>
                    <item id="1" description="MyMovies">
                        <visible>!Skin.HasSetting(Movies1)</visible>
                        <visible>Library.HasContent(Movies)</visible>
                        <label>342</label>
                        <onclick>ActivateWindow(VideoLibrary,MovieTitles,return)</onclick>
                    </item>
                    <item id="2" description="RA TV">
                        <visible>!Skin.HasSetting(TV2)</visible>
                        <visible>Library.HasContent(TVShows)</visible>
                        <label>31328</label>
                        <onclick>ActivateWindow(Videos,RecentlyAddedEpisodes,return)</onclick>
                    </item>
                    <item id="3" description="Browse 5 MENU ITEM ADDED Watchlist">
                        <visible>!Skin.HasSetting(TV5)</visible>
                        <visible>Library.HasContent(TVShows)</visible>
                        <label>575</label>
                        <onclick>ActivateWindow(Videos,&quot;library://video/inprogressshows.xml/&quot;,return)</onclick>
                    </item>
                    <item id="4" description="Custom TV">
                        <visible>!IsEmpty(Skin.String(CustomTV.1.Path))</visible>
                        <label>$INFO[Skin.String(CustomTV.1.Label)]</label>
                        <onclick>$INFO[Skin.String(CustomTV.1.Path)]</onclick>
                    </item>
                    <item id="5" description="Shortcut2">
                        <visible>!IsEmpty(Skin.String(CustomTV.2.Path))</visible>
                        <label>$INFO[Skin.String(CustomTV.2.Label)]</label>
                        <onclick>$INFO[Skin.String(CustomTV.2.Path)]</onclick>
                    </item>
                    <item id="6" description="Shortcut3">
                        <visible>!IsEmpty(Skin.String(CustomTV.3.Path))</visible>
                        <label>$INFO[Skin.String(CustomTV.3.Label)]</label>
                        <onclick>$INFO[Skin.String(CustomTV.3.Path)]</onclick>
                    </item>
                    <item id="7" description="Shortcut4">
                        <visible>!IsEmpty(Skin.String(CustomTV.4.Path))</visible>
                        <label>$INFO[Skin.String(CustomTV.4.Label)]</label>
                        <onclick>$INFO[Skin.String(CustomTV.4.Path)]</onclick>
                    </item>
                    <item id="8" description="Shortcut5">
                        <visible>!IsEmpty(Skin.String(CustomTV.5.Path))</visible>
                        <label>$INFO[Skin.String(CustomTV.5.Label)]</label>
                        <onclick>$INFO[Skin.String(CustomTV.5.Path)]</onclick>
                    </item>
                    <item id="9" description="Shortcut6">
                        <visible>!IsEmpty(Skin.String(CustomTV.6.Path))</visible>
                        <label>$INFO[Skin.String(CustomTV.6.Label)]</label>
                        <onclick>$INFO[Skin.String(CustomTV.6.Path)]</onclick>
                    </item>
                    <item id="10" description="Shortcut7">
                        <visible>!IsEmpty(Skin.String(CustomTV.7.Path))</visible>
                        <label>$INFO[Skin.String(CustomTV.7.Label)]</label>
                        <onclick>$INFO[Skin.String(CustomTV.7.Path)]</onclick>
                    </item>
                    <item id="11" description="Browse">
                        <visible>!Skin.HasSetting(TV3)</visible>
                        <label>1024</label>
                        <onclick>ActivateWindow(Videos,&quot;sources://video/&quot;,return)</onclick>
                    </item>
                    <item id="12" description="Search">
                        <visible>!Skin.HasSetting(TV4)</visible>
                        <visible>Library.HasContent(TVShows)</visible>
                        <label>137</label>
                        <onclick>ActivateWindow(VideoLibrary)</onclick>
                        <onclick>SendClick(8)</onclick>
                    </item>
                </content>
                <include>Animation302</include>
            </control>
            <control type="list" id="303" description="Music">
                <visible>!Skin.HasSetting(MusicSectionHide)</visible>
                <onleft>302</onleft>
                <onright>304</onright>
                <onup condition="[Library.HasContent(music) | Skin.HasSetting(MusicShelf_Custom)]">SetFocus(313)</onup>
                <onup condition="![Library.HasContent(music) | Skin.HasSetting(MusicShelf_Custom)]">SetFocus(3020)</onup>
                <ondown>noop</ondown>
                <include>Sublist</include>
                <content>
                    <item id="0" description="Artists">
                        <visible>!Skin.HasSetting(Music1) + Library.HasContent(Music)</visible>
                        <label>133</label>
                        <onclick condition="Library.HasContent(Music)">ActivateWindow(MusicLibrary,Artists,return)</onclick>
                    </item>
                    <item id="1" description="Music Videos">
                        <visible>!Skin.HasSetting(Music2) + Library.HasContent(MusicVideos)</visible>
                        <label>3</label>
                        <onclick>ActivateWindow(VideoLibrary,MusicVideos,return)</onclick>
                    </item>
                    <item id="2" description="Library">
                        <visible>!Skin.HasSetting(Music3) + Library.HasContent(Music)</visible>
                        <label>14022</label>
                        <onclick>ActivateWindow(MusicLibrary,root)</onclick>
                    </item>
                    <item id="3" description="Files">
                        <visible>!Skin.HasSetting(Music4)</visible>
                        <label>Browse</label>
                        <onclick>ActivateWindow(MusicFiles,root)</onclick>
                    </item>
                    <item id="3" description="Party mode">
                        <visible>!Skin.HasSetting(Music7) + Library.HasContent(music)</visible>
                        <label>589</label>
                        <onclick>PlayerControl(PartyMode(music))</onclick>
                    </item>
                    <item id="3" description="Custom Music">
                        <visible>!IsEmpty(Skin.String(CustomMusic.1.Path))</visible>
                        <label>$INFO[Skin.String(CustomMusic.1.Label)]</label>
                        <onclick>$INFO[Skin.String(CustomMusic.1.Path)]</onclick>
                    </item>
                    <item id="4" description="Shortcut2">
                        <visible>!IsEmpty(Skin.String(CustomMusic.2.Path))</visible>
                        <label>$INFO[Skin.String(CustomMusic.2.Label)]</label>
                        <onclick>$INFO[Skin.String(CustomMusic.2.Path)]</onclick>
                    </item>
                    <item id="5" description="Shortcut3">
                        <visible>!IsEmpty(Skin.String(CustomMusic.3.Path))</visible>
                        <label>$INFO[Skin.String(CustomMusic.3.Label)]</label>
                        <onclick>$INFO[Skin.String(CustomMusic.3.Path)]</onclick>
                    </item>
                    <item id="6" description="Shortcut4">
                        <visible>!IsEmpty(Skin.String(CustomMusic.4.Path))</visible>
                        <label>$INFO[Skin.String(CustomMusic.4.Label)]</label>
                        <onclick>$INFO[Skin.String(CustomMusic.4.Path)]</onclick>
                    </item>
                    <item id="7" description="Shortcut5">
                        <visible>!IsEmpty(Skin.String(CustomMusic.5.Path))</visible>
                        <label>$INFO[Skin.String(CustomMusic.5.Label)]</label>
                        <onclick>$INFO[Skin.String(CustomMusic.5.Path)]</onclick>
                    </item>
                    <item id="7" description="Shortcut6">
                        <visible>!IsEmpty(Skin.String(CustomMusic.6.Path))</visible>
                        <label>$INFO[Skin.String(CustomMusic.6.Label)]</label>
                        <onclick>$INFO[Skin.String(CustomMusic.6.Path)]</onclick>
                    </item>
                    <item id="7" description="Shortcut7">
                        <visible>!IsEmpty(Skin.String(CustomMusic.7.Path))</visible>
                        <label>$INFO[Skin.String(CustomMusic.7.Label)]</label>
                        <onclick>$INFO[Skin.String(CustomMusic.7.Path)]</onclick>
                    </item>
                    <item id="10" description="Search">
                        <visible>!Skin.HasSetting(Music5) + [Library.HasContent(Music) | Library.HasContent(MusicVideos)]</visible>
                        <label>137</label>
                        <onclick>ActivateWindow(MusicLibrary)</onclick>
                        <onclick>SendClick(8)</onclick>
                    </item>
                </content>
                <include>Animation303</include>
            </control>
            <control type="list" id="304" description="Pictures">
                <visible>!Skin.HasSetting(PicturesSectionHide)</visible>
                <onleft>303</onleft>
                <onright>305</onright>
                <onup condition="Skin.HasSetting(PicturesShelf_Custom)">SetFocus(314)</onup>
                <onup condition="!Skin.HasSetting(PicturesShelf_Custom)">SetFocus(3020)</onup>
                <ondown>noop</ondown>
                <include>Sublist</include>
                <content>
                    <item id="1" description="Pictures">
                        <visible>!Skin.HasSetting(Pictures1)</visible>
                        <label>Browse</label>
                        <onclick>ActivateWindow(Pictures)</onclick>
                    </item>
                    <item id="3" description="Custom Pictures">
                        <visible>!IsEmpty(Skin.String(CustomPictures.1.Path))</visible>
                        <label>$INFO[Skin.String(CustomPictures.1.Label)]</label>
                        <onclick>$INFO[Skin.String(CustomPictures.1.Path)]</onclick>
                    </item>
                    <item id="4" description="Shortcut2">
                        <visible>!IsEmpty(Skin.String(CustomPictures.2.Path))</visible>
                        <label>$INFO[Skin.String(CustomPictures.2.Label)]</label>
                        <onclick>$INFO[Skin.String(CustomPictures.2.Path)]</onclick>
                    </item>
                    <item id="5" description="Shortcut3">
                        <visible>!IsEmpty(Skin.String(CustomPictures.3.Path))</visible>
                        <label>$INFO[Skin.String(CustomPictures.3.Label)]</label>
                        <onclick>$INFO[Skin.String(CustomPictures.3.Path)]</onclick>
                    </item>
                    <item id="6" description="Shortcut4">
                        <visible>!IsEmpty(Skin.String(CustomPictures.4.Path))</visible>
                        <label>$INFO[Skin.String(CustomPictures.4.Label)]</label>
                        <onclick>$INFO[Skin.String(CustomPictures.4.Path)]</onclick>
                    </item>
                    <item id="7" description="Shortcut5">
                        <visible>!IsEmpty(Skin.String(CustomPictures.5.Path))</visible>
                        <label>$INFO[Skin.String(CustomPictures.5.Label)]</label>
                        <onclick>$INFO[Skin.String(CustomPictures.5.Path)]</onclick>
                    </item>
                    <item id="8" description="Shortcut6">
                        <visible>!IsEmpty(Skin.String(CustomPictures.6.Path))</visible>
                        <label>$INFO[Skin.String(CustomPictures.6.Label)]</label>
                        <onclick>$INFO[Skin.String(CustomPictures.6.Path)]</onclick>
                    </item>
                    <item id="9" description="Shortcut7">
                        <visible>!IsEmpty(Skin.String(CustomPictures.7.Path))</visible>
                        <label>$INFO[Skin.String(CustomPictures.7.Label)]</label>
                        <onclick>$INFO[Skin.String(CustomPictures.7.Path)]</onclick>
                    </item>
                </content>
                <include>Animation304</include>
            </control>
            <control type="list" id="305" description="Addons">
                <visible>!Skin.HasSetting(AddonsSectionHide) | System.GetBool(pvrmanager.enabled)</visible>
                <onleft>304</onleft>
                <onright>306</onright>
                <onup condition="Skin.HasSetting(AddonsShelf_Custom)">SetFocus(315)</onup>
                <onup condition="!Skin.HasSetting(AddonsShelf_Custom)">SetFocus(3020)</onup>
                <ondown>noop</ondown>
                <include>Sublist</include>
                <content>
                    <!-- 
          Temporarly Disabled
          <item id="3" description="Picture apps">
            <visible>!Skin.HasSetting(Addons3)</visible>
            <label>1</label>
            <onclick>XBMC.ActivateWindow(Pictures,Addons,return)</onclick>
          </item> -->
                    <item id="0" description="Program apps">
                        <visible>!Skin.HasSetting(Addons2)</visible>
                        <label>0</label>
                        <onclick condition="!System.Platform.Android">ActivateWindow(Programs,Addons,return)</onclick>
                        <onclick condition="System.Platform.Android">ActivateWindow(Programs)</onclick>
                    </item>
                    <item id="1" description="Video apps">
                        <visible>!Skin.HasSetting(Addons4)</visible>
                        <label>157</label>
                        <onclick>ActivateWindow(VideoLibrary,Addons,return)</onclick>
                    </item>
                    <item id="2" description="Music apps">
                        <visible>!Skin.HasSetting(Addons5)</visible>
                        <label>2</label>
                        <onclick condition="Library.HasContent(Music)">ActivateWindow(MusicLibrary,Addons,return)</onclick>
                        <onclick condition="!Library.HasContent(Music)">ActivateWindow(MusicFiles,Addons,return)</onclick>
                    </item>
                    <item id="3" description="Total Installer">
                        <visible>System.HasAddon(plugin.program.totalinstaller) + !Skin.HasSetting(Addons6)</visible>
                        <label>Total Installer</label>
                        <onclick>RunAddon(plugin.program.totalinstaller)</onclick>
                    </item>
                    <item id="4" description="Cloudword">
                        <visible>System.HasAddon(plugin.program.cloudwordlite) + !Skin.HasSetting(Addons7)</visible>
                        <label>Cloudword</label>
                        <onclick>RunAddon(plugin.program.cloudwordlite)</onclick>
                    </item>
                    <item id="5" description="Addon Manager">
                        <visible>!Skin.HasSetting(Addons7)</visible>
                        <label>Addon Manager</label>
                        <onclick>ActivateWindow(addonbrowser)</onclick>
                    </item>
                    <item id="6" description="Weather">
                        <visible>!IsEmpty(Weather.Plugin)</visible>
                        <label>8</label>
                        <onclick>ActivateWindow(Weather)</onclick>
                    </item>
                    <item id="7" description="Custom Apps">
                        <visible>!IsEmpty(Skin.String(CustomAddons.1.Path))</visible>
                        <label>$INFO[Skin.String(CustomAddons.1.Label)]</label>
                        <onclick>$INFO[Skin.String(CustomAddons.1.Path)]</onclick>
                    </item>
                    <item id="8" description="Shortcut2">
                        <visible>!IsEmpty(Skin.String(CustomAddons.2.Path))</visible>
                        <label>$INFO[Skin.String(CustomAddons.2.Label)]</label>
                        <onclick>$INFO[Skin.String(CustomAddons.2.Path)]</onclick>
                    </item>
                    <item id="9" description="Shortcut3">
                        <visible>!IsEmpty(Skin.String(CustomAddons.3.Path))</visible>
                        <label>$INFO[Skin.String(CustomAddons.3.Label)]</label>
                        <onclick>$INFO[Skin.String(CustomAddons.3.Path)]</onclick>
                    </item>
                    <item id="10" description="Shortcut4">
                        <visible>!IsEmpty(Skin.String(CustomAddons.4.Path))</visible>
                        <label>$INFO[Skin.String(CustomAddons.4.Label)]</label>
                        <onclick>$INFO[Skin.String(CustomAddons.4.Path)]</onclick>
                    </item>
                    <item id="11" description="Shortcut5">
                        <visible>!IsEmpty(Skin.String(CustomAddons.5.Path))</visible>
                        <label>$INFO[Skin.String(CustomAddons.5.Label)]</label>
                        <onclick>$INFO[Skin.String(CustomAddons.5.Path)]</onclick>
                    </item>
                    <item id="12" description="Shortcut6">
                        <visible>!IsEmpty(Skin.String(CustomAddons.6.Path))</visible>
                        <label>$INFO[Skin.String(CustomAddons.6.Label)]</label>
                        <onclick>$INFO[Skin.String(CustomAddons.6.Path)]</onclick>
                    </item>
                </content>
                <include>Animation305</include>
            </control>
            <control type="list" id="306" description="XBMC">
                <onleft>305</onleft>
                <onright>301</onright>
                <ondown>306</ondown>
                <include>Sublist</include>
                <content>
                    <item id="0" description="Network Manager">
                        <visible>System.HasAddon(script.system.settings) + !Skin.HasSetting(XBMC0)</visible>
                        <label>Network Manager</label>
                        <onclick>RunAddon(script.system.settings,mode=6)</onclick>
                    </item>
                    <item id="1" description="File Manager">
                        <visible>!Skin.HasSetting(XBMC1)</visible>
                        <label>File Manager</label>
                        <onclick>ActivateWindow(FileManager)</onclick>
                    </item>
                    <item id="2" description="Settings">
                        <visible>!Skin.HasSetting(HideSettings)</visible>
                        <label>5</label>
                        <onclick>ActivateWindow(Settings)</onclick>
                    </item>
                    <item id="3" description="System Information">
                        <visible>!Skin.HasSetting(HideSettings)</visible>
                        <label>System Info</label>
                        <onclick>ActivateWindow(SystemInfo)</onclick>
                    </item>
                    <item id="4" description="Profiles">
                        <visible>!Skin.HasSetting(XBMC2)</visible>
                        <label>13200</label>
                        <onclick>ActivateWindow(Profiles)</onclick>
                    </item>
                    <item id="5" description="LogOff Profile">
                        <visible>System.HasLoginScreen</visible>
                        <visible>System.Loggedon</visible>
                        <label>20126</label>
                        <onclick>dialog.close(all,true)</onclick>
                        <onclick>System.LogOff</onclick>
                    </item>
                    <item id="6" description="Master mode button">
                        <visible>System.HasLocks + System.IsMaster</visible>
                        <label>12332</label>
                        <onclick>xbmc.mastermode</onclick>
                    </item>
                    <item id="7" description="Master mode button">
                        <visible>System.HasLocks + !System.IsMaster</visible>
                        <label>12333</label>
                        <onclick>xbmc.mastermode</onclick>
                    </item>
                    <item id="8" description="Quit">
                        <label condition="!System.Platform.Android" fallback="13005">$VAR[QuitLabel2]</label>
                        <label condition="System.Platform.Android" fallback="13009">$VAR[QuitLabel2]</label>
                        <!--
            <onclick condition="!System.Platform.Android">XBMC.Powerdown()</onclick>
             <onclick condition="System.Platform.Android">XBMC.Quit()</onclick>
           -->
                        <onclick>ActivateWindow(shutdownmenu)</onclick>
                    </item>
                </content>
                <include>Animation306</include>
            </control>
            <animation type="Conditional" condition="Control.HasFocus(700)">
                <effect type="fade" start="100" end="75" time="300" reversible="true" />
            </animation>
        </control>
        <control type="group" description="Main Bar items">
            <animation effect="slide" start="0,0" end="750,0" time="0" condition="StringCompare(Container(500).NumItems,1)">conditional</animation>
            <animation effect="slide" start="0,0" end="600,0" time="0" condition="StringCompare(Container(500).NumItems,2)">conditional</animation>
            <animation effect="slide" start="0,0" end="450,0" time="0" condition="StringCompare(Container(500).NumItems,3)">conditional</animation>
            <animation effect="slide" start="0,0" end="300,0" time="0" condition="StringCompare(Container(500).NumItems,4)">conditional</animation>
            <animation effect="slide" start="0,0" end="150,0" time="0" condition="StringCompare(Container(500).NumItems,5)">conditional</animation>
            <control type="image" description="Bar NF">
                <animation type="Conditional" condition="!ControlGroup(700).HasFocus()">
                    <effect type="fade" start="100" end="0" time="200" reversible="true" />
                </animation>
                <posx>-15</posx>
                <posy>472</posy>
                <width>450</width>
                <height>100</height>
                <align>center</align>
                <aligny>center</aligny>
                <aspectratio>stretch</aspectratio>
                <texture border="50,0,50,0">img/HomeBarNF.png</texture>
                <include>HomeBarAnimation</include>
            </control>
            <control type="image" id="1100" description="Bar FO">
                <visible>![Control.HasFocus(3012) | Control.HasFocus(3020)]</visible>
                <animation type="Conditional" condition="ControlGroup(700).HasFocus()">
                    <effect type="fade" start="100" end="0" time="200" reversible="true" />
                </animation>
                <posx>45</posx>
                <posy>476</posy>
                <width>330</width>
                <height>93</height>
                <align>center</align>
                <aligny>center</aligny>
                <aspectratio>stretch</aspectratio>
                <texture border="50,0,50,0">img/HomeBarHover.png</texture>
                <include>HomeBarAnimation</include>
            </control>
            <control type="list" id="500" description="Navbar">
                <onleft>noop</onleft>
                <onright>noop</onright>
                <onup>3020</onup>
                <ondown>300</ondown>
                <posx>0</posx>
                <posy>480</posy>
                <height>81</height>
                <width>1800</width>
                <orientation>horizontal</orientation>
                <itemlayout height="81" width="300">
                    <control type="label">
                        <posx>60</posx>
                        <width>300</width>
                        <height>81</height>
                        <font>menu-navigation</font>
                        <textcolor>White2</textcolor>
                        <shadowcolor>Black</shadowcolor>
                        <textoffsetx>0</textoffsetx>
                        <align>center</align>
                        <label>$INFO[ListItem.Label]</label>
                    </control>
                </itemlayout>
                <focusedlayout height="81" width="300">
                    <control type="label">
                        <posx>60</posx>
                        <width>300</width>
                        <height>81</height>
                        <font>menu-navigation</font>
                        <textcolor>White2</textcolor>
                        <shadowcolor>Black</shadowcolor>
                        <textoffsetx>0</textoffsetx>
                        <align>center</align>
                        <label>$INFO[ListItem.Label]</label>
                    </control>
                </focusedlayout>
                <content>
                    <item id="1" description="Streaming">
                        <visible>Control.IsVisible(301)</visible>
                        <label fallback="Streaming">$INFO[Skin.String(MoviesName)]</label>
                        <onclick>SetFocus(301)</onclick>
                    </item>
                    <item id="2" description="Videos">
                        <visible>Control.IsVisible(302)</visible>
                        <label fallback="3">$INFO[Skin.String(VideoName)]</label>
                        <onclick>SetFocus(302)</onclick>
                    </item>
                    <item id="3" description="Music">
                        <visible>Control.IsVisible(303)</visible>
                        <label fallback="2">$INFO[Skin.String(MusicName)]</label>
                        <onclick>SetFocus(303)</onclick>
                    </item>
                    <item id="4" description="Pictures">
                        <visible>Control.IsVisible(304)</visible>
                        <label fallback="1">$INFO[Skin.String(PicturesName)]</label>
                        <onclick>SetFocus(304)</onclick>
                    </item>
                    <item id="5" description="Addons">
                        <visible>Control.IsVisible(305)</visible>
                        <label fallback="24001">$INFO[Skin.String(AddonsName)]</label>
                        <onclick>SetFocus(305)</onclick>
                    </item>
                    <item id="6" description="System">
                        <label fallback="System">$INFO[Skin.String(XBMCName)]</label>
                        <onclick>SetFocus(306)</onclick>
                    </item>
                </content>
            </control>
        </control>
        <control type="group" id="700" description="Shelf items">
            <include condition="!Skin.HasSetting(MoviesShelf_Image)">Movies_RA</include>
            <include condition="!Skin.HasSetting(TVShelf_Image)">TV_RA</include>
            <include condition="!Skin.HasSetting(MusicShelf_Image)">Music_RA</include>
            <include condition="Skin.HasSetting(PicturesShelf_Custom)">Pictures_Shortcuts</include>
            <include condition="Skin.HasSetting(AddonsShelf_Custom)">Addons_Shortcuts</include>
            <control type="image" description="Custom Image">
                <visible>[ControlGroup(9000).HasFocus(301) + Skin.HasSetting(MoviesShelf_Image)] | [ControlGroup(9000).HasFocus(302) + Skin.HasSetting(TVShelf_Image)] | [ControlGroup(9000).HasFocus(303) + Skin.HasSetting(MusicShelf_Image)] | [ControlGroup(9000).HasFocus(304) + Skin.HasSetting(PicturesShelf_Image)] | [ControlGroup(9000).HasFocus(305) + Skin.HasSetting(AddonsShelf_Image)] | [ControlGroup(9000).HasFocus(306) + Skin.HasSetting(XBMCShelf_Image) + !Player.HasMedia]</visible>
                <include>ListVisibleFade</include>
                <posx>68</posx>
                <posy>111</posy>
                <width>1785</width>
                <height>303</height>
                <fadetime>100</fadetime>
                <aspectratio aligny="bottom">keep</aspectratio>
                <texture>$VAR[ShelfIcon]</texture>
            </control>
            <control type="image" description="Reflection Custom Image">
                <visible>[ControlGroup(9000).HasFocus(301) + Skin.HasSetting(MoviesShelf_Image)] | [ControlGroup(9000).HasFocus(302) + Skin.HasSetting(TVShelf_Image)] | [ControlGroup(9000).HasFocus(303) + Skin.HasSetting(MusicShelf_Image)] | [ControlGroup(9000).HasFocus(304) + Skin.HasSetting(PicturesShelf_Image)] | [ControlGroup(9000).HasFocus(305) + Skin.HasSetting(AddonsShelf_Image)] | [ControlGroup(9000).HasFocus(306) + Skin.HasSetting(XBMCShelf_Image) + !Player.HasMedia]</visible>
                <include>ListVisibleFade</include>
                <posx>68</posx>
                <posy>414</posy>
                <width>1785</width>
                <height>303</height>
                <aspectratio aligny="top">keep</aspectratio>
                <texture flipy="true" diffuse="img/Reflection.png">$VAR[ShelfIcon]</texture>
            </control>
            <control type="image" description="Logo">
                <visible>[ControlGroup(9000).HasFocus(301) + !Skin.HasSetting(MoviesShelf_Image) + !Control.IsVisible(311)] | [ControlGroup(9000).HasFocus(302) + !Skin.HasSetting(TVShelf_Image) + !Control.IsVisible(312)] | [ControlGroup(9000).HasFocus(303) + !Skin.HasSetting(MusicShelf_Image) + !Control.IsVisible(313)] | [ControlGroup(9000).HasFocus(304) + !Skin.HasSetting(PicturesShelf_Image) + !Control.IsVisible(314)] | [ControlGroup(9000).HasFocus(305) + !Skin.HasSetting(AddonsShelf_Image) + !Control.IsVisible(315)] | [ControlGroup(9000).HasFocus(306) + !Skin.HasSetting(XBMCShelf_Image) + !Player.HasMedia]</visible>
                <include>ListVisibleFade</include>
                <posx>550</posx>
                <posy>175</posy>
                <width>785</width>
                <height>224</height>
                <aspectratio aligny="bottom">keep</aspectratio>
                <texture>img/XBMCHomeLogo.png</texture>
            </control>
        </control>

        <!-- Help Button -->
        <include>AEVOLVEHeaderBG</include>

        <!-- PLAY CONTROLS -->

        <control type="group">
            <visible>Player.HasMedia</visible>
            <!--
      <animation effect="slide" start="1280,0" end="0,0" time="500" delay="1000" tween="sine" easing="out">WindowOpen</animation>
      <animation effect="slide" start="1280,0" end="0,0" time="500" delay="1000" tween="sine" easing="out">Visible</animation>
      <animation effect="slide" start="0,0" end="1280,0" time="500" delay="1000" tween="sine" easing="out">Hidden</animation>
      <animation effect="slide" start="0,0" end="0,-605" condition="Skin.HasSetting(highertime) + !Skin.HasSetting(highermainmenu)">Conditional</animation>
      <animation effect="slide" start="0,0" end="0,-395" condition="Skin.HasSetting(highertime) + Skin.HasSetting(highermainmenu)">Conditional</animation>
      <animation effect="slide" start="0,0" end="0,-210" condition="Skin.HasSetting(highermainmenu)">Conditional</animation>
    -->
            <control type="list" id="3020">
                <posx>15</posx>
                <posy>0</posy>
                <height>200</height>
                <width>400</width>
                <ondown>8998</ondown>
                <onleft>3020</onleft>
                <viewtype>list</viewtype>
                <align>right</align>
                <orientation>horizontal</orientation>
                <scrolltime>200</scrolltime>
                <focusposition>0</focusposition>
                <itemlayout width="55" height="40">
                    <control type="image">
                        <posy>17</posy>
                        <width>40</width>
                        <height>40</height>
                        <info>ListItem.Icon</info>
                        <colordiffuse>50FFFAF0</colordiffuse>
                        <include>Animation_Fade</include>
                    </control>
                </itemlayout>
                <focusedlayout width="55" height="40">
                    <control type="image">
                        <posy>12</posy>
                        <posx>-5</posx>
                        <width>50</width>
                        <height>50</height>
                        <info>ListItem.Icon</info>
                        <colordiffuse>50FFFAF0</colordiffuse>
                        <include>Animation_Fade</include>
                        <visible>!Control.HasFocus(3020)</visible>
                    </control>
                    <control type="image">
                        <posy>12</posy>
                        <posx>-5</posx>
                        <width>50</width>
                        <height>50</height>
                        <info>ListItem.Icon</info>
                        <colordiffuse>FFFFFAF0</colordiffuse>
                        <include>Animation_Fade</include>
                        <visible>Control.HasFocus(3020)</visible>
                    </control>
                </focusedlayout>
                <content>
                    <item id="1">
                        <!-- pause -->
                        <label>-</label>
                        <icon>aevolve/controls/pause.png</icon>
                        <onclick>PlayerControl(Play)</onclick>
                        <visible>!Player.Paused</visible>
                    </item>
                    <item id="2">
                        <!-- play -->
                        <label>-</label>
                        <icon>aevolve/controls/play.png</icon>
                        <onclick>PlayerControl(Play)</onclick>
                        <visible>Player.Paused</visible>
                    </item>
                    <item id="3">
                        <!-- stop -->
                        <label>-</label>
                        <icon>aevolve/controls/stop.png</icon>
                        <onclick>PlayerControl(Stop)</onclick>
                        <!-- <onclick>SetFocus(9000)</onclick> -->
                    </item>
                    <item id="4">
                        <!-- skipbwd -->
                        <label>-</label>
                        <icon>aevolve/controls/previous.png</icon>
                        <onclick>PlayerControl(Previous)</onclick>
                        <visible>!VideoPlayer.Content(LiveTV)</visible>
                    </item>
                    <item id="5">
                        <!-- rew -->
                        <label>-</label>
                        <icon>aevolve/controls/rewind.png</icon>
                        <onclick>PlayerControl(Rewind)</onclick>
                    </item>
                    <item id="6">
                        <!-- ff -->
                        <label>-</label>
                        <icon>aevolve/controls/fastforward.png</icon>
                        <onclick>PlayerControl(Forward)</onclick>
                    </item>
                    <item id="7">
                        <!-- skipfwd -->
                        <label>-</label>
                        <icon>aevolve/controls/next.png</icon>
                        <onclick>PlayerControl(Next)</onclick>
                        <visible>!VideoPlayer.Content(LiveTV)</visible>
                    </item>
                    <item id="8">
                        <!-- go to fullscreen -->
                        <label>-</label>
                        <icon>aevolve/controls/fullscreen.png</icon>
                        <onclick>fullscreen</onclick>
                    </item>
                </content>
            </control>
        </control>
        <!-- PLAY CONTROLS END -->

        <control type="label" description="Clock">
            <visible>Skin.HasSetting(ShowClock)</visible>
            <posx>30r</posx>
            <posy>10</posy>
            <width>195</width>
            <height>75</height>
            <align>right</align>
            <aligny>center</aligny>
            <font>time</font>
            <textcolor>White2</textcolor>
            <label>[B]$INFO[System.Time][/B]</label>
        </control>
        <control type="label" description="Date">
            <visible>Skin.HasSetting(ShowClock) + ![Control.IsVisible(53) | Control.IsVisible(55)]</visible>
            <posx>33r</posx>
            <posy>-20</posy>
            <width>295</width>
            <height>75</height>
            <align>right</align>
            <aligny>center</aligny>
            <font>time</font>
            <textcolor>White2</textcolor>
            <label>$INFO[System.Date]</label>
        </control>
		
		<!-- RSS Feed -->
		<include condition="!Skin.HasSetting(ShowClock) + !Player.HasMedia">rss-feed-main</include>
		<include condition="Skin.HasSetting(ShowClock) + !Player.HasMedia">rss-feed-clock</include>
		<include condition="!Skin.HasSetting(ShowClock) + Player.HasMedia">rss-feed-playback-noclock</include>
		<include condition="Skin.HasSetting(ShowClock) + Player.HasMedia">rss-feed-playback</include>
		<!-- RSS Feed End -->
    </controls>
</window>
