<?xml version="1.0" encoding="UTF-8" ?>
<includes>
    <include name="ListVisibleFade">
        <animation effect="fade" end="100" delay="250" time="150">Visible</animation>
        <animation effect="fade" end="0" time="100">Hidden</animation>
    </include>
    <include name="LabelVisibleFade">
        <animation effect="fade" end="100" delay="100" time="300">Visible</animation>
        <animation effect="fade" end="0" time="100">Hidden</animation>
    </include>
    <include name="ShelfTopLabel">
        <posx>96</posx>
        <posy>61</posy>
        <height>45</height>
        <width>750</width>
        <align>left</align>
        <aligny>center</aligny>
        <font>size18</font>
        <textcolor>White2</textcolor>
        <shadowcolor>Shadow</shadowcolor>
    </include>
    <include name="PlayingInfo">
        <control type="image">
            <posx>300</posx>
            <posy>157</posy>
            <width>600</width>
            <height>200</height>
            <texture border="40">img/BlackTransparent.png</texture>
            <colordiffuse>DFFFFFFF</colordiffuse>
            <animation effect="slide" start="0,960" end="0,0" time="500" delay="400" tween="sine" easing="out">WindowOpen</animation>
            <animation effect="slide" start="0,960" end="0,0" time="500" delay="400" tween="sine" easing="out">Visible</animation>
            <animation effect="slide" start="0,0" end="1280,0" time="500" delay="400" tween="sine" easing="out">Hidden</animation>
        </control>
        <!--
    <control type="label" description="Playing label">
      <posx>94</posx>
      <posy>-15</posy>
      <height>45</height>
      <width>750</width>
      <label>$LOCALIZE[31023]:</label>
      <align>left</align>
      <aligny>center</aligny>
      <font>size18</font>
      <textcolor>White</textcolor>
      <shadowcolor>33FF000000</shadowcolor>
    </control>
  -->
        <control type="group" description="Text Group">
            <animation effect="slide" start="-1280,0" end="0,0" time="500" delay="400" tween="sine" easing="out">WindowOpen</animation>
            <animation effect="slide" start="-1280,0" end="0,0" time="500" delay="400" tween="sine" easing="out">Visible</animation>
            <animation effect="slide" start="0,0" end="1280,0" time="500" delay="400" tween="sine" easing="out">Hidden</animation>
            <control type="label" description="Title label">
                <posx>425</posx>
                <posy>175</posy>
                <height>45</height>
                <width>470</width>
                <label>$INFO[MusicPlayer.Title]$INFO[VideoPlayer.Title]</label>
                <align>left</align>
                <aligny>center</aligny>
                <font>title2</font>
                <textcolor>White2</textcolor>
                <shadowcolor>ShadowDark</shadowcolor>
            </control>
            <control type="label" description="Artist label">
                <posx>425</posx>
                <posy>215</posy>
                <height>45</height>
                <width>750</width>
                <label>$INFO[MusicPlayer.Artist]$INFO[VideoPlayer.Artist]$INFO[VideoPlayer.TVShowTitle]</label>
                <align>left</align>
                <aligny>center</aligny>
                <font>title2</font>
                <textcolor>White</textcolor>
                <shadowcolor>ShadowDark</shadowcolor>
            </control>
            <control type="label" description="Album Label">
                <posx>425</posx>
                <posy>262</posy>
                <height>45</height>
                <width>750</width>
                <label>$INFO[MusicPlayer.Album]$INFO[VideoPlayer.Album]$INFO[VideoPlayer.Season,$LOCALIZE[20373] , - ]$INFO[VideoPlayer.episode,$LOCALIZE[20359] ]</label>
                <align>left</align>
                <aligny>center</aligny>
                <font>size18</font>
                <textcolor>White</textcolor>
                <shadowcolor>ShadowDark</shadowcolor>
            </control>
            <control type="label" description="Time Label">
                <posx>425</posx>
                <posy>300</posy>
                <height>45</height>
                <width>488</width>
                <label>$INFO[Player.Time]$INFO[Player.Duration, / ]</label>
                <align>left</align>
                <aligny>center</aligny>
                <font>size17</font>
                <textcolor>White</textcolor>
                <shadowcolor>ShadowDark</shadowcolor>
            </control>
        </control>
        <control type="group" descrption="Cover Group">
            <animation effect="slide" start="-1280,0" end="0,0" time="500" delay="400" tween="sine" easing="out">WindowOpen</animation>
            <animation effect="slide" start="-1280,0" end="0,0" time="500" delay="400" tween="sine" easing="out">Visible</animation>
            <animation effect="slide" start="0,0" end="1280,0" time="500" delay="400" tween="sine" easing="out">Hidden</animation>
            <control type="image" description="Cover">
                <posx>94</posx>
                <posy>356</posy>
                <width>303</width>
                <height>303</height>
                <texture flipy="true" diffuse="img/ReflectionShelf.png">$INFO[MusicPlayer.Cover]</texture>
                <aspectratio scalediffuse="false">scale</aspectratio>
            </control>
            <control type="image" description="Cover">
                <visible>!Videoplayer.content(Movies)</visible>
                <posx>94</posx>
                <posy>54</posy>
                <width>303</width>
                <height>303</height>
                <texture>$INFO[MusicPlayer.Cover]$INFO[VideoPlayer.Cover]</texture>
                <aspectratio>scale</aspectratio>
            </control>
            <control type="image" description="Cover">
                <visible>VideoPlayer.content(Movies)</visible>
                <posx>94</posx>
                <posy>54</posy>
                <width>303</width>
                <height>303</height>
                <texture>$INFO[VideoPlayer.Cover]</texture>
                <aspectratio>keep</aspectratio>
            </control>
        </control>
    </include>



    <include name="MoviesShortcutsCommons">
        <include>ListVisibleFade</include>
        <posx>72</posx>
        <posy>84</posy>
        <width>1778</width>
        <height>402</height>
        <orientation>horizontal</orientation>
        <scrolltime>400</scrolltime>
        <itemlayout condition="!Skin.HasSetting(MoviesShelf_Custom) + Library.HasContent(Movies)" height="387" width="254">
            <control type="image" description="Reflection">
                <posx>26</posx>
                <posy>330</posy>
                <width>202</width>
                <height>303</height>
                <texture fallback="DefaultVideo.png" background="true" diffuse="img/ReflectionShelf.png" flipy="true">$INFO[ListItem.Thumb]</texture>
                <aspectratio>scale</aspectratio>
            </control>
            <control type="image">
                <posx>26</posx>
                <posy>27</posy>
                <width>202</width>
                <height>303</height>
                <texture fallback="DefaultVideo.png" background="true">$INFO[ListItem.Thumb]</texture>
                <aspectratio>scale</aspectratio>
            </control>
            <control type="label">
                <animation effect="fade" start="0" end="100" time="200" delay="100">UnFocus</animation>
				<posx>26</posx>
				<posy>345</posy>
				<width>202</width>
				<height>30</height>
                <font>size17</font>
                <textcolor>White2</textcolor>
                <label>$INFO[ListItem.Property(SeasonEpisode)]</label>
                <align>center</align>
            </control>
        </itemlayout>
        <focusedlayout condition="!Skin.HasSetting(MoviesShelf_Custom) + Library.HasContent(Movies)" height="387" width="254">
            <control type="group">
                <control type="image" description="Reflection">
                    <posx>26</posx>
                    <posy>330</posy>
                    <width>202</width>
                    <height>303</height>
                    <texture fallback="DefaultVideo.png" background="true" diffuse="img/ReflectionShelf.png" flipy="true">$INFO[ListItem.Thumb]</texture>
                    <aspectratio>scale</aspectratio>
                </control>
                <control type="image">
                    <posx>26</posx>
                    <posy>27</posy>
                    <width>202</width>
                    <height>303</height>
                    <texture fallback="DefaultVideo.png" background="true">$INFO[ListItem.Thumb]</texture>
                    <aspectratio>scale</aspectratio>
                </control>
                <control type="label">
                    <visible>ControlGroup(700).HasFocus()</visible>
                    <animation effect="fade" start="0" end="100" time="200" delay="100">Focus</animation>
                    <posx>26</posx>
                    <posy>345</posy>
                    <width>202</width>
                    <height>30</height>
                    <font>size17</font>
                    <textcolor>White2</textcolor>
                    <label>$INFO[ListItem.Label]</label>
                    <align>center</align>
                </control>
            </control>
        </focusedlayout>
        <itemlayout condition="Skin.HasSetting(MoviesShelf_Custom)" height="357" width="354">
            <control type="image" description="Reflection">
                <posx>27</posx>
                <posy>330</posy>
                <width>303</width>
                <height>303</height>
                <texture background="true" diffuse="img/ReflectionShelf.png" flipy="true">$INFO[ListItem.Thumb]</texture>
                <aspectratio scalediffuse="false">scale</aspectratio>
            </control>
            <control type="image">
                <posx>27</posx>
                <posy>27</posy>
                <width>303</width>
                <height>303</height>
                <texture background="true">$INFO[ListItem.Thumb]</texture>
                <aspectratio>scale</aspectratio>
            </control>
        </itemlayout>
        <focusedlayout condition="Skin.HasSetting(MoviesShelf_Custom)" height="357" width="354">
            <control type="group">
                <control type="image" description="Reflection">
                    <posx>27</posx>
                    <posy>330</posy>
                    <width>303</width>
                    <height>303</height>
                    <texture background="true" diffuse="img/ReflectionShelf.png" flipy="true">$INFO[ListItem.Thumb]</texture>
                    <aspectratio>scale</aspectratio>
                </control>
                <control type="image">
                    <posx>27</posx>
                    <posy>27</posy>
                    <width>303</width>
                    <height>303</height>
                    <texture background="true">$INFO[ListItem.Thumb]</texture>
                    <aspectratio>scale</aspectratio>
                </control>
                <control type="label">
                    <visible>ControlGroup(700).HasFocus()</visible>
                    <animation effect="fade" start="0" end="100" time="200" delay="100">Focus</animation>
                    <posy>345</posy>
                    <width>345</width>
                    <height>30</height>
                    <font>size17</font>
                    <textcolor>White2</textcolor>
                    <label>$INFO[ListItem.Label]</label>
                    <align>center</align>
                </control>
            </control>
        </focusedlayout>
    </include>





    <include name="MusicShortcutsCommons">
        <include>ListVisibleFade</include>
        <posx>72</posx>
        <posy>84</posy>
        <width>1776</width>
        <height>402</height>
        <orientation>horizontal</orientation>
        <scrolltime>400</scrolltime>
        <itemlayout height="357" width="354">
            <control type="image" description="Reflection">
                <posx>27</posx>
                <posy>330</posy>
                <width>303</width>
                <height>303</height>
                <texture fallback="DefaultAudio.png" background="true" diffuse="img/ReflectionShelf.png" flipy="true">$INFO[ListItem.Thumb]</texture>
                <aspectratio scalediffuse="false">scale</aspectratio>
            </control>
            <control type="image">
                <posx>27</posx>
                <posy>27</posy>
                <width>303</width>
                <height>303</height>
                <texture fallback="DefaultAudio.png" background="true">$INFO[ListItem.Thumb]</texture>
                <aspectratio>scale</aspectratio>
            </control>
        </itemlayout>
        <focusedlayout height="357" width="354">
            <control type="group">
                <control type="image" description="Reflection">
                    <posx>27</posx>
                    <posy>330</posy>
                    <width>303</width>
                    <height>303</height>
                    <texture fallback="DefaultAudio.png" background="true" diffuse="img/ReflectionShelf.png" flipy="true">$INFO[ListItem.Thumb]</texture>
                    <aspectratio scalediffuse="false">scale</aspectratio>
                </control>
                <control type="image">
                    <posx>27</posx>
                    <posy>27</posy>
                    <width>303</width>
                    <height>303</height>
                    <texture fallback="DefaultAudio.png" background="true">$INFO[ListItem.Thumb]</texture>
                    <aspectratio>scale</aspectratio>
                </control>
                <control type="label">
                    <visible>ControlGroup(700).HasFocus()</visible>
                    <animation effect="fade" start="0" end="100" time="200" delay="100">Focus</animation>
                    <posy>345</posy>
                    <width>345</width>
                    <height>30</height>
                    <font>size17</font>
                    <textcolor>White2</textcolor>
                    <label>$INFO[ListItem.Label]</label>
                    <align>center</align>
                </control>
            </control>
        </focusedlayout>
    </include>





    <include name="EpisodeShortcutsCommons">
        <include>ListVisibleFade</include>
        <posx>72</posx>
        <posy>84</posy>
        <width>1776</width>
        <height>402</height>
        <orientation>horizontal</orientation>
        <scrolltime>400</scrolltime>
        <itemlayout condition="!Skin.HasSetting(TVShelf_Custom) + Library.HasContent(TVShows)" height="357" width="444">
            <control type="image" description="Reflection">
                <posx>27</posx>
                <posy>330</posy>
                <width>393</width>
                <height>303</height>
                <texture fallback="DefaultVideo.png" background="true" diffuse="img/ReflectionShelf.png" flipy="true">$INFO[ListItem.Property(Art)]</texture>
                <aspectratio scalediffuse="false">scale</aspectratio>
            </control>
            <control type="image">
                <posx>27</posx>
                <posy>27</posy>
                <width>393</width>
                <height>303</height>
                <texture fallback="DefaultVideo.png" background="true">$INFO[ListItem.Property(Art)]</texture>
                <aspectratio>scale</aspectratio>
            </control>
            <control type="group">
                <visible>!IsEmpty(ListItem.Label2)</visible>
                <control type="image">
                    <posx>27</posx>
                    <posy>243</posy>
                    <width>393</width>
                    <height>75</height>
                    <texture>img/BlackDotT.png</texture>
                    <aspectratio>stretch</aspectratio>
                </control>
                <control type="label">
                    <posx>26</posx>
                    <posy>345</posy>
                    <width>202</width>
                    <height>30</height>
                    <font>size18</font>
                    <textcolor>Silver</textcolor>
                    <label>$INFO[ListItem.Label2]</label>
                    <align>center</align>
                </control>
            </control>
            <control type="group">
                <visible>!IsEmpty(ListItem.Property(SeasonEpisode))</visible>
                <control type="label">
                    <posx>26</posx>
                    <posy>345</posy>
                    <width>202</width>
                    <height>36</height>
                    <font>size15</font>
                    <textcolor>Silver</textcolor>
                    <label>[UPPERCASE]$INFO[ListItem.Property(SeasonEpisode)][/UPPERCASE]</label>
                    <align>center</align>
                </control>
            </control>
        </itemlayout>
        <focusedlayout condition="!Skin.HasSetting(TVShelf_Custom) + Library.HasContent(TVShows)" height="357" width="444">
            <control type="group">
                <control type="image" description="Reflection">
                    <posx>27</posx>
                    <posy>330</posy>
                    <width>393</width>
                    <height>303</height>
                    <texture background="true" diffuse="img/ReflectionShelf.png" flipy="true">$INFO[ListItem.Property(Art)]</texture>
                    <aspectratio scalediffuse="false">scale</aspectratio>
                </control>
                <control type="image">
                    <posx>27</posx>
                    <posy>27</posy>
                    <width>393</width>
                    <height>303</height>
                    <texture background="true">$INFO[ListItem.Property(Art)]</texture>
                    <aspectratio>scale</aspectratio>
                </control>
                <control type="group">
                    <visible>!IsEmpty(ListItem.Label2)</visible>
                    <control type="image">
                        <posx>27</posx>
                        <posy>243</posy>
                        <width>393</width>
                        <height>75</height>
                        <texture>img/BlackDotT.png</texture>
                        <aspectratio>stretch</aspectratio>
                    </control>
                    <control type="label">
						<posx>26</posx>
						<posy>345</posy>
						<width>202</width>
                        <height>30</height>
                        <font>size18</font>
                        <textcolor>Silver</textcolor>
                        <label>$INFO[ListItem.Label2]</label>
                        <align>center</align>
                    </control>
                </control>
                <control type="group">
                    <visible>!IsEmpty(ListItem.Property(SeasonEpisode))</visible>
                    <control type="label">
						<posx>26</posx>
						<posy>345</posy>
						<width>202</width>
                        <height>36</height>
                        <font>size15</font>
                        <textcolor>Silver</textcolor>
                        <label>[UPPERCASE]$INFO[ListItem.Property(SeasonEpisode)][/UPPERCASE]</label>
                        <align>center</align>
                    </control>
                </control>
                <control type="group">
                    <visible>ControlGroup(700).HasFocus()</visible>
                    <control type="label">
                        <animation effect="fade" start="0" end="100" time="200" delay="100">Focus</animation>
                        <posx>224</posx>
                        <posy>345</posy>
                        <width>435</width>
                        <height>30</height>
                        <font>size17</font>
                        <textcolor>White2</textcolor>
                        <label>$INFO[ListItem.Label]</label>
                        <align>center</align>
                    </control>
                </control>
            </control>
        </focusedlayout>
        <itemlayout condition="Skin.HasSetting(TVShelf_Custom)" height="357" width="354">
            <control type="image" description="Reflection">
                <posx>27</posx>
                <posy>330</posy>
                <width>303</width>
                <height>303</height>
                <texture fallback="DefaultVideo.png" background="true" diffuse="img/ReflectionShelf.png" flipy="true">$INFO[ListItem.Thumb]</texture>
                <aspectratio scalediffuse="false">scale</aspectratio>
            </control>
            <control type="image">
                <posx>27</posx>
                <posy>27</posy>
                <width>303</width>
                <height>303</height>
                <texture fallback="DefaultVideo.png" background="true">$INFO[ListItem.Thumb]</texture>
                <aspectratio>scale</aspectratio>
            </control>
        </itemlayout>
        <focusedlayout condition="Skin.HasSetting(TVShelf_Custom)" height="357" width="354">
            <control type="group">
                <control type="image" description="Reflection">
                    <posx>27</posx>
                    <posy>330</posy>
                    <width>303</width>
                    <height>303</height>
                    <texture fallback="DefaultVideo.png" background="true" diffuse="img/ReflectionShelf.png" flipy="true">$INFO[ListItem.Thumb]</texture>
                    <aspectratio scalediffuse="false">scale</aspectratio>
                </control>
                <control type="image">
                    <posx>27</posx>
                    <posy>27</posy>
                    <width>303</width>
                    <height>303</height>
                    <texture fallback="DefaultVideo.png" background="true">$INFO[ListItem.Thumb]</texture>
                    <aspectratio>scale</aspectratio>
                </control>
                <control type="label">
                    <visible>ControlGroup(700).HasFocus()</visible>
                    <animation effect="fade" start="0" end="100" time="200" delay="100">Focus</animation>
                    <posy>345</posy>
                    <width>345</width>
                    <height>30</height>
                    <font>size17</font>
                    <textcolor>White2</textcolor>
                    <label>$INFO[ListItem.Label]</label>
                    <align>center</align>
                </control>
            </control>
        </focusedlayout>
    </include>







    <!--RA-->
    <include name="Movies_RA">
        <control type="group">
            <control type="label" description="Top Label">
                <visible>Control.IsVisible(311)</visible>
                <include>LabelVisibleFade</include>
                <include>ShelfTopLabel</include>
                <label>$INFO[Container(311).ListItem.Property(ItemType)]</label>
            </control>
            <control type="panel" id="311" description="TOP Shortcuts">
                <visible>[Library.HasContent(Movies) | Skin.HasSetting(MoviesShelf_Custom)] + [ControlGroup(9000).HasFocus(301) | Control.HasFocus(311)]</visible>
                <onup>3011</onup>
                <ondown>301</ondown>
                <onleft>311</onleft>
                <onright>311</onright>
                <include>MoviesShortcutsCommons</include>
                <include condition="!Skin.HasSetting(UseWidgets)">Movies_RA_Items</include>
                <include condition="Skin.HasSetting(UseWidgets)">Movies_Widgets_Items</include>
            </control>
            <control type="image">
                <visible>Control.HasFocus(311) + Skin.HasSetting(MoviesShelf_Custom)</visible>
                <posx>74</posx>
                <posy>86</posy>
                <width>350</width>
                <height>350</height>
                <texture border="28">img/Frame25.png</texture>
                <aspectratio>stretch</aspectratio>
                <animation condition="Container(311).Position(0)" effect="slide" start="0,0" end="0,0" time="150" easing="inout" reversible="true">Conditional</animation>
                <animation condition="Container(311).Position(1)" effect="slide" start="0,0" end="354,0" time="150" easing="inout" reversible="true">Conditional</animation>
                <animation condition="Container(311).Position(2)" effect="slide" start="0,0" end="708,0" time="150" easing="inout" reversible="true">Conditional</animation>
                <animation condition="Container(311).Position(3)" effect="slide" start="0,0" end="1062,0" time="150" easing="inout" reversible="true">Conditional</animation>
                <animation condition="Container(311).Position(4)" effect="slide" start="0,0" end="1416,0" time="150" easing="inout" reversible="true">Conditional</animation>
            </control>
            <control type="image">
                <visible>Control.HasFocus(311) + !Skin.HasSetting(MoviesShelf_Custom)</visible>
                <posx>73</posx>
                <posy>86</posy>
                <width>252</width>
                <height>352</height>
                <texture border="28">img/Frame25.png</texture>
                <aspectratio>stretch</aspectratio>
                <animation condition="Container(311).Position(0)" effect="slide" start="0,0" end="0,0" time="150" easing="inout" reversible="true">Conditional</animation>
                <animation condition="Container(311).Position(1)" effect="slide" start="0,0" end="254,0" time="150" easing="inout" reversible="true">Conditional</animation>
                <animation condition="Container(311).Position(2)" effect="slide" start="0,0" end="508,0" time="150" easing="inout" reversible="true">Conditional</animation>
                <animation condition="Container(311).Position(3)" effect="slide" start="0,0" end="762,0" time="150" easing="inout" reversible="true">Conditional</animation>
                <animation condition="Container(311).Position(4)" effect="slide" start="0,0" end="1016,0" time="150" easing="inout" reversible="true">Conditional</animation>
                <animation condition="Container(311).Position(5)" effect="slide" start="0,0" end="1270,0" time="150" easing="inout" reversible="true">Conditional</animation>
                <animation condition="Container(311).Position(6)" effect="slide" start="0,0" end="1524,0" time="150" easing="inout" reversible="true">Conditional</animation>
            </control>
        </control>
    </include>




<!-- Recently Added TV Episodes -->
    <include name="TV_RA">
        <control type="group">
            <control type="label" description="Top Label">
                <visible>Control.IsVisible(312) + ![Skin.HasSetting(UseWidgets) + SubString(Window(Home).Property(SkinWidgets_Recommended),true)]</visible>
                <include>LabelVisibleFade</include>
                <include>ShelfTopLabel</include>
                <label>$INFO[Container(312).ListItem.Property(ItemType)]</label>
            </control>
            <control type="label" description="Top Label">
                <visible>Control.IsVisible(312) + Skin.HasSetting(UseWidgets) + SubString(Window(Home).Property(SkinWidgets_Recommended),true)</visible>
                <include>LabelVisibleFade</include>
                <include>ShelfTopLabel</include>
                <label>$LOCALIZE[31973]</label>
            </control>
            <control type="panel" id="312" description="TOP Shortcuts">
                <visible>[Library.HasContent(TVShows) | Skin.HasSetting(TVShelf_Custom)] + [ControlGroup(9000).HasFocus(302) | Control.HasFocus(312)]</visible>
                <onup>3011</onup>
                <ondown>302</ondown>
                <onleft>312</onleft>
                <onright>312</onright>
                <include condition="Skin.HasSetting(UseEpisodeThumbs) | Skin.HasSetting(TVShelf_Custom)">EpisodeShortcutsCommons</include>
                <include condition="![Skin.HasSetting(UseEpisodeThumbs) | Skin.HasSetting(TVShelf_Custom)]">MoviesShortcutsCommons</include>
                <include condition="!Skin.HasSetting(UseWidgets)">TV_RA_Items</include>
                <include condition="Skin.HasSetting(UseWidgets)">TV_Widgets_Items</include>
            </control>
            <control type="image">
                <visible>Control.HasFocus(312) + Skin.HasSetting(TVShelf_Custom)</visible>
                <posx>74</posx>
                <posy>86</posy>
                <width>350</width>
                <height>350</height>
                <texture border="28">img/Frame25.png</texture>
                <aspectratio>stretch</aspectratio>
                <animation condition="Container(312).Position(0)" effect="slide" start="0,0" end="0,0" time="150" easing="inout" reversible="true">Conditional</animation>
                <animation condition="Container(312).Position(1)" effect="slide" start="0,0" end="354,0" time="150" easing="inout" reversible="true">Conditional</animation>
                <animation condition="Container(312).Position(2)" effect="slide" start="0,0" end="708,0" time="150" easing="inout" reversible="true">Conditional</animation>
                <animation condition="Container(312).Position(3)" effect="slide" start="0,0" end="1062,0" time="150" easing="inout" reversible="true">Conditional</animation>
                <animation condition="Container(312).Position(4)" effect="slide" start="0,0" end="1416,0" time="150" easing="inout" reversible="true">Conditional</animation>
            </control>
            <control type="image">
                <visible>Control.HasFocus(312) + !Skin.HasSetting(TVShelf_Custom)</visible>
                <visible>Skin.HasSetting(UseEpisodeThumbs)</visible>
                <posx>74</posx>
                <posy>86</posy>
                <width>443</width>
                <height>350</height>
                <texture border="28">img/Frame25.png</texture>
                <aspectratio>stretch</aspectratio>
                <animation condition="Container(312).Position(0)" effect="slide" start="0,0" end="0,0" time="150" easing="inout" reversible="true">Conditional</animation>
                <animation condition="Container(312).Position(1)" effect="slide" start="0,0" end="444,0" time="150" easing="inout" reversible="true">Conditional</animation>
                <animation condition="Container(312).Position(2)" effect="slide" start="0,0" end="888,0" time="150" easing="inout" reversible="true">Conditional</animation>
                <animation condition="Container(312).Position(3)" effect="slide" start="0,0" end="1332,0" time="150" easing="inout" reversible="true">Conditional</animation>
            </control>
            <control type="image">
                <visible>Control.HasFocus(312) + !Skin.HasSetting(TVShelf_Custom)</visible>
                <visible>!Skin.HasSetting(UseEpisodeThumbs)</visible>
                <posx>73</posx>
                <posy>86</posy>
                <width>252</width>
                <height>352</height>
                <texture border="28">img/Frame25.png</texture>
                <aspectratio>stretch</aspectratio>
                <animation condition="Container(312).Position(0)" effect="slide" start="0,0" end="0,0" time="150" easing="inout" reversible="true">Conditional</animation>
                <animation condition="Container(312).Position(1)" effect="slide" start="0,0" end="254,0" time="150" easing="inout" reversible="true">Conditional</animation>
                <animation condition="Container(312).Position(2)" effect="slide" start="0,0" end="508,0" time="150" easing="inout" reversible="true">Conditional</animation>
                <animation condition="Container(312).Position(3)" effect="slide" start="0,0" end="762,0" time="150" easing="inout" reversible="true">Conditional</animation>
                <animation condition="Container(312).Position(4)" effect="slide" start="0,0" end="1016,0" time="150" easing="inout" reversible="true">Conditional</animation>
                <animation condition="Container(312).Position(5)" effect="slide" start="0,0" end="1270,0" time="150" easing="inout" reversible="true">Conditional</animation>
                <animation condition="Container(312).Position(6)" effect="slide" start="0,0" end="1524,0" time="150" easing="inout" reversible="true">Conditional</animation>
            </control>
        </control>
    </include>





    <include name="Music_RA">
        <control type="group">
            <control type="label" description="Top Label">
                <visible>Control.IsVisible(313)</visible>
                <include>LabelVisibleFade</include>
                <include>ShelfTopLabel</include>
                <label>$INFO[Container(313).ListItem.Property(ItemType)]</label>
            </control>
            <control type="panel" id="313" description="TOP Shortcuts">
                <visible>[Library.HasContent(musicvideos) | Library.HasContent(music) | Skin.HasSetting(MusicShelf_Custom)] + [ControlGroup(9000).HasFocus(303) | Control.HasFocus(313)]</visible>
                <onup>3011</onup>
                <ondown>303</ondown>
                <onleft>313</onleft>
                <onright>313</onright>
                <include>MusicShortcutsCommons</include>
                <content>
                    <item id="1" description="Music">
                        <visible>!Skin.HasSetting(MusicShelf_Custom)</visible>
                        <visible>!IsEmpty(Window.Property(LatestAlbum.1.Path))</visible>
                        <label>$INFO[Window.Property(LatestAlbum.1.Artist),, - ]$INFO[Window.Property(LatestAlbum.1.Title)]</label>
                        <onclick>PlayList.Clear</onclick>
                        <onclick>PlayMedia($ESCINFO[Window(Home).Property(LatestAlbum.1.Path)])</onclick>
                        <thumb>$INFO[Window.Property(LatestAlbum.1.Thumb)]</thumb>
                        <property name="ItemType">$LOCALIZE[359]</property>
                    </item>
                    <item id="2" description="Shortcut2">
                        <visible>!Skin.HasSetting(MusicShelf_Custom)</visible>
                        <visible>!IsEmpty(Window.Property(LatestAlbum.2.Path))</visible>
                        <label>$INFO[Window.Property(LatestAlbum.2.Artist),, - ]$INFO[Window.Property(LatestAlbum.2.Title)]</label>
                        <onclick>PlayList.Clear</onclick>
                        <onclick>PlayMedia($ESCINFO[Window(Home).Property(LatestAlbum.2.Path)])</onclick>
                        <thumb>$INFO[Window.Property(LatestAlbum.2.Thumb)]</thumb>
                        <property name="ItemType">$LOCALIZE[359]</property>
                    </item>
                    <item id="3" description="Shortcut3">
                        <visible>!Skin.HasSetting(MusicShelf_Custom)</visible>
                        <visible>!IsEmpty(Window.Property(LatestAlbum.3.Path))</visible>
                        <label>$INFO[Window.Property(LatestAlbum.3.Artist),, - ]$INFO[Window.Property(LatestAlbum.3.Title)]</label>
                        <onclick>PlayList.Clear</onclick>
                        <onclick>PlayMedia($ESCINFO[Window(Home).Property(LatestAlbum.3.Path)])</onclick>
                        <thumb>$INFO[Window.Property(LatestAlbum.3.Thumb)]</thumb>
                        <property name="ItemType">$LOCALIZE[359]</property>
                    </item>
                    <item id="4" description="Shortcut4">
                        <visible>!Skin.HasSetting(MusicShelf_Custom)</visible>
                        <visible>!IsEmpty(Window.Property(LatestAlbum.4.Path))</visible>
                        <label>$INFO[Window.Property(LatestAlbum.4.Artist),, - ]$INFO[Window.Property(LatestAlbum.4.Title)]</label>
                        <onclick>PlayList.Clear</onclick>
                        <onclick>PlayMedia($ESCINFO[Window(Home).Property(LatestAlbum.4.Path)])</onclick>
                        <thumb>$INFO[Window.Property(LatestAlbum.4.Thumb)]</thumb>
                        <property name="ItemType">$LOCALIZE[359]</property>
                    </item>
                    <item id="5" description="Shortcut5">
                        <visible>!Skin.HasSetting(MusicShelf_Custom)</visible>
                        <visible>!IsEmpty(Window.Property(LatestAlbum.5.Path))</visible>
                        <label>$INFO[Window.Property(LatestAlbum.5.Artist),, - ]$INFO[Window.Property(LatestAlbum.5.Title)]</label>
                        <onclick>PlayList.Clear</onclick>
                        <onclick>PlayMedia($ESCINFO[Window(Home).Property(LatestAlbum.5.Path)])</onclick>
                        <thumb>$INFO[Window.Property(LatestAlbum.5.Thumb)]</thumb>
                        <property name="ItemType">$LOCALIZE[359]</property>
                    </item>
                    <item id="6" description="Music">
                        <visible>!Skin.HasSetting(MusicShelf_Custom)</visible>
                        <visible>!IsEmpty(Window.Property(LatestAlbum.6.Path))</visible>
                        <label>$INFO[Window.Property(LatestAlbum.6.Artist),, - ]$INFO[Window.Property(LatestAlbum.6.Title)]</label>
                        <onclick>PlayList.Clear</onclick>
                        <onclick>PlayMedia($ESCINFO[Window(Home).Property(LatestAlbum.6.Path)])</onclick>
                        <thumb>$INFO[Window.Property(LatestAlbum.6.Thumb)]</thumb>
                        <property name="ItemType">$LOCALIZE[359]</property>
                    </item>
                    <item id="7" description="Shortcut7">
                        <visible>!Skin.HasSetting(MusicShelf_Custom)</visible>
                        <visible>!IsEmpty(Window.Property(LatestAlbum.7.Path))</visible>
                        <label>$INFO[Window.Property(LatestAlbum.7.Artist),, - ]$INFO[Window.Property(LatestAlbum.7.Title)]</label>
                        <onclick>PlayList.Clear</onclick>
                        <onclick>PlayMedia($ESCINFO[Window(Home).Property(LatestAlbum.7.Path)])</onclick>
                        <thumb>$INFO[Window.Property(LatestAlbum.7.Thumb)]</thumb>
                        <property name="ItemType">$LOCALIZE[359]</property>
                    </item>
                    <item id="8" description="Shortcut8">
                        <visible>!Skin.HasSetting(MusicShelf_Custom)</visible>
                        <visible>!IsEmpty(Window.Property(LatestAlbum.8.Path))</visible>
                        <label>$INFO[Window.Property(LatestAlbum.8.Artist),, - ]$INFO[Window.Property(LatestAlbum.8.Title)]</label>
                        <onclick>PlayList.Clear</onclick>
                        <onclick>PlayMedia($ESCINFO[Window(Home).Property(LatestAlbum.8.Path)])</onclick>
                        <thumb>$INFO[Window.Property(LatestAlbum.8.Thumb)]</thumb>
                        <property name="ItemType">$LOCALIZE[359]</property>
                    </item>
                    <item id="9" description="Shortcut9">
                        <visible>!Skin.HasSetting(MusicShelf_Custom)</visible>
                        <visible>!IsEmpty(Window.Property(LatestAlbum.9.Path))</visible>
                        <label>$INFO[Window.Property(LatestAlbum.9.Artist),, - ]$INFO[Window.Property(LatestAlbum.9.Title)]</label>
                        <onclick>PlayList.Clear</onclick>
                        <onclick>PlayMedia($ESCINFO[Window(Home).Property(LatestAlbum.9.Path)])</onclick>
                        <thumb>$INFO[Window.Property(LatestAlbum.9.Thumb)]</thumb>
                        <property name="ItemType">$LOCALIZE[359]</property>
                    </item>
                    <item id="10" description="Shortcut10">
                        <visible>!Skin.HasSetting(MusicShelf_Custom)</visible>
                        <visible>!IsEmpty(Window.Property(LatestAlbum.10.Path))</visible>
                        <label>$INFO[Window.Property(LatestAlbum.10.Artist),, - ]$INFO[Window.Property(LatestAlbum.10.Title)]</label>
                        <onclick>PlayList.Clear</onclick>
                        <onclick>PlayMedia($ESCINFO[Window(Home).Property(LatestAlbum.10.Path)])</onclick>
                        <thumb>$INFO[Window.Property(LatestAlbum.10.Thumb)]</thumb>
                        <property name="ItemType">$LOCALIZE[359]</property>
                    </item>
                    <item id="1" description="Music Videos">
                        <visible>!Skin.HasSetting(MusicShelf_Custom)</visible>
                        <visible>!IsEmpty(Window(Home).Property(LatestMusicVideo.1.Path))</visible>
                        <label>$INFO[Window(Home).Property(LatestMusicVideo.1.Title)]</label>
                        <label2>$INFO[Window(Home).Property(LatestMusicVideo.1.Artist)]</label2>
                        <onclick>PlayList.Clear</onclick>
                        <onclick>PlayMedia($ESCINFO[Window(Home).Property(LatestMusicVideo.1.Path)])</onclick>
                        <thumb>$INFO[Window(Home).Property(LatestMusicVideo.1.Thumb)]</thumb>
                        <property name="ItemType">$LOCALIZE[20390]</property>
                    </item>
                    <item id="2" description="Shortcut2">
                        <visible>!Skin.HasSetting(MusicShelf_Custom)</visible>
                        <visible>!IsEmpty(Window(Home).Property(LatestMusicVideo.2.Path))</visible>
                        <label>$INFO[Window(Home).Property(LatestMusicVideo.2.Title)]</label>
                        <label2>$INFO[Window(Home).Property(LatestMusicVideo.2.Artist)]</label2>
                        <onclick>PlayList.Clear</onclick>
                        <onclick>PlayMedia($ESCINFO[Window(Home).Property(LatestMusicVideo.2.Path)])</onclick>
                        <thumb>$INFO[Window(Home).Property(LatestMusicVideo.2.Thumb)]</thumb>
                        <property name="ItemType">$LOCALIZE[20390]</property>
                    </item>
                    <item id="3" description="Shortcut3">
                        <visible>!Skin.HasSetting(MusicShelf_Custom)</visible>
                        <visible>!IsEmpty(Window(Home).Property(LatestMusicVideo.3.Path))</visible>
                        <label>$INFO[Window(Home).Property(LatestMusicVideo.3.Title)]</label>
                        <label2>$INFO[Window(Home).Property(LatestMusicVideo.3.Artist)]</label2>
                        <onclick>PlayList.Clear</onclick>
                        <onclick>PlayMedia($ESCINFO[Window(Home).Property(LatestMusicVideo.3.Path)])</onclick>
                        <thumb>$INFO[Window(Home).Property(LatestMusicVideo.3.Thumb)]</thumb>
                        <property name="ItemType">$LOCALIZE[20390]</property>
                    </item>
                    <item id="4" description="Shortcut4">
                        <visible>!Skin.HasSetting(MusicShelf_Custom)</visible>
                        <visible>!IsEmpty(Window(Home).Property(LatestMusicVideo.4.Path))</visible>
                        <label>$INFO[Window(Home).Property(LatestMusicVideo.4.Title)]</label>
                        <label2>$INFO[Window(Home).Property(LatestMusicVideo.4.Artist)]</label2>
                        <onclick>PlayList.Clear</onclick>
                        <onclick>PlayMedia($ESCINFO[Window(Home).Property(LatestMusicVideo.4.Path)])</onclick>
                        <thumb>$INFO[Window(Home).Property(LatestMusicVideo.4.Thumb)]</thumb>
                        <property name="ItemType">$LOCALIZE[20390]</property>
                    </item>
                    <item id="5" description="Shortcut5">
                        <visible>!Skin.HasSetting(MusicShelf_Custom)</visible>
                        <visible>!IsEmpty(Window(Home).Property(LatestMusicVideo.5.Path))</visible>
                        <label>$INFO[Window(Home).Property(LatestMusicVideo.5.Title)]</label>
                        <label2>$INFO[Window(Home).Property(LatestMusicVideo.5.Artist)]</label2>
                        <onclick>PlayList.Clear</onclick>
                        <onclick>PlayMedia($ESCINFO[Window(Home).Property(LatestMusicVideo.5.Path)])</onclick>
                        <thumb>$INFO[Window(Home).Property(LatestMusicVideo.5.Thumb)]</thumb>
                        <property name="ItemType">$LOCALIZE[20390]</property>
                    </item>
                    <item id="6" description="Music">
                        <visible>!Skin.HasSetting(MusicShelf_Custom)</visible>
                        <visible>!IsEmpty(Window(Home).Property(LatestMusicVideo.6.Path))</visible>
                        <label>$INFO[Window(Home).Property(LatestMusicVideo.6.Title)]</label>
                        <label2>$INFO[Window(Home).Property(LatestMusicVideo.6.Artist)]</label2>
                        <onclick>PlayList.Clear</onclick>
                        <onclick>PlayMedia($ESCINFO[Window(Home).Property(LatestMusicVideo.6.Path)])</onclick>
                        <thumb>$INFO[Window(Home).Property(LatestMusicVideo.6.Thumb)]</thumb>
                        <property name="ItemType">$LOCALIZE[20390]</property>
                    </item>
                    <item id="7" description="Shortcut7">
                        <visible>!Skin.HasSetting(MusicShelf_Custom)</visible>
                        <visible>!IsEmpty(Window(Home).Property(LatestMusicVideo.7.Path))</visible>
                        <label>$INFO[Window(Home).Property(LatestMusicVideo.7.Title)]</label>
                        <label2>$INFO[Window(Home).Property(LatestMusicVideo.7.Artist)]</label2>
                        <onclick>PlayList.Clear</onclick>
                        <onclick>PlayMedia($ESCINFO[Window(Home).Property(LatestMusicVideo.7.Path)])</onclick>
                        <thumb>$INFO[Window(Home).Property(LatestMusicVideo.7.Thumb)]</thumb>
                        <property name="ItemType">$LOCALIZE[20390]</property>
                    </item>
                    <item id="8" description="Shortcut8">
                        <visible>!Skin.HasSetting(MusicShelf_Custom)</visible>
                        <visible>!IsEmpty(Window(Home).Property(LatestMusicVideo.8.Path))</visible>
                        <label>$INFO[Window(Home).Property(LatestMusicVideo.8.Title)]</label>
                        <label2>$INFO[Window(Home).Property(LatestMusicVideo.8.Artist)]</label2>
                        <onclick>PlayList.Clear</onclick>
                        <onclick>PlayMedia($ESCINFO[Window(Home).Property(LatestMusicVideo.8.Path)])</onclick>
                        <thumb>$INFO[Window(Home).Property(LatestMusicVideo.8.Thumb)]</thumb>
                        <property name="ItemType">$LOCALIZE[20390]</property>
                    </item>
                    <item id="9" description="Shortcut9">
                        <visible>!Skin.HasSetting(MusicShelf_Custom)</visible>
                        <visible>!IsEmpty(Window(Home).Property(LatestMusicVideo.9.Path))</visible>
                        <label>$INFO[Window(Home).Property(LatestMusicVideo.9.Title)]</label>
                        <label2>$INFO[Window(Home).Property(LatestMusicVideo.9.Artist)]</label2>
                        <onclick>PlayList.Clear</onclick>
                        <onclick>PlayMedia($ESCINFO[Window(Home).Property(LatestMusicVideo.9.Path)])</onclick>
                        <thumb>$INFO[Window(Home).Property(LatestMusicVideo.9.Thumb)]</thumb>
                        <property name="ItemType">$LOCALIZE[20390]</property>
                    </item>
                    <item id="10" description="Shortcut10">
                        <visible>!Skin.HasSetting(MusicShelf_Custom)</visible>
                        <visible>!IsEmpty(Window(Home).Property(LatestMusicVideo.10.Path))</visible>
                        <label>$INFO[Window(Home).Property(LatestMusicVideo.10.Title)]</label>
                        <label2>$INFO[Window(Home).Property(LatestMusicVideo.10.Artist)]</label2>
                        <onclick>PlayList.Clear</onclick>
                        <onclick>PlayMedia($ESCINFO[Window(Home).Property(LatestMusicVideo.10.Path)])</onclick>
                        <thumb>$INFO[Window(Home).Property(LatestMusicVideo.10.Thumb)]</thumb>
                        <property name="ItemType">$LOCALIZE[20390]</property>
                    </item>
                    <item id="1" description="Most Played">
                        <visible>!Skin.HasSetting(MusicShelf_Custom)</visible>
                        <visible>!IsEmpty(Window(Home).Property(WatchList_Album.1.Path))</visible>
                        <label>$INFO[Window(Home).Property(WatchList_Album.1.Label)]$INFO[Window(Home).Property(WatchList_Album.1.Artist), - ]</label>
                        <onclick>$INFO[Window(Home).Property(WatchList_Album.1.Path)]</onclick>
                        <thumb>$INFO[Window(Home).Property(WatchList_Album.1.Thumb)]</thumb>
                        <property name="ItemType">$LOCALIZE[31987]</property>
                    </item>
                    <item id="2" description="Most Played">
                        <visible>!Skin.HasSetting(MusicShelf_Custom)</visible>
                        <visible>!IsEmpty(Window(Home).Property(WatchList_Album.2.Path))</visible>
                        <label>$INFO[Window(Home).Property(WatchList_Album.2.Label)]$INFO[Window(Home).Property(WatchList_Album.2.Artist), - ]</label>
                        <onclick>$INFO[Window(Home).Property(WatchList_Album.2.Path)]</onclick>
                        <thumb>$INFO[Window(Home).Property(WatchList_Album.2.Thumb)]</thumb>
                        <property name="ItemType">$LOCALIZE[31987]</property>
                    </item>
                    <item id="3" description="Most Played">
                        <visible>!Skin.HasSetting(MusicShelf_Custom)</visible>
                        <visible>!IsEmpty(Window(Home).Property(WatchList_Album.3.Path))</visible>
                        <label>$INFO[Window(Home).Property(WatchList_Album.3.Label)]$INFO[Window(Home).Property(WatchList_Album.3.Artist), - ]</label>
                        <onclick>$INFO[Window(Home).Property(WatchList_Album.3.Path)]</onclick>
                        <thumb>$INFO[Window(Home).Property(WatchList_Album.3.Thumb)]</thumb>
                        <property name="ItemType">$LOCALIZE[31987]</property>
                    </item>
                    <item id="4" description="Most Played">
                        <visible>!Skin.HasSetting(MusicShelf_Custom)</visible>
                        <visible>!IsEmpty(Window(Home).Property(WatchList_Album.4.Path))</visible>
                        <label>$INFO[Window(Home).Property(WatchList_Album.4.Label)]$INFO[Window(Home).Property(WatchList_Album.4.Artist), - ]</label>
                        <onclick>$INFO[Window(Home).Property(WatchList_Album.4.Path)]</onclick>
                        <thumb>$INFO[Window(Home).Property(WatchList_Album.4.Thumb)]</thumb>
                        <property name="ItemType">$LOCALIZE[31987]</property>
                    </item>
                    <item id="5" description="Most Played">
                        <visible>!Skin.HasSetting(MusicShelf_Custom)</visible>
                        <visible>!IsEmpty(Window(Home).Property(WatchList_Album.5.Path))</visible>
                        <label>$INFO[Window(Home).Property(WatchList_Album.5.Label)]$INFO[Window(Home).Property(WatchList_Album.5.Artist), - ]</label>
                        <onclick>$INFO[Window(Home).Property(WatchList_Album.5.Path)]</onclick>
                        <thumb>$INFO[Window(Home).Property(WatchList_Album.5.Thumb)]</thumb>
                        <property name="ItemType">$LOCALIZE[31987]</property>
                    </item>
                    <item id="6" description="Most Played">
                        <visible>!Skin.HasSetting(MusicShelf_Custom)</visible>
                        <visible>!IsEmpty(Window(Home).Property(WatchList_Album.6.Path))</visible>
                        <label>$INFO[Window(Home).Property(WatchList_Album.6.Label)]$INFO[Window(Home).Property(WatchList_Album.6.Artist), - ]</label>
                        <onclick>$INFO[Window(Home).Property(WatchList_Album.6.Path)]</onclick>
                        <thumb>$INFO[Window(Home).Property(WatchList_Album.6.Thumb)]</thumb>
                        <property name="ItemType">$LOCALIZE[31987]</property>
                    </item>
                    <item id="7" description="Most Played">
                        <visible>!Skin.HasSetting(MusicShelf_Custom)</visible>
                        <visible>!IsEmpty(Window(Home).Property(WatchList_Album.7.Path))</visible>
                        <label>$INFO[Window(Home).Property(WatchList_Album.7.Label)]$INFO[Window(Home).Property(WatchList_Album.7.Artist), - ]</label>
                        <onclick>$INFO[Window(Home).Property(WatchList_Album.7.Path)]</onclick>
                        <thumb>$INFO[Window(Home).Property(WatchList_Album.7.Thumb)]</thumb>
                        <property name="ItemType">$LOCALIZE[31987]</property>
                    </item>
                    <item id="8" description="Most Played">
                        <visible>!Skin.HasSetting(MusicShelf_Custom)</visible>
                        <visible>!IsEmpty(Window(Home).Property(WatchList_Album.8.Path))</visible>
                        <label>$INFO[Window(Home).Property(WatchList_Album.8.Label)]$INFO[Window(Home).Property(WatchList_Album.8.Artist), - ]</label>
                        <onclick>$INFO[Window(Home).Property(WatchList_Album.8.Path)]</onclick>
                        <thumb>$INFO[Window(Home).Property(WatchList_Album.8.Thumb)]</thumb>
                        <property name="ItemType">$LOCALIZE[31987]</property>
                    </item>
                    <item id="9" description="Most Played">
                        <visible>!Skin.HasSetting(MusicShelf_Custom)</visible>
                        <visible>!IsEmpty(Window(Home).Property(WatchList_Album.9.Path))</visible>
                        <label>$INFO[Window(Home).Property(WatchList_Album.9.Label)]$INFO[Window(Home).Property(WatchList_Album.9.Artist), - ]</label>
                        <onclick>$INFO[Window(Home).Property(WatchList_Album.9.Path)]</onclick>
                        <thumb>$INFO[Window(Home).Property(WatchList_Album.9.Thumb)]</thumb>
                        <property name="ItemType">$LOCALIZE[31987]</property>
                    </item>
                    <item id="10" description="Most Played">
                        <visible>!Skin.HasSetting(MusicShelf_Custom)</visible>
                        <visible>!IsEmpty(Window(Home).Property(WatchList_Album.10.Path))</visible>
                        <label>$INFO[Window(Home).Property(WatchList_Album.10.Label)]$INFO[Window(Home).Property(WatchList_Album.10.Artist), - ]</label>
                        <onclick>$INFO[Window(Home).Property(WatchList_Album.10.Path)]</onclick>
                        <thumb>$INFO[Window(Home).Property(WatchList_Album.10.Thumb)]</thumb>
                        <property name="ItemType">$LOCALIZE[31987]</property>
                    </item>
                    <item id="1" description="Addons">
                        <visible>Skin.HasSetting(MusicShelf_Custom)</visible>
                        <visible>!IsEmpty(Skin.String(ShelfMusic.1.Label))</visible>
                        <label>$INFO[system.addontitle(Skin.String(ShelfMusic.1.Label))]</label>
                        <thumb>$INFO[system.addonicon(Skin.String(ShelfMusic.1.Label))]</thumb>
                        <onclick>RunAddon($INFO[Skin.String(ShelfMusic.1.Label)])</onclick>
                        <property name="ItemType">$LOCALIZE[111]</property>
                    </item>
                    <item id="2" description="Addons">
                        <visible>Skin.HasSetting(MusicShelf_Custom)</visible>
                        <visible>!IsEmpty(Skin.String(ShelfMusic.2.Label))</visible>
                        <label>$INFO[system.addontitle(Skin.String(ShelfMusic.2.Label))]</label>
                        <thumb>$INFO[system.addonicon(Skin.String(ShelfMusic.2.Label))]</thumb>
                        <onclick>RunAddon($INFO[Skin.String(ShelfMusic.2.Label)])</onclick>
                        <property name="ItemType">$LOCALIZE[111]</property>
                    </item>
                    <item id="3" description="Addons">
                        <visible>Skin.HasSetting(MusicShelf_Custom)</visible>
                        <visible>!IsEmpty(Skin.String(ShelfMusic.3.Label))</visible>
                        <label>$INFO[system.addontitle(Skin.String(ShelfMusic.3.Label))]</label>
                        <thumb>$INFO[system.addonicon(Skin.String(ShelfMusic.3.Label))]</thumb>
                        <onclick>RunAddon($INFO[Skin.String(ShelfMusic.3.Label)])</onclick>
                        <property name="ItemType">$LOCALIZE[111]</property>
                    </item>
                    <item id="4" description="Addons">
                        <visible>Skin.HasSetting(MusicShelf_Custom)</visible>
                        <visible>!IsEmpty(Skin.String(ShelfMusic.4.Label))</visible>
                        <label>$INFO[system.addontitle(Skin.String(ShelfMusic.4.Label))]</label>
                        <thumb>$INFO[system.addonicon(Skin.String(ShelfMusic.4.Label))]</thumb>
                        <onclick>RunAddon($INFO[Skin.String(ShelfMusic.4.Label)])</onclick>
                        <property name="ItemType">$LOCALIZE[111]</property>
                    </item>
                    <item id="5" description="Addons">
                        <visible>Skin.HasSetting(MusicShelf_Custom)</visible>
                        <visible>!IsEmpty(Skin.String(ShelfMusic.5.Label))</visible>
                        <label>$INFO[system.addontitle(Skin.String(ShelfMusic.5.Label))]</label>
                        <thumb>$INFO[system.addonicon(Skin.String(ShelfMusic.5.Label))]</thumb>
                        <onclick>RunAddon($INFO[Skin.String(ShelfMusic.5.Label)])</onclick>
                        <property name="ItemType">$LOCALIZE[111]</property>
                    </item>
                    <item id="6" description="Fav">
                        <visible>Skin.HasSetting(MusicShelf_Custom)</visible>
                        <visible>!IsEmpty(Skin.String(ShelfMusic.6.Path))</visible>
                        <label>$INFO[Skin.String(ShelfMusic.6.Label)]</label>
                        <thumb>$INFO[Skin.String(ShelfMusic.6.Icon)]</thumb>
                        <onclick>$INFO[Skin.String(ShelfMusic.6.Path)]</onclick>
                        <property name="ItemType">$LOCALIZE[111]</property>
                    </item>
                    <item id="7" description="Fav">
                        <visible>Skin.HasSetting(MusicShelf_Custom)</visible>
                        <visible>!IsEmpty(Skin.String(ShelfMusic.7.Path))</visible>
                        <label>$INFO[Skin.String(ShelfMusic.7.Label)]</label>
                        <thumb>$INFO[Skin.String(ShelfMusic.7.Icon)]</thumb>
                        <onclick>$INFO[Skin.String(ShelfMusic.7.Path)]</onclick>
                        <property name="ItemType">$LOCALIZE[111]</property>
                    </item>
                    <item id="8" description="Fav">
                        <visible>Skin.HasSetting(MusicShelf_Custom)</visible>
                        <visible>!IsEmpty(Skin.String(ShelfMusic.8.Path))</visible>
                        <label>$INFO[Skin.String(ShelfMusic.8.Label)]</label>
                        <thumb>$INFO[Skin.String(ShelfMusic.8.Icon)]</thumb>
                        <onclick>$INFO[Skin.String(ShelfMusic.8.Path)]</onclick>
                        <property name="ItemType">$LOCALIZE[111]</property>
                    </item>
                    <item id="9" description="Fav">
                        <visible>Skin.HasSetting(MusicShelf_Custom)</visible>
                        <visible>!IsEmpty(Skin.String(ShelfMusic.9.Path))</visible>
                        <label>$INFO[Skin.String(ShelfMusic.9.Label)]</label>
                        <thumb>$INFO[Skin.String(ShelfMusic.9.Icon)]</thumb>
                        <onclick>$INFO[Skin.String(ShelfMusic.9.Path)]</onclick>
                        <property name="ItemType">$LOCALIZE[111]</property>
                    </item>
                    <item id="10" description="Fav">
                        <visible>Skin.HasSetting(MusicShelf_Custom)</visible>
                        <visible>!IsEmpty(Skin.String(ShelfMusic.10.Path))</visible>
                        <label>$INFO[Skin.String(ShelfMusic.10.Label)]</label>
                        <thumb>$INFO[Skin.String(ShelfMusic.10.Icon)]</thumb>
                        <onclick>$INFO[Skin.String(ShelfMusic.10.Path)]</onclick>
                        <property name="ItemType">$LOCALIZE[111]</property>
                    </item>
                </content>
            </control>
            <control type="image">
                <visible>Control.HasFocus(313)</visible>
                <posx>74</posx>
                <posy>86</posy>
                <width>350</width>
                <height>350</height>
                <texture border="28">img/Frame25.png</texture>
                <aspectratio>stretch</aspectratio>
                <animation condition="Container(313).Position(0)" effect="slide" start="0,0" end="0,0" time="150" easing="inout" reversible="true">Conditional</animation>
                <animation condition="Container(313).Position(1)" effect="slide" start="0,0" end="354,0" time="150" easing="inout" reversible="true">Conditional</animation>
                <animation condition="Container(313).Position(2)" effect="slide" start="0,0" end="708,0" time="150" easing="inout" reversible="true">Conditional</animation>
                <animation condition="Container(313).Position(3)" effect="slide" start="0,0" end="1062,0" time="150" easing="inout" reversible="true">Conditional</animation>
                <animation condition="Container(313).Position(4)" effect="slide" start="0,0" end="1416,0" time="150" easing="inout" reversible="true">Conditional</animation>
            </control>
        </control>
    </include>





    <include name="Pictures_Shortcuts">
        <control type="group">
            <control type="label" description="Top Label">
                <visible>Control.IsVisible(314)</visible>
                <include>LabelVisibleFade</include>
                <include>ShelfTopLabel</include>
                <label>$INFO[Container(314).ListItem.Property(ItemType)]</label>
            </control>
            <control type="panel" id="314" description="TOP Shortcuts">
                <visible>ControlGroup(9000).HasFocus(304) | Control.HasFocus(314)</visible>
                <onup>3011</onup>
                <ondown>304</ondown>
                <onleft>314</onleft>
                <onright>314</onright>
                <include>MusicShortcutsCommons</include>
                <content>
                    <item id="1" description="Addons">
                        <visible>Skin.HasSetting(PicturesShelf_Custom)</visible>
                        <visible>!IsEmpty(Skin.String(ShelfPictures.1.Label))</visible>
                        <label>$INFO[system.addontitle(Skin.String(ShelfPictures.1.Label))]</label>
                        <thumb>$INFO[system.addonicon(Skin.String(ShelfPictures.1.Label))]</thumb>
                        <onclick>RunAddon($INFO[Skin.String(ShelfPictures.1.Label)])</onclick>
                        <property name="ItemType">$LOCALIZE[111]</property>
                    </item>
                    <item id="2" description="Addons">
                        <visible>Skin.HasSetting(PicturesShelf_Custom)</visible>
                        <visible>!IsEmpty(Skin.String(ShelfPictures.2.Label))</visible>
                        <label>$INFO[system.addontitle(Skin.String(ShelfPictures.2.Label))]</label>
                        <thumb>$INFO[system.addonicon(Skin.String(ShelfPictures.2.Label))]</thumb>
                        <onclick>RunAddon($INFO[Skin.String(ShelfPictures.2.Label)])</onclick>
                        <property name="ItemType">$LOCALIZE[111]</property>
                    </item>
                    <item id="3" description="Addons">
                        <visible>Skin.HasSetting(PicturesShelf_Custom)</visible>
                        <visible>!IsEmpty(Skin.String(ShelfPictures.3.Label))</visible>
                        <label>$INFO[system.addontitle(Skin.String(ShelfPictures.3.Label))]</label>
                        <thumb>$INFO[system.addonicon(Skin.String(ShelfPictures.3.Label))]</thumb>
                        <onclick>RunAddon($INFO[Skin.String(ShelfPictures.3.Label)])</onclick>
                        <property name="ItemType">$LOCALIZE[111]</property>
                    </item>
                    <item id="4" description="Addons">
                        <visible>Skin.HasSetting(PicturesShelf_Custom)</visible>
                        <visible>!IsEmpty(Skin.String(ShelfPictures.4.Label))</visible>
                        <label>$INFO[system.addontitle(Skin.String(ShelfPictures.4.Label))]</label>
                        <thumb>$INFO[system.addonicon(Skin.String(ShelfPictures.4.Label))]</thumb>
                        <onclick>RunAddon($INFO[Skin.String(ShelfPictures.4.Label)])</onclick>
                        <property name="ItemType">$LOCALIZE[111]</property>
                    </item>
                    <item id="5" description="Addons">
                        <visible>Skin.HasSetting(PicturesShelf_Custom)</visible>
                        <visible>!IsEmpty(Skin.String(ShelfPictures.5.Label))</visible>
                        <label>$INFO[system.addontitle(Skin.String(ShelfPictures.5.Label))]</label>
                        <thumb>$INFO[system.addonicon(Skin.String(ShelfPictures.5.Label))]</thumb>
                        <onclick>RunAddon($INFO[Skin.String(ShelfPictures.5.Label)])</onclick>
                        <property name="ItemType">$LOCALIZE[111]</property>
                    </item>
                    <item id="6" description="Fav">
                        <visible>Skin.HasSetting(PicturesShelf_Custom)</visible>
                        <visible>!IsEmpty(Skin.String(ShelfPictures.6.Path))</visible>
                        <label>$INFO[Skin.String(ShelfPictures.6.Label)]</label>
                        <thumb>$INFO[Skin.String(ShelfPictures.6.Icon)]</thumb>
                        <onclick>$INFO[Skin.String(ShelfPictures.6.Path)]</onclick>
                        <property name="ItemType">$LOCALIZE[111]</property>
                    </item>
                    <item id="7" description="Fav">
                        <visible>Skin.HasSetting(PicturesShelf_Custom)</visible>
                        <visible>!IsEmpty(Skin.String(ShelfPictures.7.Path))</visible>
                        <label>$INFO[Skin.String(ShelfPictures.7.Label)]</label>
                        <thumb>$INFO[Skin.String(ShelfPictures.7.Icon)]</thumb>
                        <onclick>$INFO[Skin.String(ShelfPictures.7.Path)]</onclick>
                        <property name="ItemType">$LOCALIZE[111]</property>
                    </item>
                    <item id="8" description="Fav">
                        <visible>Skin.HasSetting(PicturesShelf_Custom)</visible>
                        <visible>!IsEmpty(Skin.String(ShelfPictures.8.Path))</visible>
                        <label>$INFO[Skin.String(ShelfPictures.8.Label)]</label>
                        <thumb>$INFO[Skin.String(ShelfPictures.8.Icon)]</thumb>
                        <onclick>$INFO[Skin.String(ShelfPictures.8.Path)]</onclick>
                        <property name="ItemType">$LOCALIZE[111]</property>
                    </item>
                    <item id="9" description="Fav">
                        <visible>Skin.HasSetting(PicturesShelf_Custom)</visible>
                        <visible>!IsEmpty(Skin.String(ShelfPictures.9.Path))</visible>
                        <label>$INFO[Skin.String(ShelfPictures.9.Label)]</label>
                        <thumb>$INFO[Skin.String(ShelfPictures.9.Icon)]</thumb>
                        <onclick>$INFO[Skin.String(ShelfPictures.9.Path)]</onclick>
                        <property name="ItemType">$LOCALIZE[111]</property>
                    </item>
                    <item id="10" description="Fav">
                        <visible>Skin.HasSetting(PicturesShelf_Custom)</visible>
                        <visible>!IsEmpty(Skin.String(ShelfPictures.10.Path))</visible>
                        <label>$INFO[Skin.String(ShelfPictures.10.Label)]</label>
                        <thumb>$INFO[Skin.String(ShelfPictures.10.Icon)]</thumb>
                        <onclick>$INFO[Skin.String(ShelfPictures.10.Path)]</onclick>
                        <property name="ItemType">$LOCALIZE[111]</property>
                    </item>
                </content>
            </control>
            <control type="image">
                <visible>Control.HasFocus(314)</visible>
                <posx>74</posx>
                <posy>86</posy>
                <width>350</width>
                <height>350</height>
                <texture border="28">img/Frame25.png</texture>
                <aspectratio>stretch</aspectratio>
                <animation condition="Container(314).Position(0)" effect="slide" start="0,0" end="0,0" time="150" easing="inout" reversible="true">Conditional</animation>
                <animation condition="Container(314).Position(1)" effect="slide" start="0,0" end="354,0" time="150" easing="inout" reversible="true">Conditional</animation>
                <animation condition="Container(314).Position(2)" effect="slide" start="0,0" end="708,0" time="150" easing="inout" reversible="true">Conditional</animation>
                <animation condition="Container(314).Position(3)" effect="slide" start="0,0" end="1062,0" time="150" easing="inout" reversible="true">Conditional</animation>
                <animation condition="Container(314).Position(4)" effect="slide" start="0,0" end="1416,0" time="150" easing="inout" reversible="true">Conditional</animation>
            </control>
        </control>
    </include>




    <include name="Addons_Shortcuts">
        <control type="group">
            <control type="label" description="Top Label">
                <visible>Control.IsVisible(315)</visible>
                <include>ShelfTopLabel</include>
                <include>LabelVisibleFade</include>
                <label>$INFO[Container(315).ListItem.Property(ItemType)]</label>
            </control>
            <control type="panel" id="315" description="TOP Shortcuts">
                <visible>ControlGroup(9000).HasFocus(305) | Control.HasFocus(315)</visible>
                <onup>3011</onup>
                <ondown>305</ondown>
                <onleft>315</onleft>
                <onright>315</onright>
                <include>MusicShortcutsCommons</include>
                <content>
                    <item id="1" description="Addons">
                        <visible>Skin.HasSetting(AddonsShelf_Custom)</visible>
                        <visible>!IsEmpty(Skin.String(ShelfAddons.1.Label))</visible>
                        <label>$INFO[system.addontitle(Skin.String(ShelfAddons.1.Label))]</label>
                        <thumb>$INFO[system.addonicon(Skin.String(ShelfAddons.1.Label))]</thumb>
                        <onclick>RunAddon($INFO[Skin.String(ShelfAddons.1.Label)])</onclick>
                        <property name="ItemType">$LOCALIZE[111]</property>
                    </item>
                    <item id="2" description="Addons">
                        <visible>Skin.HasSetting(AddonsShelf_Custom)</visible>
                        <visible>!IsEmpty(Skin.String(ShelfAddons.2.Label))</visible>
                        <label>$INFO[system.addontitle(Skin.String(ShelfAddons.2.Label))]</label>
                        <thumb>$INFO[system.addonicon(Skin.String(ShelfAddons.2.Label))]</thumb>
                        <onclick>RunAddon($INFO[Skin.String(ShelfAddons.2.Label)])</onclick>
                        <property name="ItemType">$LOCALIZE[111]</property>
                    </item>
                    <item id="3" description="Addons">
                        <visible>Skin.HasSetting(AddonsShelf_Custom)</visible>
                        <visible>!IsEmpty(Skin.String(ShelfAddons.3.Label))</visible>
                        <label>$INFO[system.addontitle(Skin.String(ShelfAddons.3.Label))]</label>
                        <thumb>$INFO[system.addonicon(Skin.String(ShelfAddons.3.Label))]</thumb>
                        <onclick>RunAddon($INFO[Skin.String(ShelfAddons.3.Label)])</onclick>
                        <property name="ItemType">$LOCALIZE[111]</property>
                    </item>
                    <item id="4" description="Addons">
                        <visible>Skin.HasSetting(AddonsShelf_Custom)</visible>
                        <visible>!IsEmpty(Skin.String(ShelfAddons.4.Label))</visible>
                        <label>$INFO[system.addontitle(Skin.String(ShelfAddons.4.Label))]</label>
                        <thumb>$INFO[system.addonicon(Skin.String(ShelfAddons.4.Label))]</thumb>
                        <onclick>RunAddon($INFO[Skin.String(ShelfAddons.4.Label)])</onclick>
                        <property name="ItemType">$LOCALIZE[111]</property>
                    </item>
                    <item id="5" description="Addons">
                        <visible>Skin.HasSetting(AddonsShelf_Custom)</visible>
                        <visible>!IsEmpty(Skin.String(ShelfAddons.5.Label))</visible>
                        <label>$INFO[system.addontitle(Skin.String(ShelfAddons.5.Label))]</label>
                        <thumb>$INFO[system.addonicon(Skin.String(ShelfAddons.5.Label))]</thumb>
                        <onclick>RunAddon($INFO[Skin.String(ShelfAddons.5.Label)])</onclick>
                        <property name="ItemType">$LOCALIZE[111]</property>
                    </item>
                    <item id="6" description="Fav">
                        <visible>Skin.HasSetting(AddonsShelf_Custom)</visible>
                        <visible>!IsEmpty(Skin.String(ShelfAddons.6.Path))</visible>
                        <label>$INFO[Skin.String(ShelfAddons.6.Label)]</label>
                        <thumb>$INFO[Skin.String(ShelfAddons.6.Icon)]</thumb>
                        <onclick>$INFO[Skin.String(ShelfAddons.6.Path)]</onclick>
                        <property name="ItemType">$LOCALIZE[111]</property>
                    </item>
                    <item id="7" description="Fav">
                        <visible>Skin.HasSetting(AddonsShelf_Custom)</visible>
                        <visible>!IsEmpty(Skin.String(ShelfAddons.7.Path))</visible>
                        <label>$INFO[Skin.String(ShelfAddons.7.Label)]</label>
                        <thumb>$INFO[Skin.String(ShelfAddons.7.Icon)]</thumb>
                        <onclick>$INFO[Skin.String(ShelfAddons.7.Path)]</onclick>
                        <property name="ItemType">$LOCALIZE[111]</property>
                    </item>
                    <item id="8" description="Fav">
                        <visible>Skin.HasSetting(AddonsShelf_Custom)</visible>
                        <visible>!IsEmpty(Skin.String(ShelfAddons.8.Path))</visible>
                        <label>$INFO[Skin.String(ShelfAddons.8.Label)]</label>
                        <thumb>$INFO[Skin.String(ShelfAddons.8.Icon)]</thumb>
                        <onclick>$INFO[Skin.String(ShelfAddons.8.Path)]</onclick>
                        <property name="ItemType">$LOCALIZE[111]</property>
                    </item>
                    <item id="9" description="Fav">
                        <visible>Skin.HasSetting(AddonsShelf_Custom)</visible>
                        <visible>!IsEmpty(Skin.String(ShelfAddons.9.Path))</visible>
                        <label>$INFO[Skin.String(ShelfAddons.9.Label)]</label>
                        <thumb>$INFO[Skin.String(ShelfAddons.9.Icon)]</thumb>
                        <onclick>$INFO[Skin.String(ShelfAddons.9.Path)]</onclick>
                        <property name="ItemType">$LOCALIZE[111]</property>
                    </item>
                    <item id="10" description="Fav">
                        <visible>Skin.HasSetting(AddonsShelf_Custom)</visible>
                        <visible>!IsEmpty(Skin.String(ShelfAddons.10.Path))</visible>
                        <label>$INFO[Skin.String(ShelfAddons.10.Label)]</label>
                        <thumb>$INFO[Skin.String(ShelfAddons.10.Icon)]</thumb>
                        <onclick>$INFO[Skin.String(ShelfAddons.10.Path)]</onclick>
                        <property name="ItemType">$LOCALIZE[111]</property>
                    </item>
                </content>
            </control>
            <control type="image">
                <visible>Control.HasFocus(315)</visible>
                <posx>74</posx>
                <posy>86</posy>
                <width>350</width>
                <height>350</height>
                <texture border="28">img/Frame25.png</texture>
                <aspectratio>stretch</aspectratio>
                <animation condition="Container(315).Position(0)" effect="slide" start="0,0" end="0,0" time="150" easing="inout" reversible="true">Conditional</animation>
                <animation condition="Container(315).Position(1)" effect="slide" start="0,0" end="354,0" time="150" easing="inout" reversible="true">Conditional</animation>
                <animation condition="Container(315).Position(2)" effect="slide" start="0,0" end="708,0" time="150" easing="inout" reversible="true">Conditional</animation>
                <animation condition="Container(315).Position(3)" effect="slide" start="0,0" end="1062,0" time="150" easing="inout" reversible="true">Conditional</animation>
                <animation condition="Container(315).Position(4)" effect="slide" start="0,0" end="1416,0" time="150" easing="inout" reversible="true">Conditional</animation>
            </control>
        </control>
    </include>
</includes>
