<?xml version="1.0" encoding="UTF-8" ?>
<includes>
    <include name="Movies_RA_Items">
        <content>
            <item id="1" description="Movies">
                <visible>!Skin.HasSetting(MoviesShelf_Custom)</visible>
                <visible>!IsEmpty(Window.Property(LatestMovie.1.Path))</visible>
                <label>$INFO[Window.Property(LatestMovie.1.Title)]</label>
                <thumb>$INFO[Window.Property(LatestMovie.1.Thumb)]</thumb>
                <property name="ItemType">$LOCALIZE[20386]</property>
                <onclick>PlayMedia($ESCINFO[Window(Home).Property(LatestMovie.1.Path)])</onclick>
            </item>
            <item id="2" description="Shortcut2">
                <visible>!Skin.HasSetting(MoviesShelf_Custom)</visible>
                <visible>!IsEmpty(Window.Property(LatestMovie.2.Path))</visible>
                <label>$INFO[Window.Property(LatestMovie.2.Title)]</label>
                <thumb>$INFO[Window.Property(LatestMovie.2.Thumb)]</thumb>
                <property name="ItemType">$LOCALIZE[20386]</property>
                <onclick>PlayMedia($ESCINFO[Window(Home).Property(LatestMovie.2.Path)])</onclick>
            </item>
            <item id="3" description="Shortcut3">
                <visible>!Skin.HasSetting(MoviesShelf_Custom)</visible>
                <visible>!IsEmpty(Window.Property(LatestMovie.3.Path))</visible>
                <label>$INFO[Window.Property(LatestMovie.3.Title)]</label>
                <thumb>$INFO[Window.Property(LatestMovie.3.Thumb)]</thumb>
                <property name="ItemType">$LOCALIZE[20386]</property>
                <onclick>PlayMedia($ESCINFO[Window(Home).Property(LatestMovie.3.Path)])</onclick>
            </item>
            <item id="4" description="Shortcut4">
                <visible>!Skin.HasSetting(MoviesShelf_Custom)</visible>
                <visible>!IsEmpty(Window.Property(LatestMovie.4.Path))</visible>
                <label>$INFO[Window.Property(LatestMovie.4.Title)]</label>
                <thumb>$INFO[Window.Property(LatestMovie.4.Thumb)]</thumb>
                <property name="ItemType">$LOCALIZE[20386]</property>
                <onclick>PlayMedia($ESCINFO[Window(Home).Property(LatestMovie.4.Path)])</onclick>
            </item>
            <item id="5" description="Shortcut5">
                <visible>!Skin.HasSetting(MoviesShelf_Custom)</visible>
                <visible>!IsEmpty(Window.Property(LatestMovie.5.Path))</visible>
                <label>$INFO[Window.Property(LatestMovie.5.Title)]</label>
                <thumb>$INFO[Window.Property(LatestMovie.5.Thumb)]</thumb>
                <property name="ItemType">$LOCALIZE[20386]</property>
                <onclick>PlayMedia($ESCINFO[Window(Home).Property(LatestMovie.5.Path)])</onclick>
            </item>
            <item id="6" description="Movies">
                <visible>!Skin.HasSetting(MoviesShelf_Custom)</visible>
                <visible>!IsEmpty(Window.Property(LatestMovie.6.Path))</visible>
                <label>$INFO[Window.Property(LatestMovie.6.Title)]</label>
                <thumb>$INFO[Window.Property(LatestMovie.6.Thumb)]</thumb>
                <property name="ItemType">$LOCALIZE[20386]</property>
                <onclick>PlayMedia($ESCINFO[Window(Home).Property(LatestMovie.6.Path)])</onclick>
            </item>
            <item id="7" description="Shortcut7">
                <visible>!Skin.HasSetting(MoviesShelf_Custom)</visible>
                <visible>!IsEmpty(Window.Property(LatestMovie.7.Path))</visible>
                <label>$INFO[Window.Property(LatestMovie.7.Title)]</label>
                <thumb>$INFO[Window.Property(LatestMovie.7.Thumb)]</thumb>
                <property name="ItemType">$LOCALIZE[20386]</property>
                <onclick>PlayMedia($ESCINFO[Window(Home).Property(LatestMovie.7.Path)])</onclick>
            </item>
            <item id="8" description="Shortcut8">
                <visible>!Skin.HasSetting(MoviesShelf_Custom)</visible>
                <visible>!IsEmpty(Window.Property(LatestMovie.8.Path))</visible>
                <label>$INFO[Window.Property(LatestMovie.8.Title)]</label>
                <thumb>$INFO[Window.Property(LatestMovie.8.Thumb)]</thumb>
                <property name="ItemType">$LOCALIZE[20386]</property>
                <onclick>PlayMedia($ESCINFO[Window(Home).Property(LatestMovie.8.Path)])</onclick>
            </item>
            <item id="9" description="Shortcut9">
                <visible>!Skin.HasSetting(MoviesShelf_Custom)</visible>
                <visible>!IsEmpty(Window.Property(LatestMovie.9.Path))</visible>
                <label>$INFO[Window.Property(LatestMovie.9.Title)]</label>
                <thumb>$INFO[Window.Property(LatestMovie.9.Thumb)]</thumb>
                <property name="ItemType">$LOCALIZE[20386]</property>
                <onclick>PlayMedia($ESCINFO[Window(Home).Property(LatestMovie.9.Path)])</onclick>
            </item>
            <item id="10" description="Shortcut10">
                <visible>!Skin.HasSetting(MoviesShelf_Custom)</visible>
                <visible>!IsEmpty(Window.Property(LatestMovie.10.Path))</visible>
                <label>$INFO[Window.Property(LatestMovie.10.Title)]</label>
                <thumb>$INFO[Window.Property(LatestMovie.10.Thumb)]</thumb>
                <property name="ItemType">$LOCALIZE[20386]</property>
                <onclick>PlayMedia($ESCINFO[Window(Home).Property(LatestMovie.10.Path)])</onclick>
            </item>
            <item id="1" description="Addons">
                <visible>Skin.HasSetting(MoviesShelf_Custom)</visible>
                <visible>!IsEmpty(Skin.String(ShelfMovies.1.Label))</visible>
                <label>$INFO[system.addontitle(Skin.String(ShelfMovies.1.Label))]</label>
                <thumb>$INFO[system.addonicon(Skin.String(ShelfMovies.1.Label))]</thumb>
                <onclick>RunAddon($INFO[Skin.String(ShelfMovies.1.Label)])</onclick>
                <property name="ItemType">$LOCALIZE[111]</property>
            </item>
            <item id="2" description="Addons">
                <visible>Skin.HasSetting(MoviesShelf_Custom)</visible>
                <visible>!IsEmpty(Skin.String(ShelfMovies.2.Label))</visible>
                <label>$INFO[system.addontitle(Skin.String(ShelfMovies.2.Label))]</label>
                <thumb>$INFO[system.addonicon(Skin.String(ShelfMovies.2.Label))]</thumb>
                <onclick>RunAddon($INFO[Skin.String(ShelfMovies.2.Label)])</onclick>
                <property name="ItemType">$LOCALIZE[111]</property>
            </item>
            <item id="3" description="Addons">
                <visible>Skin.HasSetting(MoviesShelf_Custom)</visible>
                <visible>!IsEmpty(Skin.String(ShelfMovies.3.Label))</visible>
                <label>$INFO[system.addontitle(Skin.String(ShelfMovies.3.Label))]</label>
                <thumb>$INFO[system.addonicon(Skin.String(ShelfMovies.3.Label))]</thumb>
                <onclick>RunAddon($INFO[Skin.String(ShelfMovies.3.Label)])</onclick>
                <property name="ItemType">$LOCALIZE[111]</property>
            </item>
            <item id="4" description="Addons">
                <visible>Skin.HasSetting(MoviesShelf_Custom)</visible>
                <visible>!IsEmpty(Skin.String(ShelfMovies.4.Label))</visible>
                <label>$INFO[system.addontitle(Skin.String(ShelfMovies.4.Label))]</label>
                <thumb>$INFO[system.addonicon(Skin.String(ShelfMovies.4.Label))]</thumb>
                <onclick>RunAddon($INFO[Skin.String(ShelfMovies.4.Label)])</onclick>
                <property name="ItemType">$LOCALIZE[111]</property>
            </item>
            <item id="5" description="Addons">
                <visible>Skin.HasSetting(MoviesShelf_Custom)</visible>
                <visible>!IsEmpty(Skin.String(ShelfMovies.5.Label))</visible>
                <label>$INFO[system.addontitle(Skin.String(ShelfMovies.5.Label))]</label>
                <thumb>$INFO[system.addonicon(Skin.String(ShelfMovies.5.Label))]</thumb>
                <onclick>RunAddon($INFO[Skin.String(ShelfMovies.5.Label)])</onclick>
                <property name="ItemType">$LOCALIZE[111]</property>
            </item>
            <item id="6" description="Fav">
                <visible>Skin.HasSetting(MoviesShelf_Custom)</visible>
                <visible>!IsEmpty(Skin.String(ShelfMovies.6.Label))</visible>
                <label>$INFO[Skin.String(ShelfMovies.6.Label)]</label>
                <thumb>$INFO[Skin.String(ShelfMovies.6.Icon)]</thumb>
                <onclick>$INFO[Skin.String(ShelfMovies.6.Path)]</onclick>
                <property name="ItemType">$LOCALIZE[111]</property>
            </item>
            <item id="7" description="Fav">
                <visible>Skin.HasSetting(MoviesShelf_Custom)</visible>
                <visible>!IsEmpty(Skin.String(ShelfMovies.7.Label))</visible>
                <label>$INFO[Skin.String(ShelfMovies.7.Label)]</label>
                <thumb>$INFO[Skin.String(ShelfMovies.7.Icon)]</thumb>
                <onclick>$INFO[Skin.String(ShelfMovies.7.Path)]</onclick>
                <property name="ItemType">$LOCALIZE[111]</property>
            </item>
            <item id="8" description="Fav">
                <visible>Skin.HasSetting(MoviesShelf_Custom)</visible>
                <visible>!IsEmpty(Skin.String(ShelfMovies.8.Label))</visible>
                <label>$INFO[Skin.String(ShelfMovies.8.Label)]</label>
                <thumb>$INFO[Skin.String(ShelfMovies.8.Icon)]</thumb>
                <onclick>$INFO[Skin.String(ShelfMovies.8.Path)]</onclick>
                <property name="ItemType">$LOCALIZE[111]</property>
            </item>
            <item id="9" description="Fav">
                <visible>Skin.HasSetting(MoviesShelf_Custom)</visible>
                <visible>!IsEmpty(Skin.String(ShelfMovies.9.Label))</visible>
                <label>$INFO[Skin.String(ShelfMovies.9.Label)]</label>
                <thumb>$INFO[Skin.String(ShelfMovies.9.Icon)]</thumb>
                <onclick>$INFO[Skin.String(ShelfMovies.9.Path)]</onclick>
                <property name="ItemType">$LOCALIZE[111]</property>
            </item>
            <item id="10" description="Fav">
                <visible>Skin.HasSetting(MoviesShelf_Custom)</visible>
                <visible>!IsEmpty(Skin.String(ShelfMovies.10.Label))</visible>
                <label>$INFO[Skin.String(ShelfMovies.10.Label)]</label>
                <thumb>$INFO[Skin.String(ShelfMovies.10.Icon)]</thumb>
                <onclick>$INFO[Skin.String(ShelfMovies.10.Path)]</onclick>
                <property name="ItemType">$LOCALIZE[111]</property>
            </item>
        </content>
    </include>
    <include name="Movies_Widgets_Items">
        <content>
            <item id="1" description="Movies">
                <visible>!Skin.HasSetting(MoviesShelf_Custom)</visible>
                <visible>!IsEmpty(Window.Property(RecentMovie.1.File))</visible>
                <label>$INFO[Window.Property(RecentMovie.1.Title)]</label>
                <thumb>$INFO[Window.Property(RecentMovie.1.Art(poster))]</thumb>
                <property name="ItemType">$LOCALIZE[20386]</property>
                <onclick>PlayMedia($ESCINFO[Window(Home).Property(RecentMovie.1.File)])</onclick>
            </item>
            <item id="2" description="Shortcut2">
                <visible>!Skin.HasSetting(MoviesShelf_Custom)</visible>
                <visible>!IsEmpty(Window.Property(RecentMovie.2.File))</visible>
                <label>$INFO[Window.Property(RecentMovie.2.Title)]</label>
                <thumb>$INFO[Window.Property(RecentMovie.2.Art(poster))]</thumb>
                <property name="ItemType">$LOCALIZE[20386]</property>
                <onclick>PlayMedia($ESCINFO[Window(Home).Property(RecentMovie.2.File)])</onclick>
            </item>
            <item id="3" description="Shortcut3">
                <visible>!Skin.HasSetting(MoviesShelf_Custom)</visible>
                <visible>!IsEmpty(Window.Property(RecentMovie.3.File))</visible>
                <label>$INFO[Window.Property(RecentMovie.3.Title)]</label>
                <thumb>$INFO[Window.Property(RecentMovie.3.Art(poster))]</thumb>
                <property name="ItemType">$LOCALIZE[20386]</property>
                <onclick>PlayMedia($ESCINFO[Window(Home).Property(RecentMovie.3.File)])</onclick>
            </item>
            <item id="4" description="Shortcut4">
                <visible>!Skin.HasSetting(MoviesShelf_Custom)</visible>
                <visible>!IsEmpty(Window.Property(RecentMovie.4.File))</visible>
                <label>$INFO[Window.Property(RecentMovie.4.Title)]</label>
                <thumb>$INFO[Window.Property(RecentMovie.4.Art(poster))]</thumb>
                <property name="ItemType">$LOCALIZE[20386]</property>
                <onclick>PlayMedia($ESCINFO[Window(Home).Property(RecentMovie.4.File)])</onclick>
            </item>
            <item id="5" description="Shortcut5">
                <visible>!Skin.HasSetting(MoviesShelf_Custom)</visible>
                <visible>!IsEmpty(Window.Property(RecentMovie.5.File))</visible>
                <label>$INFO[Window.Property(RecentMovie.5.Title)]</label>
                <thumb>$INFO[Window.Property(RecentMovie.5.Art(poster))]</thumb>
                <property name="ItemType">$LOCALIZE[20386]</property>
                <onclick>PlayMedia($ESCINFO[Window(Home).Property(RecentMovie.5.File)])</onclick>
            </item>
            <item id="6" description="Movies">
                <visible>!Skin.HasSetting(MoviesShelf_Custom)</visible>
                <visible>!IsEmpty(Window.Property(RecentMovie.6.File))</visible>
                <label>$INFO[Window.Property(RecentMovie.6.Title)]</label>
                <thumb>$INFO[Window.Property(RecentMovie.6.Art(poster))]</thumb>
                <property name="ItemType">$LOCALIZE[20386]</property>
                <onclick>PlayMedia($ESCINFO[Window(Home).Property(RecentMovie.6.File)])</onclick>
            </item>
            <item id="7" description="Shortcut7">
                <visible>!Skin.HasSetting(MoviesShelf_Custom)</visible>
                <visible>!IsEmpty(Window.Property(RecentMovie.7.File))</visible>
                <label>$INFO[Window.Property(RecentMovie.7.Title)]</label>
                <thumb>$INFO[Window.Property(RecentMovie.7.Art(poster))]</thumb>
                <property name="ItemType">$LOCALIZE[20386]</property>
                <onclick>PlayMedia($ESCINFO[Window(Home).Property(RecentMovie.7.File)])</onclick>
            </item>
            <item id="8" description="Shortcut8">
                <visible>!Skin.HasSetting(MoviesShelf_Custom)</visible>
                <visible>!IsEmpty(Window.Property(RecentMovie.8.File))</visible>
                <label>$INFO[Window.Property(RecentMovie.8.Title)]</label>
                <thumb>$INFO[Window.Property(RecentMovie.8.Art(poster))]</thumb>
                <property name="ItemType">$LOCALIZE[20386]</property>
                <onclick>PlayMedia($ESCINFO[Window(Home).Property(RecentMovie.8.File)])</onclick>
            </item>
            <item id="9" description="Shortcut9">
                <visible>!Skin.HasSetting(MoviesShelf_Custom)</visible>
                <visible>!IsEmpty(Window.Property(RecentMovie.9.File))</visible>
                <label>$INFO[Window.Property(RecentMovie.9.Title)]</label>
                <thumb>$INFO[Window.Property(RecentMovie.9.Art(poster))]</thumb>
                <property name="ItemType">$LOCALIZE[20386]</property>
                <onclick>PlayMedia($ESCINFO[Window(Home).Property(RecentMovie.9.File)])</onclick>
            </item>
            <item id="10" description="Shortcut10">
                <visible>!Skin.HasSetting(MoviesShelf_Custom)</visible>
                <visible>!IsEmpty(Window.Property(RecentMovie.10.File))</visible>
                <label>$INFO[Window.Property(RecentMovie.10.Title)]</label>
                <thumb>$INFO[Window.Property(RecentMovie.10.Art(poster))]</thumb>
                <property name="ItemType">$LOCALIZE[20386]</property>
                <onclick>PlayMedia($ESCINFO[Window(Home).Property(RecentMovie.10.File)])</onclick>
            </item>
            <item id="1" description="Addons">
                <visible>Skin.HasSetting(MoviesShelf_Custom)</visible>
                <visible>!IsEmpty(Skin.String(ShelfMovies.1.Label))</visible>
                <label>$INFO[system.addontitle(Skin.String(ShelfMovies.1.Label))]</label>
                <thumb>$INFO[system.addonicon(Skin.String(ShelfMovies.1.Label))]</thumb>
                <onclick>RunAddon($INFO[Skin.String(ShelfMovies.1.Label)])</onclick>
                <property name="ItemType">$LOCALIZE[111]</property>
            </item>
            <item id="2" description="Addons">
                <visible>Skin.HasSetting(MoviesShelf_Custom)</visible>
                <visible>!IsEmpty(Skin.String(ShelfMovies.2.Label))</visible>
                <label>$INFO[system.addontitle(Skin.String(ShelfMovies.2.Label))]</label>
                <thumb>$INFO[system.addonicon(Skin.String(ShelfMovies.2.Label))]</thumb>
                <onclick>RunAddon($INFO[Skin.String(ShelfMovies.2.Label)])</onclick>
                <property name="ItemType">$LOCALIZE[111]</property>
            </item>
            <item id="3" description="Addons">
                <visible>Skin.HasSetting(MoviesShelf_Custom)</visible>
                <visible>!IsEmpty(Skin.String(ShelfMovies.3.Label))</visible>
                <label>$INFO[system.addontitle(Skin.String(ShelfMovies.3.Label))]</label>
                <thumb>$INFO[system.addonicon(Skin.String(ShelfMovies.3.Label))]</thumb>
                <onclick>RunAddon($INFO[Skin.String(ShelfMovies.3.Label)])</onclick>
                <property name="ItemType">$LOCALIZE[111]</property>
            </item>
            <item id="4" description="Addons">
                <visible>Skin.HasSetting(MoviesShelf_Custom)</visible>
                <visible>!IsEmpty(Skin.String(ShelfMovies.4.Label))</visible>
                <label>$INFO[system.addontitle(Skin.String(ShelfMovies.4.Label))]</label>
                <thumb>$INFO[system.addonicon(Skin.String(ShelfMovies.4.Label))]</thumb>
                <onclick>RunAddon($INFO[Skin.String(ShelfMovies.4.Label)])</onclick>
                <property name="ItemType">$LOCALIZE[111]</property>
            </item>
            <item id="5" description="Addons">
                <visible>Skin.HasSetting(MoviesShelf_Custom)</visible>
                <visible>!IsEmpty(Skin.String(ShelfMovies.5.Label))</visible>
                <label>$INFO[system.addontitle(Skin.String(ShelfMovies.5.Label))]</label>
                <thumb>$INFO[system.addonicon(Skin.String(ShelfMovies.5.Label))]</thumb>
                <onclick>RunAddon($INFO[Skin.String(ShelfMovies.5.Label)])</onclick>
                <property name="ItemType">$LOCALIZE[111]</property>
            </item>
            <item id="6" description="Fav">
                <visible>Skin.HasSetting(MoviesShelf_Custom)</visible>
                <visible>!IsEmpty(Skin.String(ShelfMovies.6.Label))</visible>
                <label>$INFO[Skin.String(ShelfMovies.6.Label)]</label>
                <thumb>$INFO[Skin.String(ShelfMovies.6.Icon)]</thumb>
                <onclick>$INFO[Skin.String(ShelfMovies.6.Path)]</onclick>
                <property name="ItemType">$LOCALIZE[111]</property>
            </item>
            <item id="7" description="Fav">
                <visible>Skin.HasSetting(MoviesShelf_Custom)</visible>
                <visible>!IsEmpty(Skin.String(ShelfMovies.7.Label))</visible>
                <label>$INFO[Skin.String(ShelfMovies.7.Label)]</label>
                <thumb>$INFO[Skin.String(ShelfMovies.7.Icon)]</thumb>
                <onclick>$INFO[Skin.String(ShelfMovies.7.Path)]</onclick>
                <property name="ItemType">$LOCALIZE[111]</property>
            </item>
            <item id="8" description="Fav">
                <visible>Skin.HasSetting(MoviesShelf_Custom)</visible>
                <visible>!IsEmpty(Skin.String(ShelfMovies.8.Label))</visible>
                <label>$INFO[Skin.String(ShelfMovies.8.Label)]</label>
                <thumb>$INFO[Skin.String(ShelfMovies.8.Icon)]</thumb>
                <onclick>$INFO[Skin.String(ShelfMovies.8.Path)]</onclick>
                <property name="ItemType">$LOCALIZE[111]</property>
            </item>
            <item id="9" description="Fav">
                <visible>Skin.HasSetting(MoviesShelf_Custom)</visible>
                <visible>!IsEmpty(Skin.String(ShelfMovies.9.Label))</visible>
                <label>$INFO[Skin.String(ShelfMovies.9.Label)]</label>
                <thumb>$INFO[Skin.String(ShelfMovies.9.Icon)]</thumb>
                <onclick>$INFO[Skin.String(ShelfMovies.9.Path)]</onclick>
                <property name="ItemType">$LOCALIZE[111]</property>
            </item>
            <item id="10" description="Fav">
                <visible>Skin.HasSetting(MoviesShelf_Custom)</visible>
                <visible>!IsEmpty(Skin.String(ShelfMovies.10.Label))</visible>
                <label>$INFO[Skin.String(ShelfMovies.10.Label)]</label>
                <thumb>$INFO[Skin.String(ShelfMovies.10.Icon)]</thumb>
                <onclick>$INFO[Skin.String(ShelfMovies.10.Path)]</onclick>
                <property name="ItemType">$LOCALIZE[111]</property>
            </item>
        </content>
    </include>
    <include name="TV_RA_Items">
        <content>
            <item id="1" description="Episodes1">
                <visible>!Skin.HasSetting(TVShelf_Custom)</visible>
                <visible>!IsEmpty(Window.Property(LatestEpisode.1.Path))</visible>
                <label>$INFO[Window.Property(LatestEpisode.1.EpisodeTitle)]</label>
                <label2>$INFO[Window.Property(LatestEpisode.1.ShowTitle)]</label2>
                <property name="SeasonEpisode">$INFO[Window.Property(LatestEpisode.1.EpisodeSeason),S,•]$INFO[Window.Property(LatestEpisode.1.EpisodeNumber),E]</property>
                <thumb>$INFO[Window.Property(LatestEpisode.1.ShowThumb)]</thumb>
                <property name="Art">$INFO[Window.Property(LatestEpisode.1.Thumb)]</property>
                <property name="ItemType">$LOCALIZE[20387]</property>
                <onclick>PlayMedia($ESCINFO[Window(Home).Property(LatestEpisode.1.Path)])</onclick>
            </item>
            <item id="2" description="Shortcut2">
                <visible>!Skin.HasSetting(TVShelf_Custom)</visible>
                <visible>!IsEmpty(Window.Property(LatestEpisode.2.Path))</visible>
                <label>$INFO[Window.Property(LatestEpisode.2.EpisodeTitle)]</label>
                <label2>$INFO[Window.Property(LatestEpisode.2.ShowTitle)]</label2>
                <property name="SeasonEpisode">$INFO[Window.Property(LatestEpisode.2.EpisodeSeason),S,•]$INFO[Window.Property(LatestEpisode.2.EpisodeNumber),E]</property>
                <thumb>$INFO[Window.Property(LatestEpisode.2.ShowThumb)]</thumb>
                <property name="Art">$INFO[Window.Property(LatestEpisode.2.Thumb)]</property>
                <property name="ItemType">$LOCALIZE[20387]</property>
                <onclick>PlayMedia($ESCINFO[Window(Home).Property(LatestEpisode.2.Path)])</onclick>
            </item>
            <item id="3" description="Shortcut3">
                <visible>!Skin.HasSetting(TVShelf_Custom)</visible>
                <visible>!IsEmpty(Window.Property(LatestEpisode.3.Path))</visible>
                <label>$INFO[Window.Property(LatestEpisode.3.EpisodeTitle)]</label>
                <label2>$INFO[Window.Property(LatestEpisode.3.ShowTitle)]</label2>
                <property name="SeasonEpisode">$INFO[Window.Property(LatestEpisode.3.EpisodeSeason),S,•]$INFO[Window.Property(LatestEpisode.3.EpisodeNumber),E]</property>
                <thumb>$INFO[Window.Property(LatestEpisode.3.ShowThumb)]</thumb>
                <property name="Art">$INFO[Window.Property(LatestEpisode.3.Thumb)]</property>
                <property name="ItemType">$LOCALIZE[20387]</property>
                <onclick>PlayMedia($ESCINFO[Window(Home).Property(LatestEpisode.3.Path)])</onclick>
            </item>
            <item id="4" description="Shortcut4">
                <visible>!Skin.HasSetting(TVShelf_Custom)</visible>
                <visible>!IsEmpty(Window.Property(LatestEpisode.4.Path))</visible>
                <label>$INFO[Window.Property(LatestEpisode.4.EpisodeTitle)]</label>
                <label2>$INFO[Window.Property(LatestEpisode.4.ShowTitle)]</label2>
                <property name="SeasonEpisode">$INFO[Window.Property(LatestEpisode.4.EpisodeSeason),S,•]$INFO[Window.Property(LatestEpisode.4.EpisodeNumber),E]</property>
                <thumb>$INFO[Window.Property(LatestEpisode.4.ShowThumb)]</thumb>
                <property name="Art">$INFO[Window.Property(LatestEpisode.4.Thumb)]</property>
                <property name="ItemType">$LOCALIZE[20387]</property>
                <onclick>PlayMedia($ESCINFO[Window(Home).Property(LatestEpisode.4.Path)])</onclick>
            </item>
            <item id="5" description="Shortcut5">
                <visible>!Skin.HasSetting(TVShelf_Custom)</visible>
                <visible>!IsEmpty(Window.Property(LatestEpisode.5.Path))</visible>
                <label>$INFO[Window.Property(LatestEpisode.5.EpisodeTitle)]</label>
                <label2>$INFO[Window.Property(LatestEpisode.5.ShowTitle)]</label2>
                <property name="SeasonEpisode">$INFO[Window.Property(LatestEpisode.5.EpisodeSeason),S,•]$INFO[Window.Property(LatestEpisode.5.EpisodeNumber),E]</property>
                <thumb>$INFO[Window.Property(LatestEpisode.5.ShowThumb)]</thumb>
                <property name="Art">$INFO[Window.Property(LatestEpisode.5.Thumb)]</property>
                <property name="ItemType">$LOCALIZE[20387]</property>
                <onclick>PlayMedia($ESCINFO[Window(Home).Property(LatestEpisode.5.Path)])</onclick>
            </item>
            <item id="6" description="Shortcut6">
                <visible>!Skin.HasSetting(TVShelf_Custom)</visible>
                <visible>!IsEmpty(Window.Property(LatestEpisode.6.Path))</visible>
                <label>$INFO[Window.Property(LatestEpisode.6.EpisodeTitle)]</label>
                <label2>$INFO[Window.Property(LatestEpisode.6.ShowTitle)]</label2>
                <property name="SeasonEpisode">$INFO[Window.Property(LatestEpisode.6.EpisodeSeason),S,•]$INFO[Window.Property(LatestEpisode.6.EpisodeNumber),E]</property>
                <thumb>$INFO[Window.Property(LatestEpisode.6.ShowThumb)]</thumb>
                <property name="Art">$INFO[Window.Property(LatestEpisode.6.Thumb)]</property>
                <property name="ItemType">$LOCALIZE[20387]</property>
                <onclick>PlayMedia($ESCINFO[Window(Home).Property(LatestEpisode.6.Path)])</onclick>
            </item>
            <item id="7" description="Shortcut7">
                <visible>!Skin.HasSetting(TVShelf_Custom)</visible>
                <visible>!IsEmpty(Window.Property(LatestEpisode.7.Path))</visible>
                <label>$INFO[Window.Property(LatestEpisode.7.EpisodeTitle)]</label>
                <label2>$INFO[Window.Property(LatestEpisode.7.ShowTitle)]</label2>
                <property name="SeasonEpisode">$INFO[Window.Property(LatestEpisode.7.EpisodeSeason),S,•]$INFO[Window.Property(LatestEpisode.7.EpisodeNumber),E]</property>
                <thumb>$INFO[Window.Property(LatestEpisode.7.ShowThumb)]</thumb>
                <property name="Art">$INFO[Window.Property(LatestEpisode.7.Thumb)]</property>
                <property name="ItemType">$LOCALIZE[20387]</property>
                <onclick>PlayMedia($ESCINFO[Window(Home).Property(LatestEpisode.7.Path)])</onclick>
            </item>
            <item id="8" description="Shortcut8">
                <visible>!Skin.HasSetting(TVShelf_Custom)</visible>
                <visible>!IsEmpty(Window.Property(LatestEpisode.8.Path))</visible>
                <label>$INFO[Window.Property(LatestEpisode.8.EpisodeTitle)]</label>
                <label2>$INFO[Window.Property(LatestEpisode.8.ShowTitle)]</label2>
                <property name="SeasonEpisode">$INFO[Window.Property(LatestEpisode.8.EpisodeSeason),S,•]$INFO[Window.Property(LatestEpisode.8.EpisodeNumber),E]</property>
                <thumb>$INFO[Window.Property(LatestEpisode.8.ShowThumb)]</thumb>
                <property name="Art">$INFO[Window.Property(LatestEpisode.8.Thumb)]</property>
                <property name="ItemType">$LOCALIZE[20387]</property>
                <onclick>PlayMedia($ESCINFO[Window(Home).Property(LatestEpisode.8.Path)])</onclick>
            </item>
            <item id="9" description="Shortcut9">
                <visible>!Skin.HasSetting(TVShelf_Custom)</visible>
                <visible>!IsEmpty(Window.Property(LatestEpisode.9.Path))</visible>
                <label>$INFO[Window.Property(LatestEpisode.9.EpisodeTitle)]</label>
                <label2>$INFO[Window.Property(LatestEpisode.9.ShowTitle)]</label2>
                <property name="SeasonEpisode">$INFO[Window.Property(LatestEpisode.9.EpisodeSeason),S,•]$INFO[Window.Property(LatestEpisode.9.EpisodeNumber),E]</property>
                <thumb>$INFO[Window.Property(LatestEpisode.9.ShowThumb)]</thumb>
                <property name="Art">$INFO[Window.Property(LatestEpisode.9.Thumb)]</property>
                <property name="ItemType">$LOCALIZE[20387]</property>
                <onclick>PlayMedia($ESCINFO[Window(Home).Property(LatestEpisode.9.Path)])</onclick>
            </item>
            <item id="10" description="Shortcut10">
                <visible>!Skin.HasSetting(TVShelf_Custom)</visible>
                <visible>!IsEmpty(Window.Property(LatestEpisode.10.Path))</visible>
                <label>$INFO[Window.Property(LatestEpisode.10.EpisodeTitle)]</label>
                <label2>$INFO[Window.Property(LatestEpisode.10.ShowTitle)]</label2>
                <property name="SeasonEpisode">$INFO[Window.Property(LatestEpisode.10.EpisodeSeason),S,•]$INFO[Window.Property(LatestEpisode.10.EpisodeNumber),E]</property>
                <thumb>$INFO[Window.Property(LatestEpisode.10.ShowThumb)]</thumb>
                <property name="Art">$INFO[Window.Property(LatestEpisode.10.Thumb)]</property>
                <property name="ItemType">$LOCALIZE[20387]</property>
                <onclick>PlayMedia($ESCINFO[Window(Home).Property(LatestEpisode.10.Path)])</onclick>
            </item>
            <item id="1" description="Addons">
                <visible>Skin.HasSetting(TVShelf_Custom)</visible>
                <visible>!IsEmpty(Skin.String(ShelfTV.1.Label))</visible>
                <label>$INFO[system.addontitle(Skin.String(ShelfTV.1.Label))]</label>
                <thumb>$INFO[system.addonicon(Skin.String(ShelfTV.1.Label))]</thumb>
                <onclick>RunAddon($INFO[Skin.String(ShelfTV.1.Label)])</onclick>
                <property name="ItemType">$LOCALIZE[111]</property>
            </item>
            <item id="2" description="Addons">
                <visible>Skin.HasSetting(TVShelf_Custom)</visible>
                <visible>!IsEmpty(Skin.String(ShelfTV.2.Label))</visible>
                <label>$INFO[system.addontitle(Skin.String(ShelfTV.2.Label))]</label>
                <thumb>$INFO[system.addonicon(Skin.String(ShelfTV.2.Label))]</thumb>
                <onclick>RunAddon($INFO[Skin.String(ShelfTV.2.Label)])</onclick>
                <property name="ItemType">$LOCALIZE[111]</property>
            </item>
            <item id="3" description="Addons">
                <visible>Skin.HasSetting(TVShelf_Custom)</visible>
                <visible>!IsEmpty(Skin.String(ShelfTV.3.Label))</visible>
                <label>$INFO[system.addontitle(Skin.String(ShelfTV.3.Label))]</label>
                <thumb>$INFO[system.addonicon(Skin.String(ShelfTV.3.Label))]</thumb>
                <onclick>RunAddon($INFO[Skin.String(ShelfTV.3.Label)])</onclick>
                <property name="ItemType">$LOCALIZE[111]</property>
            </item>
            <item id="4" description="Addons">
                <visible>Skin.HasSetting(TVShelf_Custom)</visible>
                <visible>!IsEmpty(Skin.String(ShelfTV.4.Label))</visible>
                <label>$INFO[system.addontitle(Skin.String(ShelfTV.4.Label))]</label>
                <thumb>$INFO[system.addonicon(Skin.String(ShelfTV.4.Label))]</thumb>
                <onclick>RunAddon($INFO[Skin.String(ShelfTV.4.Label)])</onclick>
                <property name="ItemType">$LOCALIZE[111]</property>
            </item>
            <item id="5" description="Addons">
                <visible>Skin.HasSetting(TVShelf_Custom)</visible>
                <visible>!IsEmpty(Skin.String(ShelfTV.5.Label))</visible>
                <label>$INFO[system.addontitle(Skin.String(ShelfTV.5.Label))]</label>
                <thumb>$INFO[system.addonicon(Skin.String(ShelfTV.5.Label))]</thumb>
                <onclick>RunAddon($INFO[Skin.String(ShelfTV.5.Label)])</onclick>
                <property name="ItemType">$LOCALIZE[111]</property>
            </item>
            <item id="6" description="Fav">
                <visible>Skin.HasSetting(TVShelf_Custom)</visible>
                <visible>!IsEmpty(Skin.String(ShelfTV.6.Path))</visible>
                <label>$INFO[Skin.String(ShelfTV.6.Label)]</label>
                <thumb>$INFO[Skin.String(ShelfTV.6.Icon)]</thumb>
                <onclick>$INFO[Skin.String(ShelfTV.6.Path)]</onclick>
                <property name="ItemType">$LOCALIZE[111]</property>
            </item>
            <item id="7" description="Fav">
                <visible>Skin.HasSetting(TVShelf_Custom)</visible>
                <visible>!IsEmpty(Skin.String(ShelfTV.7.Path))</visible>
                <label>$INFO[Skin.String(ShelfTV.7.Label)]</label>
                <thumb>$INFO[Skin.String(ShelfTV.7.Icon)]</thumb>
                <onclick>$INFO[Skin.String(ShelfTV.7.Path)]</onclick>
                <property name="ItemType">$LOCALIZE[111]</property>
            </item>
            <item id="8" description="Fav">
                <visible>Skin.HasSetting(TVShelf_Custom)</visible>
                <visible>!IsEmpty(Skin.String(ShelfTV.8.Path))</visible>
                <label>$INFO[Skin.String(ShelfTV.8.Label)]</label>
                <thumb>$INFO[Skin.String(ShelfTV.8.Icon)]</thumb>
                <onclick>$INFO[Skin.String(ShelfTV.8.Path)]</onclick>
                <property name="ItemType">$LOCALIZE[111]</property>
            </item>
            <item id="9" description="Fav">
                <visible>Skin.HasSetting(TVShelf_Custom)</visible>
                <visible>!IsEmpty(Skin.String(ShelfTV.9.Path))</visible>
                <label>$INFO[Skin.String(ShelfTV.9.Label)]</label>
                <thumb>$INFO[Skin.String(ShelfTV.9.Icon)]</thumb>
                <onclick>$INFO[Skin.String(ShelfTV.9.Path)]</onclick>
                <property name="ItemType">$LOCALIZE[111]</property>
            </item>
            <item id="10" description="Fav">
                <visible>Skin.HasSetting(TVShelf_Custom)</visible>
                <visible>!IsEmpty(Skin.String(ShelfTV.10.Path))</visible>
                <label>$INFO[Skin.String(ShelfTV.10.Label)]</label>
                <thumb>$INFO[Skin.String(ShelfTV.10.Icon)]</thumb>
                <onclick>$INFO[Skin.String(ShelfTV.10.Path)]</onclick>
                <property name="ItemType">$LOCALIZE[111]</property>
            </item>
        </content>
    </include>
    <include name="TV_Widgets_Items">
        <content>
            <item id="1" description="Episodes1">
                <visible>!Skin.HasSetting(TVShelf_Custom)</visible>
                <visible>SubString(Window(Home).Property(SkinWidgets_Recommended),true) + !IsEmpty(Window.Property(RecommendedEpisode.1.File))</visible>
                <label>$INFO[Window.Property(RecommendedEpisode.1.Title)]</label>
                <label2>$INFO[Window.Property(RecommendedEpisode.1.TVshowTitle)]</label2>
                <property name="SeasonEpisode">$INFO[Window.Property(RecommendedEpisode.1.Season),S,•]$INFO[Window.Property(RecommendedEpisode.1.Episode),E]</property>
                <thumb>$INFO[Window.Property(RecommendedEpisode.1.Art(tvshow.poster))]</thumb>
                <property name="Art">$INFO[Window.Property(RecommendedEpisode.1.Art(thumb))]</property>
                <property name="ItemType">$LOCALIZE[20387]</property>
                <onclick>PlayMedia($ESCINFO[Window(Home).Property(RecommendedEpisode.1.File)])</onclick>
            </item>
            <item id="2" description="Shortcut2">
                <visible>!Skin.HasSetting(TVShelf_Custom)</visible>
                <visible>SubString(Window(Home).Property(SkinWidgets_Recommended),true) + !IsEmpty(Window.Property(RecommendedEpisode.2.File))</visible>
                <label>$INFO[Window.Property(RecommendedEpisode.2.Title)]</label>
                <label2>$INFO[Window.Property(RecommendedEpisode.2.TVshowTitle)]</label2>
                <property name="SeasonEpisode">$INFO[Window.Property(RecommendedEpisode.2.Season),S,•]$INFO[Window.Property(RecommendedEpisode.2.Episode),E]</property>
                <thumb>$INFO[Window.Property(RecommendedEpisode.2.Art(tvshow.poster))]</thumb>
                <property name="Art">$INFO[Window.Property(RecommendedEpisode.2.Art(thumb))]</property>
                <property name="ItemType">$LOCALIZE[20387]</property>
                <onclick>PlayMedia($ESCINFO[Window(Home).Property(RecommendedEpisode.2.File)])</onclick>
            </item>
            <item id="3" description="Shortcut3">
                <visible>!Skin.HasSetting(TVShelf_Custom)</visible>
                <visible>SubString(Window(Home).Property(SkinWidgets_Recommended),true) + !IsEmpty(Window.Property(RecommendedEpisode.3.File))</visible>
                <label>$INFO[Window.Property(RecommendedEpisode.3.Title)]</label>
                <label2>$INFO[Window.Property(RecommendedEpisode.3.TVshowTitle)]</label2>
                <property name="SeasonEpisode">$INFO[Window.Property(RecommendedEpisode.3.Season),S,•]$INFO[Window.Property(RecommendedEpisode.3.Episode),E]</property>
                <thumb>$INFO[Window.Property(RecommendedEpisode.3.Art(tvshow.poster))]</thumb>
                <property name="Art">$INFO[Window.Property(RecommendedEpisode.3.Art(thumb))]</property>
                <property name="ItemType">$LOCALIZE[20387]</property>
                <onclick>PlayMedia($ESCINFO[Window(Home).Property(RecommendedEpisode.3.File)])</onclick>
            </item>
            <item id="4" description="Shortcut4">
                <visible>!Skin.HasSetting(TVShelf_Custom)</visible>
                <visible>SubString(Window(Home).Property(SkinWidgets_Recommended),true) + !IsEmpty(Window.Property(RecommendedEpisode.4.File))</visible>
                <label>$INFO[Window.Property(RecommendedEpisode.4.Title)]</label>
                <label2>$INFO[Window.Property(RecommendedEpisode.4.TVshowTitle)]</label2>
                <property name="SeasonEpisode">$INFO[Window.Property(RecommendedEpisode.4.Season),S,•]$INFO[Window.Property(RecommendedEpisode.4.Episode),E]</property>
                <thumb>$INFO[Window.Property(RecommendedEpisode.4.Art(tvshow.poster))]</thumb>
                <property name="Art">$INFO[Window.Property(RecommendedEpisode.4.Art(thumb))]</property>
                <property name="ItemType">$LOCALIZE[20387]</property>
                <onclick>PlayMedia($ESCINFO[Window(Home).Property(RecommendedEpisode.4.File)])</onclick>
            </item>
            <item id="5" description="Shortcut5">
                <visible>!Skin.HasSetting(TVShelf_Custom)</visible>
                <visible>SubString(Window(Home).Property(SkinWidgets_Recommended),true) + !IsEmpty(Window.Property(RecommendedEpisode.5.File))</visible>
                <label>$INFO[Window.Property(RecommendedEpisode.5.Title)]</label>
                <label2>$INFO[Window.Property(RecommendedEpisode.5.TVshowTitle)]</label2>
                <property name="SeasonEpisode">$INFO[Window.Property(RecommendedEpisode.5.Season),S,•]$INFO[Window.Property(RecommendedEpisode.5.Episode),E]</property>
                <thumb>$INFO[Window.Property(RecommendedEpisode.5.Art(tvshow.poster))]</thumb>
                <property name="Art">$INFO[Window.Property(RecommendedEpisode.5.Art(thumb))]</property>
                <property name="ItemType">$LOCALIZE[20387]</property>
                <onclick>PlayMedia($ESCINFO[Window(Home).Property(RecommendedEpisode.5.File)])</onclick>
            </item>
            <item id="6" description="Shortcut6">
                <visible>!Skin.HasSetting(TVShelf_Custom)</visible>
                <visible>SubString(Window(Home).Property(SkinWidgets_Recommended),true) + !IsEmpty(Window.Property(RecommendedEpisode.6.File))</visible>
                <label>$INFO[Window.Property(RecommendedEpisode.6.Title)]</label>
                <label2>$INFO[Window.Property(RecommendedEpisode.6.TVshowTitle)]</label2>
                <property name="SeasonEpisode">$INFO[Window.Property(RecommendedEpisode.6.Season),S,•]$INFO[Window.Property(RecommendedEpisode.6.Episode),E]</property>
                <thumb>$INFO[Window.Property(RecommendedEpisode.6.Art(tvshow.poster))]</thumb>
                <property name="Art">$INFO[Window.Property(RecommendedEpisode.6.Art(thumb))]</property>
                <property name="ItemType">$LOCALIZE[20387]</property>
                <onclick>PlayMedia($ESCINFO[Window(Home).Property(RecommendedEpisode.6.File)])</onclick>
            </item>
            <item id="7" description="Shortcut7">
                <visible>!Skin.HasSetting(TVShelf_Custom)</visible>
                <visible>SubString(Window(Home).Property(SkinWidgets_Recommended),true) + !IsEmpty(Window.Property(RecommendedEpisode.7.File))</visible>
                <label>$INFO[Window.Property(RecommendedEpisode.7.Title)]</label>
                <label2>$INFO[Window.Property(RecommendedEpisode.7.TVshowTitle)]</label2>
                <property name="SeasonEpisode">$INFO[Window.Property(RecommendedEpisode.7.Season),S,•]$INFO[Window.Property(RecommendedEpisode.7.Episode),E]</property>
                <thumb>$INFO[Window.Property(RecommendedEpisode.7.Art(tvshow.poster))]</thumb>
                <property name="Art">$INFO[Window.Property(RecommendedEpisode.7.Art(thumb))]</property>
                <property name="ItemType">$LOCALIZE[20387]</property>
                <onclick>PlayMedia($ESCINFO[Window(Home).Property(RecommendedEpisode.7.File)])</onclick>
            </item>
            <item id="8" description="Shortcut8">
                <visible>!Skin.HasSetting(TVShelf_Custom)</visible>
                <visible>SubString(Window(Home).Property(SkinWidgets_Recommended),true) + !IsEmpty(Window.Property(RecommendedEpisode.8.File))</visible>
                <label>$INFO[Window.Property(RecommendedEpisode.8.Title)]</label>
                <label2>$INFO[Window.Property(RecommendedEpisode.8.TVshowTitle)]</label2>
                <property name="SeasonEpisode">$INFO[Window.Property(RecommendedEpisode.8.Season),S,•]$INFO[Window.Property(RecommendedEpisode.8.Episode),E]</property>
                <thumb>$INFO[Window.Property(RecommendedEpisode.8.Art(tvshow.poster))]</thumb>
                <property name="Art">$INFO[Window.Property(RecommendedEpisode.8.Art(thumb))]</property>
                <property name="ItemType">$LOCALIZE[20387]</property>
                <onclick>PlayMedia($ESCINFO[Window(Home).Property(RecommendedEpisode.8.File)])</onclick>
            </item>
            <item id="9" description="Shortcut9">
                <visible>!Skin.HasSetting(TVShelf_Custom)</visible>
                <visible>SubString(Window(Home).Property(SkinWidgets_Recommended),true) + !IsEmpty(Window.Property(RecommendedEpisode.9.File))</visible>
                <label>$INFO[Window.Property(RecommendedEpisode.9.Title)]</label>
                <label2>$INFO[Window.Property(RecommendedEpisode.9.TVshowTitle)]</label2>
                <property name="SeasonEpisode">$INFO[Window.Property(RecommendedEpisode.9.Season),S,•]$INFO[Window.Property(RecommendedEpisode.9.Episode),E]</property>
                <thumb>$INFO[Window.Property(RecommendedEpisode.9.Art(tvshow.poster))]</thumb>
                <property name="Art">$INFO[Window.Property(RecommendedEpisode.9.Art(thumb))]</property>
                <property name="ItemType">$LOCALIZE[20387]</property>
                <onclick>PlayMedia($ESCINFO[Window(Home).Property(RecommendedEpisode.9.File)])</onclick>
            </item>
            <item id="10" description="Shortcut10">
                <visible>!Skin.HasSetting(TVShelf_Custom)</visible>
                <visible>SubString(Window(Home).Property(SkinWidgets_Recommended),true) + !IsEmpty(Window.Property(RecommendedEpisode.10.File))</visible>
                <label>$INFO[Window.Property(RecommendedEpisode.10.Title)]</label>
                <label2>$INFO[Window.Property(RecommendedEpisode.10.TVshowTitle)]</label2>
                <property name="SeasonEpisode">$INFO[Window.Property(RecommendedEpisode.10.Season),S,•]$INFO[Window.Property(RecommendedEpisode.10.Episode),E]</property>
                <thumb>$INFO[Window.Property(RecommendedEpisode.10.Art(tvshow.poster))]</thumb>
                <property name="Art">$INFO[Window.Property(RecommendedEpisode.10.Art(thumb))]</property>
                <property name="ItemType">$LOCALIZE[20387]</property>
                <onclick>PlayMedia($ESCINFO[Window(Home).Property(RecommendedEpisode.10.File)])</onclick>
            </item>
            <item id="1" description="Episodes1">
                <visible>!Skin.HasSetting(TVShelf_Custom)</visible>
                <visible>!IsEmpty(Window.Property(RecentEpisode.1.File))</visible>
                <label>$INFO[Window.Property(RecentEpisode.1.Title)]</label>
                <label2>$INFO[Window.Property(RecentEpisode.1.TVshowTitle)]</label2>
                <property name="SeasonEpisode">$INFO[Window.Property(RecentEpisode.1.Season),S,•]$INFO[Window.Property(RecentEpisode.1.Episode),E]</property>
                <thumb>$INFO[Window.Property(RecentEpisode.1.Art(tvshow.poster))]</thumb>
                <property name="Art">$INFO[Window.Property(RecentEpisode.1.Art(thumb))]</property>
                <property name="ItemType">$LOCALIZE[20387]</property>
                <onclick>PlayMedia($ESCINFO[Window(Home).Property(RecentEpisode.1.File)])</onclick>
            </item>
            <item id="2" description="Shortcut2">
                <visible>!Skin.HasSetting(TVShelf_Custom)</visible>
                <visible>!IsEmpty(Window.Property(RecentEpisode.2.File))</visible>
                <label>$INFO[Window.Property(RecentEpisode.2.Title)]</label>
                <label2>$INFO[Window.Property(RecentEpisode.2.TVshowTitle)]</label2>
                <property name="SeasonEpisode">$INFO[Window.Property(RecentEpisode.2.Season),S,•]$INFO[Window.Property(RecentEpisode.2.Episode),E]</property>
                <thumb>$INFO[Window.Property(RecentEpisode.2.Art(tvshow.poster))]</thumb>
                <property name="Art">$INFO[Window.Property(RecentEpisode.2.Art(thumb))]</property>
                <property name="ItemType">$LOCALIZE[20387]</property>
                <onclick>PlayMedia($ESCINFO[Window(Home).Property(RecentEpisode.2.File)])</onclick>
            </item>
            <item id="3" description="Shortcut3">
                <visible>!Skin.HasSetting(TVShelf_Custom)</visible>
                <visible>!IsEmpty(Window.Property(RecentEpisode.3.File))</visible>
                <label>$INFO[Window.Property(RecentEpisode.3.Title)]</label>
                <label2>$INFO[Window.Property(RecentEpisode.3.TVshowTitle)]</label2>
                <property name="SeasonEpisode">$INFO[Window.Property(RecentEpisode.3.Season),S,•]$INFO[Window.Property(RecentEpisode.3.Episode),E]</property>
                <thumb>$INFO[Window.Property(RecentEpisode.3.Art(tvshow.poster))]</thumb>
                <property name="Art">$INFO[Window.Property(RecentEpisode.3.Art(thumb))]</property>
                <property name="ItemType">$LOCALIZE[20387]</property>
                <onclick>PlayMedia($ESCINFO[Window(Home).Property(RecentEpisode.3.File)])</onclick>
            </item>
            <item id="4" description="Shortcut4">
                <visible>!Skin.HasSetting(TVShelf_Custom)</visible>
                <visible>!IsEmpty(Window.Property(RecentEpisode.4.File))</visible>
                <label>$INFO[Window.Property(RecentEpisode.4.Title)]</label>
                <label2>$INFO[Window.Property(RecentEpisode.4.TVshowTitle)]</label2>
                <property name="SeasonEpisode">$INFO[Window.Property(RecentEpisode.4.Season),S,•]$INFO[Window.Property(RecentEpisode.4.Episode),E]</property>
                <thumb>$INFO[Window.Property(RecentEpisode.4.Art(tvshow.poster))]</thumb>
                <property name="Art">$INFO[Window.Property(RecentEpisode.4.Art(thumb))]</property>
                <property name="ItemType">$LOCALIZE[20387]</property>
                <onclick>PlayMedia($ESCINFO[Window(Home).Property(RecentEpisode.4.File)])</onclick>
            </item>
            <item id="5" description="Shortcut5">
                <visible>!Skin.HasSetting(TVShelf_Custom)</visible>
                <visible>!IsEmpty(Window.Property(RecentEpisode.5.File))</visible>
                <label>$INFO[Window.Property(RecentEpisode.5.Title)]</label>
                <label2>$INFO[Window.Property(RecentEpisode.5.TVshowTitle)]</label2>
                <property name="SeasonEpisode">$INFO[Window.Property(RecentEpisode.5.Season),S,•]$INFO[Window.Property(RecentEpisode.5.Episode),E]</property>
                <thumb>$INFO[Window.Property(RecentEpisode.5.Art(tvshow.poster))]</thumb>
                <property name="Art">$INFO[Window.Property(RecentEpisode.5.Art(thumb))]</property>
                <property name="ItemType">$LOCALIZE[20387]</property>
                <onclick>PlayMedia($ESCINFO[Window(Home).Property(RecentEpisode.5.File)])</onclick>
            </item>
            <item id="6" description="Shortcut6">
                <visible>!Skin.HasSetting(TVShelf_Custom)</visible>
                <visible>!IsEmpty(Window.Property(RecentEpisode.6.File))</visible>
                <label>$INFO[Window.Property(RecentEpisode.6.Title)]</label>
                <label2>$INFO[Window.Property(RecentEpisode.6.TVshowTitle)]</label2>
                <property name="SeasonEpisode">$INFO[Window.Property(RecentEpisode.6.Season),S,•]$INFO[Window.Property(RecentEpisode.6.Episode),E]</property>
                <thumb>$INFO[Window.Property(RecentEpisode.6.Art(tvshow.poster))]</thumb>
                <property name="Art">$INFO[Window.Property(RecentEpisode.6.Art(thumb))]</property>
                <property name="ItemType">$LOCALIZE[20387]</property>
                <onclick>PlayMedia($ESCINFO[Window(Home).Property(RecentEpisode.6.File)])</onclick>
            </item>
            <item id="7" description="Shortcut7">
                <visible>!Skin.HasSetting(TVShelf_Custom)</visible>
                <visible>!IsEmpty(Window.Property(RecentEpisode.7.File))</visible>
                <label>$INFO[Window.Property(RecentEpisode.7.Title)]</label>
                <label2>$INFO[Window.Property(RecentEpisode.7.TVshowTitle)]</label2>
                <property name="SeasonEpisode">$INFO[Window.Property(RecentEpisode.7.Season),S,•]$INFO[Window.Property(RecentEpisode.7.Episode),E]</property>
                <thumb>$INFO[Window.Property(RecentEpisode.7.Art(tvshow.poster))]</thumb>
                <property name="Art">$INFO[Window.Property(RecentEpisode.7.Art(thumb))]</property>
                <property name="ItemType">$LOCALIZE[20387]</property>
                <onclick>PlayMedia($ESCINFO[Window(Home).Property(RecentEpisode.7.File)])</onclick>
            </item>
            <item id="8" description="Shortcut8">
                <visible>!Skin.HasSetting(TVShelf_Custom)</visible>
                <visible>!IsEmpty(Window.Property(RecentEpisode.8.File))</visible>
                <label>$INFO[Window.Property(RecentEpisode.8.Title)]</label>
                <label2>$INFO[Window.Property(RecentEpisode.8.TVshowTitle)]</label2>
                <property name="SeasonEpisode">$INFO[Window.Property(RecentEpisode.8.Season),S,•]$INFO[Window.Property(RecentEpisode.8.Episode),E]</property>
                <thumb>$INFO[Window.Property(RecentEpisode.8.Art(tvshow.poster))]</thumb>
                <property name="Art">$INFO[Window.Property(RecentEpisode.8.Art(thumb))]</property>
                <property name="ItemType">$LOCALIZE[20387]</property>
                <onclick>PlayMedia($ESCINFO[Window(Home).Property(RecentEpisode.8.File)])</onclick>
            </item>
            <item id="9" description="Shortcut9">
                <visible>!Skin.HasSetting(TVShelf_Custom)</visible>
                <visible>!IsEmpty(Window.Property(RecentEpisode.9.File))</visible>
                <label>$INFO[Window.Property(RecentEpisode.9.Title)]</label>
                <label2>$INFO[Window.Property(RecentEpisode.9.TVshowTitle)]</label2>
                <property name="SeasonEpisode">$INFO[Window.Property(RecentEpisode.9.Season),S,•]$INFO[Window.Property(RecentEpisode.9.Episode),E]</property>
                <thumb>$INFO[Window.Property(RecentEpisode.9.Art(tvshow.poster))]</thumb>
                <property name="Art">$INFO[Window.Property(RecentEpisode.9.Art(thumb))]</property>
                <property name="ItemType">$LOCALIZE[20387]</property>
                <onclick>PlayMedia($ESCINFO[Window(Home).Property(RecentEpisode.9.File)])</onclick>
            </item>
            <item id="10" description="Shortcut10">
                <visible>!Skin.HasSetting(TVShelf_Custom)</visible>
                <visible>!IsEmpty(Window.Property(RecentEpisode.10.File))</visible>
                <label>$INFO[Window.Property(RecentEpisode.10.Title)]</label>
                <label2>$INFO[Window.Property(RecentEpisode.10.TVshowTitle)]</label2>
                <property name="SeasonEpisode">$INFO[Window.Property(RecentEpisode.10.Season),S,•]$INFO[Window.Property(RecentEpisode.10.Episode),E]</property>
                <thumb>$INFO[Window.Property(RecentEpisode.10.Art(tvshow.poster))]</thumb>
                <property name="Art">$INFO[Window.Property(RecentEpisode.10.Art(thumb))]</property>
                <property name="ItemType">$LOCALIZE[20387]</property>
                <onclick>PlayMedia($ESCINFO[Window(Home).Property(RecentEpisode.10.File)])</onclick>
            </item>

            <item id="1" description="Addons">
                <visible>Skin.HasSetting(TVShelf_Custom)</visible>
                <visible>!IsEmpty(Skin.String(ShelfTV.1.Label))</visible>
                <label>$INFO[system.addontitle(Skin.String(ShelfTV.1.Label))]</label>
                <thumb>$INFO[system.addonicon(Skin.String(ShelfTV.1.Label))]</thumb>
                <onclick>RunAddon($INFO[Skin.String(ShelfTV.1.Label)])</onclick>
                <property name="ItemType">$LOCALIZE[111]</property>
            </item>
            <item id="2" description="Addons">
                <visible>Skin.HasSetting(TVShelf_Custom)</visible>
                <visible>!IsEmpty(Skin.String(ShelfTV.2.Label))</visible>
                <label>$INFO[system.addontitle(Skin.String(ShelfTV.2.Label))]</label>
                <thumb>$INFO[system.addonicon(Skin.String(ShelfTV.2.Label))]</thumb>
                <onclick>RunAddon($INFO[Skin.String(ShelfTV.2.Label)])</onclick>
                <property name="ItemType">$LOCALIZE[111]</property>
            </item>
            <item id="3" description="Addons">
                <visible>Skin.HasSetting(TVShelf_Custom)</visible>
                <visible>!IsEmpty(Skin.String(ShelfTV.3.Label))</visible>
                <label>$INFO[system.addontitle(Skin.String(ShelfTV.3.Label))]</label>
                <thumb>$INFO[system.addonicon(Skin.String(ShelfTV.3.Label))]</thumb>
                <onclick>RunAddon($INFO[Skin.String(ShelfTV.3.Label)])</onclick>
                <property name="ItemType">$LOCALIZE[111]</property>
            </item>
            <item id="4" description="Addons">
                <visible>Skin.HasSetting(TVShelf_Custom)</visible>
                <visible>!IsEmpty(Skin.String(ShelfTV.4.Label))</visible>
                <label>$INFO[system.addontitle(Skin.String(ShelfTV.4.Label))]</label>
                <thumb>$INFO[system.addonicon(Skin.String(ShelfTV.4.Label))]</thumb>
                <onclick>RunAddon($INFO[Skin.String(ShelfTV.4.Label)])</onclick>
                <property name="ItemType">$LOCALIZE[111]</property>
            </item>
            <item id="5" description="Addons">
                <visible>Skin.HasSetting(TVShelf_Custom)</visible>
                <visible>!IsEmpty(Skin.String(ShelfTV.5.Label))</visible>
                <label>$INFO[system.addontitle(Skin.String(ShelfTV.5.Label))]</label>
                <thumb>$INFO[system.addonicon(Skin.String(ShelfTV.5.Label))]</thumb>
                <onclick>RunAddon($INFO[Skin.String(ShelfTV.5.Label)])</onclick>
                <property name="ItemType">$LOCALIZE[111]</property>
            </item>
            <item id="6" description="Fav">
                <visible>Skin.HasSetting(TVShelf_Custom)</visible>
                <visible>!IsEmpty(Skin.String(ShelfTV.6.Path))</visible>
                <label>$INFO[Skin.String(ShelfTV.6.Label)]</label>
                <thumb>$INFO[Skin.String(ShelfTV.6.Icon)]</thumb>
                <onclick>$INFO[Skin.String(ShelfTV.6.Path)]</onclick>
                <property name="ItemType">$LOCALIZE[111]</property>
            </item>
            <item id="7" description="Fav">
                <visible>Skin.HasSetting(TVShelf_Custom)</visible>
                <visible>!IsEmpty(Skin.String(ShelfTV.7.Path))</visible>
                <label>$INFO[Skin.String(ShelfTV.7.Label)]</label>
                <thumb>$INFO[Skin.String(ShelfTV.7.Icon)]</thumb>
                <onclick>$INFO[Skin.String(ShelfTV.7.Path)]</onclick>
                <property name="ItemType">$LOCALIZE[111]</property>
            </item>
            <item id="8" description="Fav">
                <visible>Skin.HasSetting(TVShelf_Custom)</visible>
                <visible>!IsEmpty(Skin.String(ShelfTV.8.Path))</visible>
                <label>$INFO[Skin.String(ShelfTV.8.Label)]</label>
                <thumb>$INFO[Skin.String(ShelfTV.8.Icon)]</thumb>
                <onclick>$INFO[Skin.String(ShelfTV.8.Path)]</onclick>
                <property name="ItemType">$LOCALIZE[111]</property>
            </item>
            <item id="9" description="Fav">
                <visible>Skin.HasSetting(TVShelf_Custom)</visible>
                <visible>!IsEmpty(Skin.String(ShelfTV.9.Path))</visible>
                <label>$INFO[Skin.String(ShelfTV.9.Label)]</label>
                <thumb>$INFO[Skin.String(ShelfTV.9.Icon)]</thumb>
                <onclick>$INFO[Skin.String(ShelfTV.9.Path)]</onclick>
                <property name="ItemType">$LOCALIZE[111]</property>
            </item>
            <item id="10" description="Fav">
                <visible>Skin.HasSetting(TVShelf_Custom)</visible>
                <visible>!IsEmpty(Skin.String(ShelfTV.10.Path))</visible>
                <label>$INFO[Skin.String(ShelfTV.10.Label)]</label>
                <thumb>$INFO[Skin.String(ShelfTV.10.Icon)]</thumb>
                <onclick>$INFO[Skin.String(ShelfTV.10.Path)]</onclick>
                <property name="ItemType">$LOCALIZE[111]</property>
            </item>
        </content>
    </include>
</includes>
