<?xml version="1.0" encoding="UTF-8" ?>
<includes>
    <include name="Weather+10DayForcast">
        <control type="group">
            <visible>IsEmpty(Window.Property(Weather.CurrentView))</visible>
            <control type="group">
                <visible>IsEmpty(Window.Property(Daily.IsFetched))</visible>
                <posx>450</posx>
                <control type="image" description="Busy animation">
                    <posx>408</posx>
                    <posy>630</posy>
                    <width>144</width>
                    <height>144</height>
                    <texture>busy/Busy.png</texture>
                    <aspectratio>keep</aspectratio>
                    <animation effect="rotate" start="360" end="0" center="auto" time="1600" loop="true" condition="true">conditional</animation>
                </control>
                <control type="label">
                    <posx>90</posx>
                    <posy>765</posy>
                    <width>780</width>
                    <height>45</height>
                    <align>center</align>
                    <aligny>center</aligny>
                    <label>$LOCALIZE[13413]...</label>
                </control>
            </control>
            <control type="list" id="50">
                <visible>!IsEmpty(Window.Property(Daily.IsFetched))</visible>
                <posx>240</posx>
                <posy>435</posy>
                <width>1500</width>
                <height>540</height>
                <onleft>9000</onleft>
                <onright>60</onright>
                <onup>50</onup>
                <ondown>50</ondown>
                <viewtype label="535">list</viewtype>
                <pagecontrol>60</pagecontrol>
                <scrolltime>200</scrolltime>
                <itemlayout height="270" width="1500">
                    <control type="label">
                        <posx>225</posx>
                        <posy>-15</posy>
                        <width>450</width>
                        <height>180</height>
                        <font>size18</font>
                        <textcolor>White</textcolor>
                        <selectedcolor>selected</selectedcolor>
                        <align>center</align>
                        <aligny>center</aligny>
                        <label>$INFO[ListItem.Label]</label>
                    </control>
                    <control type="image">
                        <posx>165</posx>
                        <posy>144</posy>
                        <width>105</width>
                        <height>105</height>
                        <aspectratio>keep</aspectratio>
                        <texture>$INFO[ListItem.Thumb]</texture>
                    </control>
                    <control type="label">
                        <posx>1335</posx>
                        <posy>21</posy>
                        <width>885</width>
                        <height>105</height>
                        <font>size18</font>
                        <textcolor>White</textcolor>
                        <selectedcolor>selected</selectedcolor>
                        <align>right</align>
                        <aligny>center</aligny>
                        <label>$INFO[ListItem.Label2]</label>
                    </control>
                    <control type="textbox">
                        <posx>450</posx>
                        <posy>150</posy>
                        <width>885</width>
                        <height>135</height>
                        <font>size17</font>
                        <textcolor>White</textcolor>
                        <align>right</align>
                        <label>$INFO[ListItem.ActualIcon]</label>
                    </control>
                </itemlayout>
                <focusedlayout height="270" width="1500">
                    <control type="image">
                        <animation condition="!Control.HasFocus(50)" effect="fade" start="100" end="50" time="200" reversible="true">Conditional</animation>
                        <posx>0</posx>
                        <posy>0</posy>
                        <width>1500</width>
                        <height>270</height>
                        <texture border="5">img/BlackRoundedW.png</texture>
                    </control>
                    <control type="label">
                        <posx>225</posx>
                        <posy>-15</posy>
                        <width>450</width>
                        <height>180</height>
                        <font>size18</font>
                        <textcolor>White</textcolor>
                        <selectedcolor>selected</selectedcolor>
                        <align>center</align>
                        <aligny>center</aligny>
                        <label>$INFO[ListItem.Label]</label>
                    </control>
                    <control type="image">
                        <posx>165</posx>
                        <posy>144</posy>
                        <width>105</width>
                        <height>105</height>
                        <aspectratio>keep</aspectratio>
                        <texture>$INFO[ListItem.Thumb]</texture>
                    </control>
                    <control type="label">
                        <posx>1335</posx>
                        <posy>21</posy>
                        <width>885</width>
                        <height>105</height>
                        <font>size18</font>
                        <textcolor>White</textcolor>
                        <selectedcolor>selected</selectedcolor>
                        <align>right</align>
                        <aligny>center</aligny>
                        <label>$INFO[ListItem.Label2]</label>
                    </control>
                    <control type="textbox">
                        <posx>450</posx>
                        <posy>150</posy>
                        <width>885</width>
                        <height>135</height>
                        <font>size17</font>
                        <textcolor>White</textcolor>
                        <align>right</align>
                        <label>$INFO[ListItem.ActualIcon]</label>
                    </control>
                </focusedlayout>
                <content>
                    <item>
                        <label>$INFO[Window.Property(Daily.1.ShortDay)][CR][COLOR=Silver]$INFO[Window.Property(Daily.1.LongDate)][/COLOR]</label>
                        <label2>$INFO[Window.Property(Daily.1.HighTemperature),[COLOR=Silver]$LOCALIZE[419]:[/COLOR] ,]$INFO[System.TemperatureUnits] $INFO[Window.Property(Daily.1.LowTemperature),[COLOR=Silver]$LOCALIZE[418]:[/COLOR] ,]$INFO[System.TemperatureUnits][CR]$INFO[Window.Property(Daily.1.Precipitation),[COLOR=Silver]$LOCALIZE[31908]:[/COLOR] ,%]</label2>
                        <thumb>$INFO[Window.Property(Daily.1.OutlookIcon)]</thumb>
                        <icon>$INFO[Window.Property(Daily.1.Outlook),[COLOR=Silver]$LOCALIZE[33030]: [/COLOR]][CR][COLOR=Silver]$LOCALIZE[383]: [/COLOR]$INFO[Window.Property(Daily.1.WindSpeed)] $INFO[Window.Property(Daily.1.WindDirection)]</icon>
                        <onclick>noop</onclick>
                        <visible>!IsEmpty(Window.Property(Daily.IsFetched))</visible>
                    </item>
                    <item>
                        <label>$INFO[Window.Property(Daily.2.ShortDay)][CR][COLOR=Silver]$INFO[Window.Property(Daily.2.LongDate)][/COLOR]</label>
                        <label2>$INFO[Window.Property(Daily.2.HighTemperature),[COLOR=Silver]$LOCALIZE[419]:[/COLOR] ,]$INFO[System.TemperatureUnits] $INFO[Window.Property(Daily.2.LowTemperature),[COLOR=Silver]$LOCALIZE[418]:[/COLOR] ,]$INFO[System.TemperatureUnits][CR]$INFO[Window.Property(Daily.2.Precipitation),[COLOR=Silver]$LOCALIZE[31908]:[/COLOR] ,%]</label2>
                        <thumb>$INFO[Window.Property(Daily.2.OutlookIcon)]</thumb>
                        <icon>$INFO[Window.Property(Daily.2.Outlook),[COLOR=Silver]$LOCALIZE[33030]: [/COLOR]][CR][COLOR=Silver]$LOCALIZE[383]: [/COLOR]$INFO[Window.Property(Daily.2.WindSpeed)] $INFO[Window.Property(Daily.2.WindDirection)]</icon>
                        <onclick>noop</onclick>
                        <visible>!IsEmpty(Window.Property(Daily.IsFetched))</visible>
                    </item>
                    <item>
                        <label>$INFO[Window.Property(Daily.3.ShortDay)][CR][COLOR=Silver]$INFO[Window.Property(Daily.3.LongDate)][/COLOR]</label>
                        <label2>$INFO[Window.Property(Daily.3.HighTemperature),[COLOR=Silver]$LOCALIZE[419]:[/COLOR] ,]$INFO[System.TemperatureUnits] $INFO[Window.Property(Daily.3.LowTemperature),[COLOR=Silver]$LOCALIZE[418]:[/COLOR] ,]$INFO[System.TemperatureUnits][CR]$INFO[Window.Property(Daily.3.Precipitation),[COLOR=Silver]$LOCALIZE[31908]:[/COLOR] ,%]</label2>
                        <thumb>$INFO[Window.Property(Daily.3.OutlookIcon)]</thumb>
                        <icon>$INFO[Window.Property(Daily.3.Outlook),[COLOR=Silver]$LOCALIZE[33030]: [/COLOR]][CR][COLOR=Silver]$LOCALIZE[383]: [/COLOR]$INFO[Window.Property(Daily.3.WindSpeed)] $INFO[Window.Property(Daily.3.WindDirection)]</icon>
                        <onclick>noop</onclick>
                        <visible>!IsEmpty(Window.Property(Daily.IsFetched))</visible>
                    </item>
                    <item>
                        <label>$INFO[Window.Property(Daily.4.ShortDay)][CR][COLOR=Silver]$INFO[Window.Property(Daily.4.LongDate)][/COLOR]</label>
                        <label2>$INFO[Window.Property(Daily.4.HighTemperature),[COLOR=Silver]$LOCALIZE[419]:[/COLOR] ,]$INFO[System.TemperatureUnits] $INFO[Window.Property(Daily.4.LowTemperature),[COLOR=Silver]$LOCALIZE[418]:[/COLOR] ,]$INFO[System.TemperatureUnits][CR]$INFO[Window.Property(Daily.4.Precipitation),[COLOR=Silver]$LOCALIZE[31908]:[/COLOR] ,%]</label2>
                        <thumb>$INFO[Window.Property(Daily.4.OutlookIcon)]</thumb>
                        <icon>$INFO[Window.Property(Daily.4.Outlook),[COLOR=Silver]$LOCALIZE[33030]: [/COLOR]][CR][COLOR=Silver]$LOCALIZE[383]: [/COLOR]$INFO[Window.Property(Daily.4.WindSpeed)] $INFO[Window.Property(Daily.4.WindDirection)]</icon>
                        <onclick>noop</onclick>
                        <visible>!IsEmpty(Window.Property(Daily.IsFetched))</visible>
                    </item>
                    <item>
                        <label>$INFO[Window.Property(Daily.5.ShortDay)][CR][COLOR=Silver]$INFO[Window.Property(Daily.5.LongDate)][/COLOR]</label>
                        <label2>$INFO[Window.Property(Daily.5.HighTemperature),[COLOR=Silver]$LOCALIZE[419]:[/COLOR] ,]$INFO[System.TemperatureUnits] $INFO[Window.Property(Daily.5.LowTemperature),[COLOR=Silver]$LOCALIZE[418]:[/COLOR] ,]$INFO[System.TemperatureUnits][CR]$INFO[Window.Property(Daily.5.Precipitation),[COLOR=Silver]$LOCALIZE[31908]:[/COLOR] ,%]</label2>
                        <thumb>$INFO[Window.Property(Daily.5.OutlookIcon)]</thumb>
                        <icon>$INFO[Window.Property(Daily.5.Outlook),[COLOR=Silver]$LOCALIZE[33030]: [/COLOR]][CR][COLOR=Silver]$LOCALIZE[383]: [/COLOR]$INFO[Window.Property(Daily.5.WindSpeed)] $INFO[Window.Property(Daily.5.WindDirection)]</icon>
                        <onclick>noop</onclick>
                        <visible>!IsEmpty(Window.Property(Daily.IsFetched))</visible>
                    </item>
                    <item>
                        <label>$INFO[Window.Property(Daily.6.ShortDay)][CR][COLOR=Silver]$INFO[Window.Property(Daily.6.LongDate)][/COLOR]</label>
                        <label2>$INFO[Window.Property(Daily.6.HighTemperature),[COLOR=Silver]$LOCALIZE[419]:[/COLOR] ,]$INFO[System.TemperatureUnits] $INFO[Window.Property(Daily.6.LowTemperature),[COLOR=Silver]$LOCALIZE[418]:[/COLOR] ,]$INFO[System.TemperatureUnits][CR]$INFO[Window.Property(Daily.6.Precipitation),[COLOR=Silver]$LOCALIZE[31908]:[/COLOR] ,%]</label2>
                        <thumb>$INFO[Window.Property(Daily.6.OutlookIcon)]</thumb>
                        <icon>$INFO[Window.Property(Daily.6.Outlook),[COLOR=Silver]$LOCALIZE[33030]: [/COLOR]][CR][COLOR=Silver]$LOCALIZE[383]: [/COLOR]$INFO[Window.Property(Daily.6.WindSpeed)] $INFO[Window.Property(Daily.6.WindDirection)]</icon>
                        <onclick>noop</onclick>
                        <visible>!IsEmpty(Window.Property(Daily.IsFetched))</visible>
                    </item>
                    <item>
                        <label>$INFO[Window.Property(Daily.7.ShortDay)][CR][COLOR=Silver]$INFO[Window.Property(Daily.7.LongDate)][/COLOR]</label>
                        <label2>$INFO[Window.Property(Daily.7.HighTemperature),[COLOR=Silver]$LOCALIZE[419]:[/COLOR] ,]$INFO[System.TemperatureUnits] $INFO[Window.Property(Daily.7.LowTemperature),[COLOR=Silver]$LOCALIZE[418]:[/COLOR] ,]$INFO[System.TemperatureUnits][CR]$INFO[Window.Property(Daily.7.Precipitation),[COLOR=Silver]$LOCALIZE[31908]:[/COLOR] ,%]</label2>
                        <thumb>$INFO[Window.Property(Daily.7.OutlookIcon)]</thumb>
                        <icon>$INFO[Window.Property(Daily.7.Outlook),[COLOR=Silver]$LOCALIZE[33030]: [/COLOR]][CR][COLOR=Silver]$LOCALIZE[383]: [/COLOR]$INFO[Window.Property(Daily.7.WindSpeed)] $INFO[Window.Property(Daily.7.WindDirection)]</icon>
                        <onclick>noop</onclick>
                        <visible>!IsEmpty(Window.Property(Daily.IsFetched))</visible>
                    </item>
                    <item>
                        <label>$INFO[Window.Property(Daily.8.ShortDay)][CR][COLOR=Silver]$INFO[Window.Property(Daily.8.LongDate)][/COLOR]</label>
                        <label2>$INFO[Window.Property(Daily.8.HighTemperature),[COLOR=Silver]$LOCALIZE[419]:[/COLOR] ,]$INFO[System.TemperatureUnits] $INFO[Window.Property(Daily.8.LowTemperature),[COLOR=Silver]$LOCALIZE[418]:[/COLOR] ,]$INFO[System.TemperatureUnits][CR]$INFO[Window.Property(Daily.8.Precipitation),[COLOR=Silver]$LOCALIZE[31908]:[/COLOR] ,%]</label2>
                        <thumb>$INFO[Window.Property(Daily.8.OutlookIcon)]</thumb>
                        <icon>$INFO[Window.Property(Daily.8.Outlook),[COLOR=Silver]$LOCALIZE[33030]: [/COLOR]][CR][COLOR=Silver]$LOCALIZE[383]: [/COLOR]$INFO[Window.Property(Daily.8.WindSpeed)] $INFO[Window.Property(Daily.8.WindDirection)]</icon>
                        <onclick>noop</onclick>
                        <visible>!IsEmpty(Window.Property(Daily.IsFetched))</visible>
                    </item>
                    <item>
                        <label>$INFO[Window.Property(Daily.9.ShortDay)][CR][COLOR=Silver]$INFO[Window.Property(Daily.9.LongDate)][/COLOR]</label>
                        <label2>$INFO[Window.Property(Daily.9.HighTemperature),[COLOR=Silver]$LOCALIZE[419]:[/COLOR] ,]$INFO[System.TemperatureUnits] $INFO[Window.Property(Daily.9.LowTemperature),[COLOR=Silver]$LOCALIZE[418]:[/COLOR] ,]$INFO[System.TemperatureUnits][CR]$INFO[Window.Property(Daily.9.Precipitation),[COLOR=Silver]$LOCALIZE[31908]:[/COLOR] ,%]</label2>
                        <thumb>$INFO[Window.Property(Daily.9.OutlookIcon)]</thumb>
                        <icon>$INFO[Window.Property(Daily.9.Outlook),[COLOR=Silver]$LOCALIZE[33030]: [/COLOR]][CR][COLOR=Silver]$LOCALIZE[383]: [/COLOR]$INFO[Window.Property(Daily.9.WindSpeed)] $INFO[Window.Property(Daily.9.WindDirection)]</icon>
                        <onclick>noop</onclick>
                        <visible>!IsEmpty(Window.Property(Daily.IsFetched))</visible>
                    </item>
                    <item>
                        <label>$INFO[Window.Property(Daily.10.ShortDay)][CR][COLOR=Silver]$INFO[Window.Property(Daily.10.LongDate)][/COLOR]</label>
                        <label2>$INFO[Window.Property(Daily.10.HighTemperature),[COLOR=Silver]$LOCALIZE[419]:[/COLOR] ,]$INFO[System.TemperatureUnits] $INFO[Window.Property(Daily.10.LowTemperature),[COLOR=Silver]$LOCALIZE[418]:[/COLOR] ,]$INFO[System.TemperatureUnits][CR]$INFO[Window.Property(Daily.10.Precipitation),[COLOR=Silver]$LOCALIZE[31908]:[/COLOR] ,%]</label2>
                        <thumb>$INFO[Window.Property(Daily.10.OutlookIcon)]</thumb>
                        <icon>$INFO[Window.Property(Daily.10.Outlook),[COLOR=Silver]$LOCALIZE[33030]: [/COLOR]][CR][COLOR=Silver]$LOCALIZE[383]: [/COLOR]$INFO[Window.Property(Daily.10.WindSpeed)] $INFO[Window.Property(Daily.10.WindDirection)]</icon>
                        <onclick>noop</onclick>
                        <visible>!IsEmpty(Window.Property(Daily.IsFetched))</visible>
                    </item>
                </content>
            </control>
        </control>
    </include>
</includes>
