<?xml version="1.0" encoding="UTF-8" ?>
<includes>
    <include name="Weather+36HourForcast">
        <control type="group">
            <visible>StringCompare(Window.Property(Weather.CurrentView),36hour)</visible>
            <control type="group">
                <visible>IsEmpty(Window.Property(36Hour.IsFetched))</visible>
                <posx>450</posx>
                <control type="image" description="Busy animation">
                    <posx>408</posx>
                    <posy>630</posy>
                    <width>144</width>
                    <height>144</height>
                    <texture>busy/Busy.png</texture>
                    <aspectratio>keep</aspectratio>
                    <animation effect="rotate" start="360" end="0" center="auto" time="1600" loop="true" condition="true">conditional</animation>
                </control>
                <control type="label">
                    <posx>90</posx>
                    <posy>765</posy>
                    <width>780</width>
                    <height>45</height>
                    <align>center</align>
                    <aligny>center</aligny>
                    <label>$LOCALIZE[13413]...</label>
                </control>
            </control>
            <control type="list" id="50">
                <visible>!IsEmpty(Window.Property(36Hour.IsFetched))</visible>
                <posx>195</posx>
                <posy>435</posy>
                <width>1590</width>
                <height>540</height>
                <onleft>9000</onleft>
                <onright>60</onright>
                <onup>50</onup>
                <ondown>50</ondown>
                <viewtype label="535">list</viewtype>
                <pagecontrol>60</pagecontrol>
                <scrolltime>200</scrolltime>
                <itemlayout height="270" width="1590">
                    <control type="label">
                        <posx>225</posx>
                        <posy>-15</posy>
                        <width>450</width>
                        <height>180</height>
                        <font>size18</font>
                        <textcolor>White</textcolor>
                        <selectedcolor>selected</selectedcolor>
                        <align>center</align>
                        <aligny>center</aligny>
                        <label>$INFO[ListItem.Label]</label>
                    </control>
                    <control type="image">
                        <posx>165</posx>
                        <posy>144</posy>
                        <width>105</width>
                        <height>105</height>
                        <aspectratio>keep</aspectratio>
                        <texture>$INFO[ListItem.Thumb]</texture>
                    </control>
                    <control type="label">
                        <posx>1485</posx>
                        <posy>30</posy>
                        <width>885</width>
                        <height>105</height>
                        <font>size18</font>
                        <textcolor>White</textcolor>
                        <selectedcolor>selected</selectedcolor>
                        <align>right</align>
                        <aligny>center</aligny>
                        <label>$INFO[ListItem.Label2]</label>
                    </control>
                    <control type="textbox">
                        <posx>435</posx>
                        <posy>165</posy>
                        <width>1050</width>
                        <height>135</height>
                        <font>size17</font>
                        <textcolor>White</textcolor>
                        <selectedcolor>selected</selectedcolor>
                        <align>right</align>
                        <label>$INFO[ListItem.ActualIcon]</label>
                    </control>
                </itemlayout>
                <focusedlayout height="270" width="1590">
                    <control type="image">
                        <animation condition="!Control.HasFocus(50)" effect="fade" start="100" end="50" time="200" reversible="true">Conditional</animation>
                        <posx>0</posx>
                        <posy>0</posy>
                        <width>1590</width>
                        <height>270</height>
                        <texture border="5">img/BlackRoundedW.png</texture>
                    </control>
                    <control type="label">
                        <posx>225</posx>
                        <posy>-15</posy>
                        <width>450</width>
                        <height>180</height>
                        <font>size18</font>
                        <textcolor>White</textcolor>
                        <selectedcolor>selected</selectedcolor>
                        <align>center</align>
                        <aligny>center</aligny>
                        <label>$INFO[ListItem.Label]</label>
                    </control>
                    <control type="image">
                        <posx>165</posx>
                        <posy>144</posy>
                        <width>105</width>
                        <height>105</height>
                        <aspectratio>keep</aspectratio>
                        <texture>$INFO[ListItem.Thumb]</texture>
                    </control>
                    <control type="label">
                        <posx>1485</posx>
                        <posy>30</posy>
                        <width>885</width>
                        <height>105</height>
                        <font>size18</font>
                        <textcolor>White</textcolor>
                        <selectedcolor>selected</selectedcolor>
                        <align>right</align>
                        <aligny>center</aligny>
                        <label>$INFO[ListItem.Label2]</label>
                    </control>
                    <control type="textbox">
                        <posx>435</posx>
                        <posy>165</posy>
                        <width>1050</width>
                        <height>135</height>
                        <font>size17</font>
                        <textcolor>White</textcolor>
                        <selectedcolor>selected</selectedcolor>
                        <align>right</align>
                        <label>$INFO[ListItem.ActualIcon]</label>
                    </control>
                </focusedlayout>
                <content>
                    <item>
                        <icon>$LOCALIZE[31909]</icon>
                        <onclick>noop</onclick>
                        <visible>IsEmpty(Window.Property(Daily.IsFetched))</visible>
                    </item>
                    <item>
                        <label>$INFO[Window.Property(36Hour.1.Heading)][COLOR=Silver][CR]$INFO[Window.Property(36Hour.1.TemperatureHeading)][/COLOR]$INFO[Window.Property(36Hour.1.Temperature), ,]$INFO[System.TemperatureUnits]</label>
                        <label2>[COLOR=Silver]$INFO[Window.Property(36Hour.1.DaylightTitle)][/COLOR] $INFO[Window.Property(36Hour.1.DaylightTime)][CR]$INFO[Window.Property(36Hour.1.Precipitation),[COLOR=Silver]$LOCALIZE[33022]:[/COLOR] ,%][CR]$INFO[Window.Property(36Hour.1.Outlook),[COLOR=Silver]$LOCALIZE[33030]: [/COLOR]]</label2>
                        <thumb>$INFO[Window.Property(36Hour.1.OutlookIcon)]</thumb>
                        <icon>$INFO[Window.Property(36hour.1.Forecast),[COLOR=Silver]$LOCALIZE[31905]: [/COLOR]]</icon>
                        <onclick>noop</onclick>
                        <visible>!IsEmpty(Window.Property(36Hour.IsFetched))</visible>
                    </item>
                    <item>
                        <label>$INFO[Window.Property(36Hour.2.Heading)][CR][COLOR=Silver]$INFO[Window.Property(36Hour.2.TemperatureHeading)][/COLOR]$INFO[Window.Property(36Hour.2.Temperature), ,]$INFO[System.TemperatureUnits]</label>
                        <label2>[COLOR=Silver]$INFO[Window.Property(36Hour.2.DaylightTitle)][/COLOR] $INFO[Window.Property(36Hour.2.DaylightTime)][CR]$INFO[Window.Property(36Hour.2.Precipitation),[COLOR=Silver]$LOCALIZE[33022]:[/COLOR] ,%][CR]$INFO[Window.Property(36Hour.2.Outlook),[COLOR=Silver]$LOCALIZE[33030]: [/COLOR]]</label2>
                        <thumb>$INFO[Window.Property(36Hour.2.OutlookIcon)]</thumb>
                        <icon>$INFO[Window.Property(36hour.2.Forecast),[COLOR=Silver]$LOCALIZE[31905]: [/COLOR]]</icon>
                        <onclick>noop</onclick>
                        <visible>!IsEmpty(Window.Property(36Hour.IsFetched))</visible>
                    </item>
                    <item>
                        <label>$INFO[Window.Property(36Hour.3.Heading)][CR][COLOR=Silver]$INFO[Window.Property(36Hour.3.TemperatureHeading)][/COLOR]$INFO[Window.Property(36Hour.3.Temperature), ,]$INFO[System.TemperatureUnits]</label>
                        <label2>[COLOR=Silver]$INFO[Window.Property(36Hour.3.DaylightTitle)][/COLOR] $INFO[Window.Property(36Hour.3.DaylightTime)][CR]$INFO[Window.Property(36Hour.3.Precipitation),[COLOR=Silver]$LOCALIZE[33022]:[/COLOR] ,%][CR]$INFO[Window.Property(36Hour.3.Outlook),[COLOR=Silver]$LOCALIZE[33030]: [/COLOR]]</label2>
                        <thumb>$INFO[Window.Property(36Hour.3.OutlookIcon)]</thumb>
                        <icon>$INFO[Window.Property(36hour.3.Forecast),[COLOR=Silver]$LOCALIZE[31905]: [/COLOR]]</icon>
                        <onclick>noop</onclick>
                        <visible>!IsEmpty(Window.Property(36Hour.IsFetched))</visible>
                    </item>
                </content>
            </control>
        </control>
    </include>
</includes>
