<?xml version="1.0" encoding="UTF-8" ?>
<includes>
    <include name="Weather+HourlyForcast">
        <control type="group">
            <visible>StringCompare(Window.Property(Weather.CurrentView),hourly)</visible>
            <control type="group">
                <visible>IsEmpty(Window.Property(Hourly.IsFetched))</visible>
                <posx>450</posx>
                <control type="image" description="Busy animation">
                    <posx>408</posx>
                    <posy>630</posy>
                    <width>144</width>
                    <height>144</height>
                    <texture>busy/Busy.png</texture>
                    <aspectratio>keep</aspectratio>
                    <animation effect="rotate" start="360" end="0" center="auto" time="1600" loop="true" condition="true">conditional</animation>
                </control>
                <control type="label">
                    <posx>90</posx>
                    <posy>765</posy>
                    <width>780</width>
                    <height>45</height>
                    <align>center</align>
                    <aligny>center</aligny>
                    <label>$LOCALIZE[13413]...</label>
                </control>
            </control>
            <control type="list" id="50">
                <visible>!IsEmpty(Window.Property(Hourly.IsFetched))</visible>
                <posx>240</posx>
                <posy>435</posy>
                <width>1500</width>
                <height>540</height>
                <onleft>9000</onleft>
                <onright>60</onright>
                <onup>50</onup>
                <ondown>50</ondown>
                <viewtype label="535">list</viewtype>
                <pagecontrol>60</pagecontrol>
                <scrolltime>200</scrolltime>
                <itemlayout height="270" width="1500">
                    <control type="label">
                        <posx>225</posx>
                        <posy>-15</posy>
                        <width>450</width>
                        <height>180</height>
                        <font>size18</font>
                        <textcolor>White</textcolor>
                        <selectedcolor>selected</selectedcolor>
                        <align>center</align>
                        <aligny>center</aligny>
                        <label>$INFO[ListItem.Label]</label>
                    </control>
                    <control type="image">
                        <posx>165</posx>
                        <posy>144</posy>
                        <width>105</width>
                        <height>105</height>
                        <aspectratio>keep</aspectratio>
                        <texture>$INFO[ListItem.Thumb]</texture>
                    </control>
                    <control type="label">
                        <posx>1335</posx>
                        <posy>36</posy>
                        <width>885</width>
                        <height>105</height>
                        <font>size18</font>
                        <textcolor>White</textcolor>
                        <selectedcolor>selected</selectedcolor>
                        <align>right</align>
                        <aligny>center</aligny>
                        <label>$INFO[ListItem.Label2]</label>
                    </control>
                    <control type="textbox">
                        <posx>450</posx>
                        <posy>165</posy>
                        <width>885</width>
                        <height>135</height>
                        <font>size17</font>
                        <textcolor>White</textcolor>
                        <align>right</align>
                        <label>$INFO[ListItem.ActualIcon]</label>
                    </control>
                </itemlayout>
                <focusedlayout height="270" width="1500">
                    <control type="image">
                        <animation condition="!Control.HasFocus(50)" effect="fade" start="100" end="50" time="200" reversible="true">Conditional</animation>
                        <posx>0</posx>
                        <posy>0</posy>
                        <width>1500</width>
                        <height>270</height>
                        <texture border="5">img/BlackRoundedW.png</texture>
                    </control>
                    <control type="label">
                        <posx>225</posx>
                        <posy>-15</posy>
                        <width>450</width>
                        <height>180</height>
                        <font>size18</font>
                        <textcolor>White</textcolor>
                        <selectedcolor>selected</selectedcolor>
                        <align>center</align>
                        <aligny>center</aligny>
                        <label>$INFO[ListItem.Label]</label>
                    </control>
                    <control type="image">
                        <posx>165</posx>
                        <posy>144</posy>
                        <width>105</width>
                        <height>105</height>
                        <aspectratio>keep</aspectratio>
                        <texture>$INFO[ListItem.Thumb]</texture>
                    </control>
                    <control type="label">
                        <posx>1335</posx>
                        <posy>36</posy>
                        <width>885</width>
                        <height>105</height>
                        <font>size18</font>
                        <textcolor>White</textcolor>
                        <selectedcolor>selected</selectedcolor>
                        <align>right</align>
                        <aligny>center</aligny>
                        <label>$INFO[ListItem.Label2]</label>
                    </control>
                    <control type="textbox">
                        <posx>450</posx>
                        <posy>165</posy>
                        <width>885</width>
                        <height>135</height>
                        <font>size17</font>
                        <textcolor>White</textcolor>
                        <align>right</align>
                        <label>$INFO[ListItem.ActualIcon]</label>
                    </control>
                </focusedlayout>
                <content>
                    <item>
                        <label>$INFO[Window.Property(Hourly.1.Time)][CR][COLOR=Silver]$INFO[Window.Property(Hourly.1.ShortDate)][/COLOR]</label>
                        <label2>$INFO[Window.Property(Hourly.1.Temperature),[COLOR=Silver]$LOCALIZE[419] :[/COLOR] ,]$INFO[System.TemperatureUnits] $INFO[Window.Property(Hourly.1.FeelsLike),[COLOR=Silver]$LOCALIZE[402] :[/COLOR] ,]$INFO[System.TemperatureUnits][CR]$INFO[Window.Property(Hourly.1.Humidity),[COLOR=Silver]$LOCALIZE[406] :[/COLOR] ,%][CR]$INFO[Window.Property(Hourly.1.Precipitation),[COLOR=Silver]$LOCALIZE[31908] :[/COLOR] ,%]</label2>
                        <thumb>$INFO[Window.Property(Hourly.1.OutlookIcon)]</thumb>
                        <icon>$INFO[Window.Property(Hourly.1.Outlook),[COLOR=Silver]$LOCALIZE[33030]: [/COLOR]][CR][COLOR=Silver]$LOCALIZE[383]: [/COLOR]$INFO[Window.Property(Hourly.1.WindSpeed)] $INFO[Window.Property(Hourly.1.WindDirection)]</icon>
                        <onclick>noop</onclick>
                        <visible>!IsEmpty(Window.Property(Hourly.IsFetched))</visible>
                    </item>
                    <item>
                        <label>$INFO[Window.Property(Hourly.2.Time)][CR][COLOR=Silver]$INFO[Window.Property(Hourly.2.ShortDate)][/COLOR]</label>
                        <label2>$INFO[Window.Property(Hourly.2.Temperature),[COLOR=Silver]$LOCALIZE[419] :[/COLOR] ,]$INFO[System.TemperatureUnits] $INFO[Window.Property(Hourly.2.FeelsLike),[COLOR=Silver]$LOCALIZE[402] :[/COLOR] ,]$INFO[System.TemperatureUnits][CR]$INFO[Window.Property(Hourly.2.Humidity),[COLOR=Silver]$LOCALIZE[406] :[/COLOR] ,%][CR]$INFO[Window.Property(Hourly.2.Precipitation),[COLOR=Silver]$LOCALIZE[31908] :[/COLOR] ,%]</label2>
                        <thumb>$INFO[Window.Property(Hourly.2.OutlookIcon)]</thumb>
                        <icon>$INFO[Window.Property(Hourly.2.Outlook),[COLOR=Silver]$LOCALIZE[33030]: [/COLOR]][CR][COLOR=Silver]$LOCALIZE[383]: [/COLOR]$INFO[Window.Property(Hourly.2.WindSpeed)] $INFO[Window.Property(Hourly.2.WindDirection)]</icon>
                        <onclick>noop</onclick>
                        <visible>!IsEmpty(Window.Property(Hourly.IsFetched))</visible>
                    </item>
                    <item>
                        <label>$INFO[Window.Property(Hourly.3.Time)][CR][COLOR=Silver]$INFO[Window.Property(Hourly.3.ShortDate)][/COLOR]</label>
                        <label2>$INFO[Window.Property(Hourly.3.Temperature),[COLOR=Silver]$LOCALIZE[419] :[/COLOR] ,]$INFO[System.TemperatureUnits] $INFO[Window.Property(Hourly.3.FeelsLike),[COLOR=Silver]$LOCALIZE[402] :[/COLOR] ,]$INFO[System.TemperatureUnits][CR]$INFO[Window.Property(Hourly.3.Humidity),[COLOR=Silver]$LOCALIZE[406] :[/COLOR] ,%][CR]$INFO[Window.Property(Hourly.3.Precipitation),[COLOR=Silver]$LOCALIZE[31908] :[/COLOR] ,%]</label2>
                        <thumb>$INFO[Window.Property(Hourly.3.OutlookIcon)]</thumb>
                        <icon>$INFO[Window.Property(Hourly.3.Outlook),[COLOR=Silver]$LOCALIZE[33030]: [/COLOR]][CR][COLOR=Silver]$LOCALIZE[383]: [/COLOR]$INFO[Window.Property(Hourly.3.WindSpeed)] $INFO[Window.Property(Hourly.3.WindDirection)]</icon>
                        <onclick>noop</onclick>
                        <visible>!IsEmpty(Window.Property(Hourly.IsFetched))</visible>
                    </item>
                    <item>
                        <label>$INFO[Window.Property(Hourly.4.Time)][CR][COLOR=Silver]$INFO[Window.Property(Hourly.4.ShortDate)][/COLOR]</label>
                        <label2>$INFO[Window.Property(Hourly.4.Temperature),[COLOR=Silver]$LOCALIZE[419] :[/COLOR] ,]$INFO[System.TemperatureUnits] $INFO[Window.Property(Hourly.4.FeelsLike),[COLOR=Silver]$LOCALIZE[402] :[/COLOR] ,]$INFO[System.TemperatureUnits][CR]$INFO[Window.Property(Hourly.4.Humidity),[COLOR=Silver]$LOCALIZE[406] :[/COLOR] ,%][CR]$INFO[Window.Property(Hourly.4.Precipitation),[COLOR=Silver]$LOCALIZE[31908] :[/COLOR] ,%]</label2>
                        <thumb>$INFO[Window.Property(Hourly.4.OutlookIcon)]</thumb>
                        <icon>$INFO[Window.Property(Hourly.4.Outlook),[COLOR=Silver]$LOCALIZE[33030]: [/COLOR]][CR][COLOR=Silver]$LOCALIZE[383]: [/COLOR]$INFO[Window.Property(Hourly.4.WindSpeed)] $INFO[Window.Property(Hourly.4.WindDirection)]</icon>
                        <onclick>noop</onclick>
                        <visible>!IsEmpty(Window.Property(Hourly.IsFetched))</visible>
                    </item>
                    <item>
                        <label>$INFO[Window.Property(Hourly.5.Time)][CR][COLOR=Silver]$INFO[Window.Property(Hourly.5.ShortDate)][/COLOR]</label>
                        <label2>$INFO[Window.Property(Hourly.5.Temperature),[COLOR=Silver]$LOCALIZE[419] :[/COLOR] ,]$INFO[System.TemperatureUnits] $INFO[Window.Property(Hourly.5.FeelsLike),[COLOR=Silver]$LOCALIZE[402] :[/COLOR] ,]$INFO[System.TemperatureUnits][CR]$INFO[Window.Property(Hourly.5.Humidity),[COLOR=Silver]$LOCALIZE[406] :[/COLOR] ,%][CR]$INFO[Window.Property(Hourly.5.Precipitation),[COLOR=Silver]$LOCALIZE[31908] :[/COLOR] ,%]</label2>
                        <thumb>$INFO[Window.Property(Hourly.5.OutlookIcon)]</thumb>
                        <icon>$INFO[Window.Property(Hourly.5.Outlook),[COLOR=Silver]$LOCALIZE[33030]: [/COLOR]][CR][COLOR=Silver]$LOCALIZE[383]: [/COLOR]$INFO[Window.Property(Hourly.5.WindSpeed)] $INFO[Window.Property(Hourly.5.WindDirection)]</icon>
                        <onclick>noop</onclick>
                        <visible>!IsEmpty(Window.Property(Hourly.IsFetched))</visible>
                    </item>
                    <item>
                        <label>$INFO[Window.Property(Hourly.6.Time)][CR][COLOR=Silver]$INFO[Window.Property(Hourly.6.ShortDate)][/COLOR]</label>
                        <label2>$INFO[Window.Property(Hourly.6.Temperature),[COLOR=Silver]$LOCALIZE[419] :[/COLOR] ,]$INFO[System.TemperatureUnits] $INFO[Window.Property(Hourly.6.FeelsLike),[COLOR=Silver]$LOCALIZE[402] :[/COLOR] ,]$INFO[System.TemperatureUnits][CR]$INFO[Window.Property(Hourly.6.Humidity),[COLOR=Silver]$LOCALIZE[406] :[/COLOR] ,%][CR]$INFO[Window.Property(Hourly.6.Precipitation),[COLOR=Silver]$LOCALIZE[31908] :[/COLOR] ,%]</label2>
                        <thumb>$INFO[Window.Property(Hourly.6.OutlookIcon)]</thumb>
                        <icon>$INFO[Window.Property(Hourly.6.Outlook),[COLOR=Silver]$LOCALIZE[33030]: [/COLOR]][CR][COLOR=Silver]$LOCALIZE[383]: [/COLOR]$INFO[Window.Property(Hourly.6.WindSpeed)] $INFO[Window.Property(Hourly.6.WindDirection)]</icon>
                        <onclick>noop</onclick>
                        <visible>!IsEmpty(Window.Property(Hourly.IsFetched))</visible>
                    </item>
                    <item>
                        <label>$INFO[Window.Property(Hourly.7.Time)][CR][COLOR=Silver]$INFO[Window.Property(Hourly.7.ShortDate)][/COLOR]</label>
                        <label2>$INFO[Window.Property(Hourly.7.Temperature),[COLOR=Silver]$LOCALIZE[419] :[/COLOR] ,]$INFO[System.TemperatureUnits] $INFO[Window.Property(Hourly.7.FeelsLike),[COLOR=Silver]$LOCALIZE[402] :[/COLOR] ,]$INFO[System.TemperatureUnits][CR]$INFO[Window.Property(Hourly.7.Humidity),[COLOR=Silver]$LOCALIZE[406] :[/COLOR] ,%][CR]$INFO[Window.Property(Hourly.7.Precipitation),[COLOR=Silver]$LOCALIZE[31908] :[/COLOR] ,%]</label2>
                        <thumb>$INFO[Window.Property(Hourly.7.OutlookIcon)]</thumb>
                        <icon>$INFO[Window.Property(Hourly.7.Outlook),[COLOR=Silver]$LOCALIZE[33030]: [/COLOR]][CR][COLOR=Silver]$LOCALIZE[383]: [/COLOR]$INFO[Window.Property(Hourly.7.WindSpeed)] $INFO[Window.Property(Hourly.7.WindDirection)]</icon>
                        <onclick>noop</onclick>
                        <visible>!IsEmpty(Window.Property(Hourly.IsFetched))</visible>
                    </item>
                    <item>
                        <label>$INFO[Window.Property(Hourly.8.Time)][CR][COLOR=Silver]$INFO[Window.Property(Hourly.8.ShortDate)][/COLOR]</label>
                        <label2>$INFO[Window.Property(Hourly.8.Temperature),[COLOR=Silver]$LOCALIZE[419] :[/COLOR] ,]$INFO[System.TemperatureUnits] $INFO[Window.Property(Hourly.8.FeelsLike),[COLOR=Silver]$LOCALIZE[402] :[/COLOR] ,]$INFO[System.TemperatureUnits][CR]$INFO[Window.Property(Hourly.8.Humidity),[COLOR=Silver]$LOCALIZE[406] :[/COLOR] ,%][CR]$INFO[Window.Property(Hourly.8.Precipitation),[COLOR=Silver]$LOCALIZE[31908] :[/COLOR] ,%]</label2>
                        <thumb>$INFO[Window.Property(Hourly.8.OutlookIcon)]</thumb>
                        <icon>$INFO[Window.Property(Hourly.8.Outlook),[COLOR=Silver]$LOCALIZE[33030]: [/COLOR]][CR][COLOR=Silver]$LOCALIZE[383]: [/COLOR]$INFO[Window.Property(Hourly.8.WindSpeed)] $INFO[Window.Property(Hourly.8.WindDirection)]</icon>
                        <onclick>noop</onclick>
                        <visible>!IsEmpty(Window.Property(Hourly.IsFetched))</visible>
                    </item>
                    <item>
                        <label>$INFO[Window.Property(Hourly.9.Time)][CR][COLOR=Silver]$INFO[Window.Property(Hourly.9.ShortDate)][/COLOR]</label>
                        <label2>$INFO[Window.Property(Hourly.9.Temperature),[COLOR=Silver]$LOCALIZE[419] :[/COLOR] ,]$INFO[System.TemperatureUnits] $INFO[Window.Property(Hourly.9.FeelsLike),[COLOR=Silver]$LOCALIZE[402] :[/COLOR] ,]$INFO[System.TemperatureUnits][CR]$INFO[Window.Property(Hourly.9.Humidity),[COLOR=Silver]$LOCALIZE[406] :[/COLOR] ,%][CR]$INFO[Window.Property(Hourly.9.Precipitation),[COLOR=Silver]$LOCALIZE[31908] :[/COLOR] ,%]</label2>
                        <thumb>$INFO[Window.Property(Hourly.9.OutlookIcon)]</thumb>
                        <icon>$INFO[Window.Property(Hourly.9.Outlook),[COLOR=Silver]$LOCALIZE[33030]: [/COLOR]][CR][COLOR=Silver]$LOCALIZE[383]: [/COLOR]$INFO[Window.Property(Hourly.9.WindSpeed)] $INFO[Window.Property(Hourly.9.WindDirection)]</icon>
                        <onclick>noop</onclick>
                        <visible>!IsEmpty(Window.Property(Hourly.IsFetched))</visible>
                    </item>
                    <item>
                        <label>$INFO[Window.Property(Hourly.10.Time)][CR][COLOR=Silver]$INFO[Window.Property(Hourly.10.ShortDate)][/COLOR]</label>
                        <label2>$INFO[Window.Property(Hourly.10.Temperature),[COLOR=Silver]$LOCALIZE[419] :[/COLOR] ,]$INFO[System.TemperatureUnits] $INFO[Window.Property(Hourly.10.FeelsLike),[COLOR=Silver]$LOCALIZE[402] :[/COLOR] ,]$INFO[System.TemperatureUnits][CR]$INFO[Window.Property(Hourly.10.Humidity),[COLOR=Silver]$LOCALIZE[406] :[/COLOR] ,%][CR]$INFO[Window.Property(Hourly.10.Precipitation),[COLOR=Silver]$LOCALIZE[31908] :[/COLOR] ,%]</label2>
                        <thumb>$INFO[Window.Property(Hourly.10.OutlookIcon)]</thumb>
                        <icon>$INFO[Window.Property(Hourly.10.Outlook),[COLOR=Silver]$LOCALIZE[33030]: [/COLOR]][CR][COLOR=Silver]$LOCALIZE[383]: [/COLOR]$INFO[Window.Property(Hourly.10.WindSpeed)] $INFO[Window.Property(Hourly.10.WindDirection)]</icon>
                        <onclick>noop</onclick>
                        <visible>!IsEmpty(Window.Property(Hourly.IsFetched))</visible>
                    </item>
                    <item>
                        <label>$INFO[Window.Property(Hourly.11.Time)][CR][COLOR=Silver]$INFO[Window.Property(Hourly.11.ShortDate)][/COLOR]</label>
                        <label2>$INFO[Window.Property(Hourly.11.Temperature),[COLOR=Silver]$LOCALIZE[419] :[/COLOR] ,]$INFO[System.TemperatureUnits] $INFO[Window.Property(Hourly.11.FeelsLike),[COLOR=Silver]$LOCALIZE[402] :[/COLOR] ,]$INFO[System.TemperatureUnits][CR]$INFO[Window.Property(Hourly.11.Humidity),[COLOR=Silver]$LOCALIZE[406] :[/COLOR] ,%][CR]$INFO[Window.Property(Hourly.11.Precipitation),[COLOR=Silver]$LOCALIZE[31908] :[/COLOR] ,%]</label2>
                        <thumb>$INFO[Window.Property(Hourly.11.OutlookIcon)]</thumb>
                        <icon>$INFO[Window.Property(Hourly.11.Outlook),[COLOR=Silver]$LOCALIZE[33030]: [/COLOR]][CR][COLOR=Silver]$LOCALIZE[383]: [/COLOR]$INFO[Window.Property(Hourly.11.WindSpeed)] $INFO[Window.Property(Hourly.11.WindDirection)]</icon>
                        <onclick>noop</onclick>
                        <visible>!IsEmpty(Window.Property(Hourly.IsFetched))</visible>
                    </item>
                    <item>
                        <label>$INFO[Window.Property(Hourly.12.Time)][CR][COLOR=Silver]$INFO[Window.Property(Hourly.12.ShortDate)][/COLOR]</label>
                        <label2>$INFO[Window.Property(Hourly.12.Temperature),[COLOR=Silver]$LOCALIZE[419] :[/COLOR] ,]$INFO[System.TemperatureUnits] $INFO[Window.Property(Hourly.12.FeelsLike),[COLOR=Silver]$LOCALIZE[402] :[/COLOR] ,]$INFO[System.TemperatureUnits][CR]$INFO[Window.Property(Hourly.12.Humidity),[COLOR=Silver]$LOCALIZE[406] :[/COLOR] ,%][CR]$INFO[Window.Property(Hourly.12.Precipitation),[COLOR=Silver]$LOCALIZE[31908] :[/COLOR] ,%]</label2>
                        <thumb>$INFO[Window.Property(Hourly.12.OutlookIcon)]</thumb>
                        <icon>$INFO[Window.Property(Hourly.12.Outlook),[COLOR=Silver]$LOCALIZE[33030]: [/COLOR]][CR][COLOR=Silver]$LOCALIZE[383]: [/COLOR]$INFO[Window.Property(Hourly.12.WindSpeed)] $INFO[Window.Property(Hourly.12.WindDirection)]</icon>
                        <onclick>noop</onclick>
                        <visible>!IsEmpty(Window.Property(Hourly.IsFetched))</visible>
                    </item>
                </content>
            </control>
        </control>
    </include>
</includes>
