<?xml version="1.0" encoding="UTF-8" ?>
<window>
    <defaultcontrol always="true">5</defaultcontrol>
    <include>OpenClose</include>
    <controls>
        <include>MiniBackground</include>
        <include>AEVOLVE-Menu-List2</include>
        <control type="label" description="Header Label">
            <include>HeadingR</include>
            <label>20043</label>
        </control>
        <control type="group">
            <posx>1020</posx>
            <posy>250</posy>
            <control type="grouplist" id="5">
                <description>Control Area</description>
                <posx>0</posx>
                <posy>0</posy>
                <width>900</width>
                <height>810</height>
                <itemgap>0</itemgap>
                <aligny>top</aligny>
                <orientation>vertical</orientation>
                <onleft>noop</onleft>
                <onright>noop</onright>
                <onup>29</onup>
                <ondown>28</ondown>
            </control>
            <control type="button" id="7">
                <height>81</height>
                <texturefocus border="8">img/ButtonFO.png</texturefocus>
            </control>
            <control type="radiobutton" id="8">
                <height>81</height>
                <texturefocus border="8">img/ButtonFO.png</texturefocus>
            </control>
            <control type="spincontrolex" id="9">
                <height>81</height>
                <texturefocus border="8">img/ButtonFO.png</texturefocus>
            </control>
            <control type="image" description="Line split">
                <posx>0</posx>
                <posy>700</posy>
                <width>900</width>
                <height>1</height>
                <texture>img/Line.png</texture>
                <aspectratio>stretch</aspectratio>
            </control>
            <control type="button" id="28" description="OK">
                <posx>45</posx>
                <posy>720</posy>
                <width>352</width>
                <label>186</label>
                <onleft>noop</onleft>
                <onright>noop</onright>
                <onup>5</onup>
                <ondown>29</ondown>
                <texturefocus border="8">img/ButtonFO.png</texturefocus>
                <texturenofocus border="8">img/ButtonNF.png</texturenofocus>
            </control>
            <control type="button" id="29" description="Cancel">
                <posx>495</posx>
                <posy>720</posy>
                <width>352</width>
                <label>222</label>
                <onleft>noop</onleft>
                <onright>noop</onright>
                <onup>28</onup>
                <ondown>5</ondown>
                <texturefocus border="8">img/ButtonFO.png</texturefocus>
                <texturenofocus border="8">img/ButtonNF.png</texturenofocus>
            </control>
        </control>
    </controls>
</window>
