<?xml version="1.0" encoding="UTF-8"?>
<window>
  <defaultcontrol always="true">50</defaultcontrol>
  
  <views>50,51,52,53,501,57,58,59,500,510</views>
  <controls>
        <include>AEVOLVECommonBackground</include>
        <include>AEVOLVE-Menu-List2</include>
    <control type="group" description="50 List base">
      <visible>Control.IsVisible(50)</visible>
      <include>DefaultSquareThumbs</include>
      <control type="group" description="Slider and List">
        <include>SlimListItemCount</include>
        <posx>1020</posx>
        <posy>300</posy>
        <include>SlimListSlider</include>
        <control type="fixedlist" id="50">
          <visible>![container.content(addons) | container.content(albums) | container.content(musicvideos) | container.content(songs)]</visible>
          <posx>0</posx>
          <posy>0</posy>
          <width>802</width>
          <height>760</height>
          <onleft>9000</onleft>
          <onright>9000</onright>
          <onup>50</onup>
          <ondown>50</ondown>
		  <pagecontrol>60</pagecontrol>
          <viewtype label="535">List</viewtype>
          <focusposition>5</focusposition>
          <movement>5</movement>
          <preloaditems>4</preloaditems>
          <itemlayout width="802" height="81">
            <include>ArrowNF</include>
            <control type="label" description="Main Label">
              <include>52MainLabel</include>
              <label>$INFO[ListItem.Label]</label>
            </control>
          </itemlayout>
          <focusedlayout width="802" height="81">
            <include>ArrowFO</include>
            <control type="label" description="Main Label">
              <include>52MainLabelFO</include>
              <label>$INFO[ListItem.Label]</label>
            </control>
          </focusedlayout>
        </control>
      </control>

    </control>


    <control type="group" description="51 fatList base">
      <visible>Control.IsVisible(51)</visible>
      <control type="group">
				<include>DefaultSquareThumbs</include>
      </control>
      <control type="group">
				<visible>!container.content(addons)</visible>
				<include>MusicInfo</include>
      </control>
		<control type="group" description="Slider and List">
        <include>LargeListItemCount</include>
        <posx>1020</posx>
		<posy>315</posy>
		<pagecontrol>70</pagecontrol>
		<include>AEVOLVELargeListSlider</include>
        <control type="fixedlist" id="51">
          <visible>container.content(songs) | container.content(albums) | container.content(musicvideos) | container.content(addons)</visible>
          <posx>0</posx>
          <posy>-10</posy>
          <width>802</width>
          <height>770</height>
          <onleft>9000</onleft>
          <onright>9000</onright>
          <onup>51</onup>
          <ondown>51</ondown>
          <viewtype label="537">Big list</viewtype>
          <focusposition>3</focusposition>
          <movement>4</movement>
          <preloaditems>4</preloaditems>
          <include>LargeListSongsLayout</include>
          <include>LargeListAlbumsLayout</include>
          <include>LargeListAddonsLayout</include>
          <include>LargeListMVideosEpisodesLayout</include>
        </control>
      </control>
    </control>



    <control type="group" description="52 List base">
      <visible>Control.IsVisible(52)</visible>
      <control type="group">
				<include>DefaultSquareThumbs</include>
      </control>
			<include>MusicInfo</include>
      <control type="group" description="Slider and List">
        <include>SlimListItemCount</include>
        <posx>1020</posx>
        <posy>300</posy>
        <include>SlimListSlider</include>
        <control type="fixedlist" id="52">
          <visible>container.content(songs)</visible>
          <posx>0</posx>
          <posy>0</posy>
          <width>802</width>
          <height>801</height>
          <onleft>9000</onleft>
          <onright>9000</onright>
          <onup>52</onup>
          <ondown>52</ondown>
          <viewtype label="544">Media info</viewtype>
          <focusposition>5</focusposition>
          <movement>5</movement>
          <preloaditems>4</preloaditems>
          <itemlayout width="802" height="81">
            <control type="label" description="Main Label">
              <width max="609">auto</width>
              <include>52MainLabel</include>
              <label>$INFO[ListItem.Label]</label>
            </control>
            <control type="label" description="Label2">
              <visible>![Player.HasAudio + ListItem.IsPlaying]</visible>
              <visible>container.content(songs)</visible>
              <include>52Label2</include>
              <label>$INFO[ListItem.Duration]</label>
            </control>
            <control type="image" description="playing">
              <visible>[Player.HasAudio + ListItem.IsPlaying]</visible>
              <right>45</right>
              <posy>0</posy>
              <height>81</height>
              <width>36</width>
              <aspectratio>keep</aspectratio>
              <texture>img/NowPlayingNF.png</texture>
            </control>
          </itemlayout>
          <focusedlayout width="802" height="81">
            <control type="label" description="Main Label">
              <width max="609">auto</width>
              <include>52MainLabelFO</include>
              <label>$INFO[ListItem.Label]</label>
            </control>
            <control type="label" description="Label2">
              <visible>![Player.HasAudio + ListItem.IsPlaying]</visible>
              <include>52Label2FO</include>
              <label>$INFO[ListItem.Duration]</label>
            </control>
            <control type="image" description="playing">
              <visible>[Player.HasAudio + ListItem.IsPlaying]</visible>
              <animation effect="fade" start="50" end="100" time="100" delay="200">Focus</animation>
              <right>45</right>
              <posy>0</posy>
              <height>81</height>
              <width>36</width>
              <aspectratio>keep</aspectratio>
              <texture>img/NowPlayingFO.png</texture>
            </control>
          </focusedlayout>
        </control>
      </control>
    </control>


<!--
    <control type="group">
      <visible>Control.IsVisible(53)</visible>
      	<control type="group" description="Container and frame">
        <control type="group" description="Frame Sliders">
          <animation condition="Control.HasFocus(60)" effect="slide" start="0,0" end="1890,540" time="200" reversible="true">Conditional</animation>
          <animation condition="Control.HasFocus(60)" effect="zoom" start="100" end="0" time="200" reversible="true">Conditional</animation>
          <animation condition="Control.HasFocus(60)" effect="fade" start="100" end="0" time="200" reversible="true">Conditional</animation>
          <control type="image">
            <posx>55</posx>
            <posy>207</posy>
            <width>309</width>
            <height>309</height>
            <texture border="36">focus/FrameFO.png</texture>
        		<bordersize>-9</bordersize>
            <aspectratio>stretch</aspectratio>
            <animation condition="Container.Column(0)" effect="slide" start="0,0" end="0,0" time="200" reversible="true">Conditional</animation>
            <animation condition="Container.Column(1)" effect="slide" start="0,0" end="300,0" time="200" reversible="true">Conditional</animation>
            <animation condition="Container.Column(2)" effect="slide" start="0,0" end="600,0" time="200" reversible="true">Conditional</animation>
            <animation condition="Container.Column(3)" effect="slide" start="0,0" end="900,0" time="200" reversible="true">Conditional</animation>
            <animation condition="Container.Column(4)" effect="slide" start="0,0" end="1200,0" time="200" reversible="true">Conditional</animation>
            <animation condition="Container.Column(5)" effect="slide" start="0,0" end="1500,0" time="200" reversible="true">Conditional</animation>
            <animation condition="Container.Row(0)" effect="slide" start="0,0" end="0,0" time="200" reversible="true">Conditional</animation>
            <animation condition="Container.Row(1)" effect="slide" start="0,0" end="0,375" time="200" reversible="true">Conditional</animation>
            <animation condition="Container.Row(2)" effect="slide" start="0,0" end="0,375" time="200" reversible="true">Conditional</animation>
          </control>
        </control>
				<control type="panel" id="53" description="Panel">
          <visible>Container.Content(Albums) | Container.Content(Addons)</visible>
          <viewtype label="536">Icons</viewtype>
          <posx>60</posx>
          <posy>210</posy>
          <width>1800</width>
          <height>897</height>
          <orientation>vertical</orientation>
          <onleft>9000</onleft>
          <onright>9000</onright>
          <preloaditems>4</preloaditems>
          <itemlayout height="375" width="300">
            <control type="image">
              <posx>16</posx>
              <posy>18</posy>
              <width>267</width>
              <height>267</height>
              <texture fallback="DefaultFolder.png" background="true">$INFO[ListItem.Thumb]</texture>
              <bordertexture border="12">img/ThumbBorder.png</bordertexture>
        			<bordersize>6</bordersize>
							<aspectratio>stretch</aspectratio>
            </control>
          </itemlayout>
          <focusedlayout height="375" width="300">
            <control type="image">
              <posx>16</posx>
              <posy>18</posy>
              <width>267</width>
              <height>267</height>
              <texture fallback="DefaultFolder.png" background="true">$INFO[ListItem.Thumb]</texture>
              <bordertexture border="12">img/ThumbBorder.png</bordertexture>
        			<bordersize>6</bordersize>
							<aspectratio>stretch</aspectratio>
            </control>
            <control type="label">
              <animation effect="fade" start="0" end="100" time="200" delay="100">Focus</animation>
              <posx>16</posx>
              <posy>300</posy>
              <width>267</width>
              <height>45</height>
              <font>size18</font>
              <textcolor>White2</textcolor>
              <shadowcolor>Black</shadowcolor>
              <align>center</align>
              <label>[B]$INFO[ListItem.Label][/B]</label>
            </control>
          </focusedlayout>
        </control>
        
      </control>
      <control type="image" description="Line Split">
        <posx>82</posx>
        <posy>164</posy>
        <width>1748</width>
        <height>1</height>
        <texture>img/LineL.png</texture>
        <aspectratio>stretch</aspectratio>
      </control>
      <control type="grouplist" description="Media Header">
        <posx>82</posx>
        <posy>54</posy>
        <width>930</width>
        <height>75</height>
        <align>left</align>
        <aligny>bottom</aligny>
        <orientation>horizontal</orientation>
        <control type="label" id="7777" description="Heading">
          <width min="60" max="930">auto</width>
          <height>75</height>
          <textcolor>White2</textcolor>
          <font>size28</font>
          <label>$VAR[GlobalHeadings]</label>
        </control>
        <control type="label" description="Number of files">
          <visible>!IsEmpty(Control.GetLabel(7777))</visible>
          <width min="60" max="120">auto</width>
          <height>81</height>
          <font>size17</font>
          <textcolor>Grey</textcolor>
          <label>$INFO[Container.NumItems,  (,)]</label>
        </control>
      </control>
      <control type="label" description="Media details">
        <posx>82</posx>
        <posy>117</posy>
        <width>1200</width>
        <textcolor>HL</textcolor>
        <include>Genre51Commons</include>
        <label>$INFO[ListItem.label][COLOR=White]  $INFO[ListItem.Artist]$INFO[ListItem.Property(Addon.Creator)][/COLOR]</label>
      </control>
      <control type="grouplist">
        <posx>304r</posx>
        <posy>126</posy>
        <height>24</height>
        <width>195</width>
        <itemgap>15</itemgap>
        <align>right</align>
        <orientation>horizontal</orientation>
        <control type="image" description="Rating">
          <visible>!IsEmpty(ListItem.StarRating)</visible>
          <posx>1590</posx>
          <posy>0</posy>
          <include>StarRating</include>
        </control>
        <control type="label" description="Media details">
          <visible>container.content(addons)</visible>
          <height>24</height>
          <width>195</width>
          <font>size18</font>
          <align>right</align>
          <textcolor>Silver</textcolor>
          <label>$INFO[ListItem.Label2]</label>
        </control>
      </control>
      <control type="image" description="Bottom fade">
        <posx>0</posx>
        <posy>990</posy>
        <width>1920</width>
        <height>90</height>
        <texture>img/DefaultGradient.png</texture>
        <aspectratio>stretch</aspectratio>
      </control>
    </control>
-->

<!--
    <control type="group" description="View 501">
      <visible>Control.IsVisible(501)</visible>
      <control type="fixedlist" id="501">
        <visible>container.content(albums) | container.content(songs) | container.content(addons)</visible>
        <posx>-165</posx>
        <posy>195</posy>
        <width>2250</width>
        <height>885</height>
        <onup>9000</onup>
        <ondown>9000</ondown>
        <viewtype label="538">Big Icons</viewtype>
        <focusposition>1</focusposition>
        <movement>-</movement>
        <preloaditems>4</preloaditems>
        <orientation>horizontal</orientation>
        <itemlayout width="750" height="750">
          <control type="image" description="Thumb">
            <posx>96</posx>
            <posy>9</posy>
            <height>558</height>
            <width>558</width>
            <aspectratio>stretch</aspectratio>
            <texture fallback="DefaultFolder.png" background="true">$INFO[ListItem.Thumb]</texture>
          </control>
        </itemlayout>
        <focusedlayout width="750" height="750">
          <control type="image" description="Thumb">
            <posx>96</posx>
            <posy>9</posy>
            <height>558</height>
            <width>558</width>
            <aspectratio>stretch</aspectratio>
            <texture fallback="DefaultFolder.png" background="true">$INFO[ListItem.Thumb]</texture>
          </control>
        </focusedlayout>
      </control>
      <control type="image" description="Selector">
        <posx>657</posx>
        <posy>180</posy>
        <width>606</width>
        <height>606</height>
        <texture border="36">focus/FrameFO.png</texture>
        		<bordersize>-9</bordersize>
        <aspectratio>stretch</aspectratio>
      </control>
      <control type="label" description="Media details">
        <posx>345</posx>
        <posy>777</posy>
        <width>1230</width>
        <align>center</align>
        <textcolor>Silver</textcolor>
        <font>size24B</font>
        <label>$INFO[Container(501).ListItem.Label]</label>
      </control>
      <control type="label" description="Media details">
        <posx>360</posx>
        <posy>831</posy>
        <width>1200</width>
        <align>center</align>
        <font>size22</font>
        <textcolor>Grey</textcolor>
        <label>$INFO[Container(501).ListItem.Genre]</label>
      </control>
      <control type="label" description="Media details">
        <posx>360</posx>
        <posy>870</posy>
        <width>1200</width>
        <align>center</align>
        <textcolor>Silver</textcolor>
        <label>$INFO[ListItem.Label2]</label>
      </control>
    </control>
	-->
 
    <control type="group" description="Side menu 9000 group">
      <visible allowhiddenfocus="true">ControlGroup(9000).HasFocus()</visible>
      <include>DialogOpenCloseVisible</include>
            <control type="image" description="List back">
                <posx>645</posx>
                <posy>270</posy>
                <width>636</width>
                <height>675</height>
                <aspectratio>stretch</aspectratio>
                <texture border="136,127,128,139">aevolve/settings-bg.png</texture>
            </control>
      <control type="grouplist" id="9000">
        <include>9000GrouplistParameters</include>
        <control type="button" id="2" description="Views">
          <texturenofocus>-</texturenofocus>
          <include>9000Buttons</include>
        </control>
        <control type="button" id="3" description="Sort">
          <include>9000Buttons</include>
        </control>
        <control type="togglebutton" id="4" description="Ordering">
          <include>9000Buttons</include>
          <label>$LOCALIZE[21429]: $LOCALIZE[21430]</label>
          <altlabel>$LOCALIZE[21429]: $LOCALIZE[21431]</altlabel>
        </control>
        <control type="togglebutton" id="16" description="PartyMode">
          <include>9000Buttons</include>
          <label>$LOCALIZE[589]: $LOCALIZE[1223]</label>
          <altlabel>$LOCALIZE[589]: $LOCALIZE[305]</altlabel>
        </control>
		<control type="togglebutton" id="20" description="Update library">
          <include>9000Buttons</include>
          <label>653</label>
		  <altlabel>13353</altlabel>
		  <usealttexture>library.isscanningmusic</usealttexture>
        </control>
        <control type="button" id="697" description="Playlist">
          <include>9000Buttons</include>
          <label>$LOCALIZE[31040]</label>
          <onclick>ActivateWindow(musicplaylist)</onclick>
        </control>
		<control type="button" id="698" description="Files">
          <include>9000Buttons</include>
          <label>$LOCALIZE[1024] $LOCALIZE[744]</label>
          <onclick>ActivateWindow(MusicFiles,root)</onclick>
        </control>
        <control type="togglebutton" id="699" description="Playing">
          <enable>Player.HasMedia</enable>
          <include>9000Buttons</include>
          <label>$LOCALIZE[16003]</label>
          <altlabel>$LOCALIZE[31977]</altlabel>
          <usealttexture>Player.HasMedia</usealttexture>
          <onclick>fullscreen</onclick>
          <altclick>fullscreen</altclick>
          <animation effect="fade" start="100" end="60" time="100" condition="!Player.HasMedia">Conditional</animation>
        </control>
      </control>
    </control>
        <control type="scrollbar" id="60">
            <posx>10r</posx>
            <posy>300</posy>
            <height>770</height>
            <onleft>50</onleft>
            <onright>noop</onright>
        </control>
        <include>MediaHeader</include>
  </controls>
</window>
