<?xml version="1.0" encoding="UTF-8"?>
<window>
  <defaultcontrol always="true">50</defaultcontrol>
  
  <include>OpenClose</include>
  <controls>
        <include>AEVOLVECommonBackground</include>
        <include>AEVOLVE-Menu-List2</include>
    <control type="group">
      <posx>0</posx>
      <posy>0</posy>
      <control type="group" description="50 fatList">
        <visible>Control.IsVisible(50)</visible>
        <include>DefaultSquareThumbs</include>
        <include>MusicInfo</include>
        <control type="group" description="Slider and List">
          <include>LargeListItemCount</include>
          <posx>1020</posx>
          <posy>141</posy>
          <control type="fixedlist" id="50">
                <right>12</right>
                <bottom>9</bottom>
                <posy>170</posy>
			<width>892</width>
			<height>775</height>
            <onleft condition="!Skin.HasSetting(ViewOptions_Hide)">9000</onleft>
            <onright condition="Skin.HasSetting(Scrollbars_Active)">60</onright>
            <onup>50</onup>
            <ondown>50</ondown>
            <pagecontrol>60</pagecontrol>
            <viewtype label="535">List</viewtype>
            <focusposition>3</focusposition>
            <movement>4</movement>
            <preloaditems>4</preloaditems>
            
            <itemlayout width="892" height="111">
				<control type="image">
					<left>0</left>
					<top>29</top>
					<width>892</width>
					<height>82</height>
					<texture>aevolve/separator6.png</texture>
				</control>
              <control type="image">
                <posx>0</posx>
                <posy>0</posy>
                <height>111</height>
                <width>111</width>
                <bordersize>6</bordersize>
                <texture fallback="DefaultFolder.png" background="true">$INFO[ListItem.Thumb]</texture>
                <aspectratio>scale</aspectratio>
              </control>
              <control type="image">
                <posx>0</posx>
                <posy>0</posy>
                <height>111</height>
                <width>111</width>
                <bordersize>6</bordersize>
                <texture border="3">img/CoverOverlay0.png</texture>
              </control>
              <control type="label" description="Main Label">
                <visible>StringCompare(ListItem.Title,MusicPlayer.Title)</visible>
                <width>600</width>
                <include>51MainLabel</include>
                <label>$INFO[ListItem.Label]</label>
              </control>
              <control type="label" description="Main Label">
                <visible>!StringCompare(ListItem.Title,MusicPlayer.Title)</visible>
                <width>645</width>
                <include>51MainLabel</include>
                <label>$INFO[ListItem.Label]</label>
              </control>
              <control type="label" description="Label2">
                <include>51Label2</include>
                <label>$INFO[ListItem.Label2]</label>
              </control>
              <control type="image" description="playing">
                <visible>Player.HasAudio</visible>
                <visible>StringCompare(ListItem.Title,MusicPlayer.Title)</visible>
                <posx>750</posx>
                <posy>0</posy>
                <height>111</height>
                <width>36</width>
                <aspectratio>keep</aspectratio>
                <texture>img/NowPlayingNF.png</texture>
              </control>
            </itemlayout>
            <focusedlayout width="892" height="111">
				<control type="group">
					<include>AEVOLVESliderLarge3</include>
					<posx>-50</posx>
				</control>
              <control type="image">
                <posx>0</posx>
                <posy>0</posy>
                <height>111</height>
                <width>111</width>
                <bordersize>6</bordersize>
                <texture fallback="DefaultFolder.png" background="true">$INFO[ListItem.Thumb]</texture>
                <aspectratio>scale</aspectratio>
              </control>
              <control type="image">
                <posx>0</posx>
                <posy>0</posy>
                <height>111</height>
                <width>111</width>
                <bordersize>6</bordersize>
                <texture border="3">img/CoverOverlay0.png</texture>
              </control>
              <control type="label" description="Main Label">
                <visible>StringCompare(ListItem.Title,MusicPlayer.Title)</visible>
                <width>600</width>
                <include>51MainLabel</include>
                <label>$INFO[ListItem.Label]</label>
              </control>
              <control type="label" description="Main Label">
                <visible>!StringCompare(ListItem.Title,MusicPlayer.Title)</visible>
                <width>645</width>
                <include>51MainLabelFO</include>
                <label>$INFO[ListItem.Label]</label>
              </control>
              <control type="label" description="Label2">
                <include>51Label2FO</include>
                <label>$INFO[ListItem.Label2]</label>
              </control>
              <control type="image" description="playing">
                <visible>Player.HasAudio</visible>
                <visible>StringCompare(ListItem.Title,MusicPlayer.Title)</visible>
                <animation effect="fade" start="50" end="100" time="100" delay="200">Focus</animation>
                <posx>750</posx>
                <posy>0</posy>
                <height>111</height>
                <width>36</width>
                <aspectratio>keep</aspectratio>
                <texture>img/NowPlayingFO.png</texture>
              </control>
            </focusedlayout>
          </control>
        </control>
        <!--<include>LargeListFade</include>-->
        <control type="scrollbar" id="60">
            <bottom>0</bottom>
            <right>0</right>
            <height>780</height>
            <onleft>50</onleft>
            <onright>noop</onright>
        </control>
      </control>
      <control type="group" description="Side menu 9000 group">
      <visible allowhiddenfocus="true">ControlGroup(9000).HasFocus()</visible>
            <include>DialogOpenCloseVisible</include>
            <control type="image" description="List back">
                <posx>645</posx>
                <posy>250</posy>
                <width>636</width>
                <height>585</height>
                <height>585</height>
                <aspectratio>stretch</aspectratio>
                <texture border="136,127,128,139">aevolve/settings-bg.png</texture>
            </control>
      <control type="grouplist" id="9000">
        <include>9000GrouplistParameters</include>
          <control type="radiobutton" id="20" description="Shuffle">
            <radioposx>630</radioposx>
            <include>9000Buttons</include>
            <label>191</label>
          </control>
          <control type="button" id="21" description="Save">
            <include>9000Buttons</include>
            <label>190</label>
          </control>
          <control type="button" id="22" description="Clear">
            <include>9000Buttons</include>
            <label>192</label>
          </control>
          <control type="button" id="23" description="Play">
            <include>9000Buttons</include>
            <label>208</label>
          </control>
          <control type="button" id="26" description="Repeat">
            <include>9000Buttons</include>
            <label>-</label>
          </control>
        </control>
      </control>
    </control>
    <include>MediaHeader</include>
  </controls>
</window>
