<?xml version="1.0" encoding="UTF-8" ?>
<window>
    <defaultcontrol always="true">50</defaultcontrol>

    <onload>SetProperty(Window.HasSettings,True,home)</onload>
    <onload>ClearProperty(MediaMenu,Home)</onload>
    <onunload>ClearProperty(Window.HasSettings,Home)</onunload>
    <controls>
        <control type="group">
            <!-- View 50 -->
            <include>BaseList</include>
            <!-- View 53 -->
            <include>GridView</include>
        </control>

        <control type="group">
            <visible>Control.IsVisible(58)</visible>
            <include>MiniBackground</include>
            <control type="image">
                <include>Dimensions_Fullscreen</include>
                <include>Fanart_Fade</include>
                <texture background="true">$INFO[ListItem.Property(fanart_image)]</texture>
                <aspectratio>stretch</aspectratio>
            </control>
            <control type="image">
                <include>Dimensions_Fullscreen</include>
                <texture>img/Vignette_58.png</texture>
                <aspectratio>stretch</aspectratio>
            </control>
            <control type="fixedlist" id="58" description="Fanart 3">
                <!-- <visible>Skin.HasSetting(AddViews)</visible> -->
                <onup>9000</onup>
                <ondown condition="Skin.HasSetting(Scrollbars_Active)">60</ondown>
                <ondown condition="![Skin.HasSetting(Scrollbars_Active) | Skin.HasSeting(ViewOptions_Hide)]">9000</ondown>
                <onleft>500</onleft>
                <onright>500</onright>
                <viewtype label="$LOCALIZE[20445] 3">Fanart 3</viewtype>
                <posx>-282</posx>
                <posy>690</posy>
                <width>2484</width>
                <height>402</height>
                <orientation>horizontal</orientation>
                <scrolltime>400</scrolltime>
                <focusposition>3</focusposition>
                <movement>2</movement>
                <preloaditems>4</preloaditems>
                <pagecontrol>60</pagecontrol>
                <itemlayout height="357" width="354">
                    <control type="image" description="Reflection">
                        <posx>27</posx>
                        <posy>330</posy>
                        <width>303</width>
                        <height>303</height>
                        <texture background="true" diffuse="img/ReflectionShelf.png" flipy="true">$INFO[ListItem.Icon]</texture>
                        <aspectratio>scale</aspectratio>
                    </control>
                    <control type="image" description="Thumb">
                        <posx>27</posx>
                        <posy>27</posy>
                        <width>303</width>
                        <height>303</height>
                        <texture background="true">$INFO[ListItem.Icon]</texture>
                        <aspectratio>scale</aspectratio>
                    </control>
                    <control type="image" description="Thumb Overlay">
                        <posx>27</posx>
                        <posy>27</posy>
                        <width>303</width>
                        <height>303</height>
                        <texture border="3">img/CoverOverlay0.png</texture>
                        <aspectratio>stretch</aspectratio>
                    </control>
                </itemlayout>
                <focusedlayout height="357" width="354">
                    <control type="group">
                        <control type="image" description="Reflection">
                            <posx>27</posx>
                            <posy>330</posy>
                            <width>303</width>
                            <height>303</height>
                            <texture background="true" diffuse="img/ReflectionShelf.png" flipy="true">$INFO[ListItem.Icon]</texture>
                            <aspectratio>scale</aspectratio>
                        </control>
                        <control type="image" description="Thumb">
                            <posx>27</posx>
                            <posy>27</posy>
                            <width>303</width>
                            <height>303</height>
                            <texture background="true">$INFO[ListItem.Icon]</texture>
                            <aspectratio>scale</aspectratio>
                        </control>
                        <control type="image" description="Thumb Overlay">
                            <posx>27</posx>
                            <posy>27</posy>
                            <width>303</width>
                            <height>303</height>
                            <texture border="3">img/CoverOverlay0.png</texture>
                            <aspectratio>stretch</aspectratio>
                        </control>
                    </control>
                </focusedlayout>
            </control>
            <control type="image" description="LeftFade">
                <visible>Container.Position(3) | Container.Position(4) | Container.Position(5) | Container.Position(6)</visible>
                <include>VisibleFadeEffect</include>
                <posx>0</posx>
                <posy>716</posy>
                <width>54</width>
                <height>447</height>
                <texture>img/DefaultGradientH.png</texture>
                <aspectratio>stretch</aspectratio>
            </control>
            <control type="image" description="RightFade">
                <visible>Container.Position(0) | Container.Position(1) | Container.Position(2) | Container.Position(3)</visible>
                <include>VisibleFadeEffect</include>
                <posx>1866</posx>
                <posy>716</posy>
                <width>54</width>
                <height>447</height>
                <texture flipx="true">img/DefaultGradientH.png</texture>
                <aspectratio>stretch</aspectratio>
            </control>
            <control type="image">
                <visible>Control.HasFocus(58)</visible>
                <posx>783</posx>
                <posy>693</posy>
                <width>351</width>
                <height>351</height>
                <texture border="28">img/Frame25.png</texture>
                <aspectratio>stretch</aspectratio>
                <animation condition="Container(58).Position(0)" effect="slide" end="-1062,0" time="220" easing="inout" reversible="true">Conditional</animation>
                <animation condition="Container(58).Position(1)" effect="slide" end="-708,0" time="220" easing="inout" reversible="true">Conditional</animation>
                <animation condition="Container(58).Position(2)" effect="slide" end="-354,0" time="220" easing="inout" reversible="true">Conditional</animation>
                <animation condition="Container(58).Position(4)" effect="slide" end="354,0" time="220" easing="inout" reversible="true">Conditional</animation>
                <animation condition="Container(58).Position(5)" effect="slide" end="708,0" time="220" easing="inout" reversible="true">Conditional</animation>
                <animation condition="Container(58).Position(6)" effect="slide" end="1062,0" time="220" easing="inout" reversible="true">Conditional</animation>
            </control>
            <control type="group" description="Media Info">
                <posy>622</posy>
                <control type="label" description="Item Title">
                    <posx>0</posx>
                    <posy>0</posy>
                    <font>size22B</font>
                    <textcolor>White2</textcolor>
                    <width>1920</width>
                    <align>center</align>
                    <include>Genre51Commons</include>
                    <label>$INFO[ListItem.Label][COLOR=Grey]$INFO[ListItem.Label2, • ][/COLOR]</label>
                </control>
                <control type="image" description="Line Split">
                    <posx>15</posx>
                    <posy>60</posy>
                    <width>1890</width>
                    <height>1</height>
                    <texture>img/LineST.png</texture>
                    <aspectratio>stretch</aspectratio>
                </control>
            </control>
            <control type="scrollbar" id="60">
                <visible>true</visible>
                <animation effect="fade" delay="200" time="300">VisibleChange</animation>
                <posx>98</posx>
                <posy>1065</posy>
                <width>1725</width>
                <height>9</height>
                <onup>500</onup>
                <ondown>500</ondown>
                <orientation>horizontal</orientation>
                <texturesliderbackground border="6,4,6,4">Scrollbar/HScrollbarBG.png</texturesliderbackground>
                <texturesliderbar border="6,4,6,4">Scrollbar/HScrollerNF.png</texturesliderbar>
                <texturesliderbarfocus border="6,4,6,4">Scrollbar/HScrollerFO.png</texturesliderbarfocus>
                <pulseonselect>false</pulseonselect>
                <showonepage>false</showonepage>
            </control>
        </control>
        <control type="group" description="Side menu 9000 group">
            <visible allowhiddenfocus="true">ControlGroup(9000).HasFocus()</visible>
            <include>DialogOpenCloseVisible</include>
			<control type="image" description="List back">
				<posx>645</posx>
				<posy>250</posy>
				<width>636</width>
				<height>585</height>
				<aspectratio>stretch</aspectratio>
				<texture border="136,127,128,139">aevolve/settings-bg.png</texture>
			</control>
            <control type="grouplist" id="9000">
                <include>9000GrouplistParameters</include>
                <control type="button" id="2" description="Views">
                    <texturenofocus>-</texturenofocus>
                    <include>9000Buttons</include>
                </control>
                <control type="button" id="3" description="Sort">
                    <include>9000Buttons</include>
                </control>
                <control type="button" id="19" description="Filter">
                    <include>9000Buttons</include>
                    <label>$LOCALIZE[587] $LOCALIZE[31292]</label>
                </control>
                <control type="button" id="697" description="Library">
                    <visible>Library.HasContent(music) | Library.HasContent(musicvideos)</visible>
                    <include>9000Buttons</include>
                    <label>$LOCALIZE[1024] $LOCALIZE[14022]</label>
                    <onclick>ActivateWindow(MusicLibrary,root)</onclick>
                </control>
                <control type="togglebutton" id="699" description="Playing">
                    <enable>Player.HasMedia</enable>
                    <include>9000Buttons</include>
                    <label>$LOCALIZE[16003]</label>
                    <altlabel>$LOCALIZE[31977]</altlabel>
                    <usealttexture>Player.HasMedia</usealttexture>
                    <onclick>fullscreen</onclick>
                    <altclick>fullscreen</altclick>
                    <animation effect="fade" start="100" end="60" time="100" condition="!Player.HasMedia">Conditional</animation>
                </control>
            </control>
        </control>
        <include>MediaHeader</include>
        <control type="label" description="Heading">
            <visible>IsEmpty(Container.FolderName)</visible>
            <include>HeadingR</include>
            <label>2</label>
        </control>
    </controls>
</window>
