<?xml version="1.0" encoding="UTF-8" ?>
<window>
    <defaultcontrol always="true">50</defaultcontrol>
    <onload>SetProperty(Window.HasSettings,True,home)</onload>
    <onload>ClearProperty(MediaMenu,Home)</onload>
    <onunload>ClearProperty(Window.HasSettings,Home)</onunload>
    <controls>
        <!-- View 50 -->
        <include>BaseList</include>
        <!-- View My Pictures Icon Grid -->
        <include>MyPicturesIcon</include>
        <control type="group" description="Side menu 9000 group">
            <visible allowhiddenfocus="true">ControlGroup(9000).HasFocus()</visible>
            <include>DialogOpenCloseVisible</include>
			<control type="image" description="List back">
				<posx>645</posx>
				<posy>250</posy>
				<width>636</width>
				<height>585</height>
				<aspectratio>stretch</aspectratio>
				<texture border="136,127,128,139">aevolve/settings-bg.png</texture>
			</control>
            <control type="grouplist" id="9000">
                <include>9000GrouplistParameters</include>
                <control type="button" id="2" description="Views">
                    <include>9000Buttons</include>
                </control>
                <control type="button" id="3" description="Sort">
                    <include>9000Buttons</include>
                </control>
                <control type="togglebutton" id="4" description="SortMode">
                    <alttexturenofocus>-</alttexturenofocus>
                    <include>9000Buttons</include>
                    <label>$LOCALIZE[21429]: $LOCALIZE[21430]</label>
                    <altlabel>$LOCALIZE[21429]: $LOCALIZE[21431]</altlabel>
                </control>
                <control type="button" id="6" description="Slideshow">
                    <disabledcolor>Disabled</disabledcolor>
                    <include>9000Buttons</include>
                    <label>108</label>
                    <visible>!ListItem.IsFolder</visible>
                </control>
                <control type="button" id="7" description="Recursive slideshow">
                    <disabledcolor>Disabled</disabledcolor>
                    <include>9000Buttons</include>
                    <label>13318</label>
                    <visible>ListItem.IsFolder</visible>
                </control>
                <control type="radiobutton" id="9" description="Randomize">
                    <include>9000Buttons</include>
                    <label>13319</label>
                </control>
                <control type="togglebutton" id="699" description="Playing">
                    <enable>Player.HasMedia</enable>
                    <include>9000Buttons</include>
                    <label>$LOCALIZE[16003]</label>
                    <altlabel>$LOCALIZE[31977]</altlabel>
                    <usealttexture>Player.HasMedia</usealttexture>
                    <onclick>fullscreen</onclick>
                    <altclick>fullscreen</altclick>
                    <animation effect="fade" start="100" end="60" time="100" condition="!Player.HasMedia">Conditional</animation>
                </control>
            </control>
        </control>
        <include>MediaHeader</include>
        <control type="label" description="Heading">
            <visible>IsEmpty(Container.FolderName)</visible>
            <include>HeadingR</include>
            <label>1</label>
        </control>
    </controls>
</window>
