<?xml version="1.0" encoding="UTF-8" ?>
<window>
    <defaultcontrol>32</defaultcontrol>
    <onload>SetProperty(Window.HasSettings,True,home)</onload>
    <onload>ClearProperty(MediaMenu,Home)</onload>
    <onunload>ClearProperty(Window.HasSettings,Home)</onunload>
    <controls>
        <control type="group" id="50">
            <include>OpenClose</include>
            <include>MiniBackground</include>
            <include>EPGTimelineView</include>
            <!-- view id = 10 -->
            <include>LiveTVChannelView</include>
            <!-- view id = 11 -->
            <include>LiveRadioChannelView</include>
            <!-- view id = 12 -->
            <include>LiveTVRecordingsView</include>
            <!-- view id = 13 -->
            <include>LiveTVTimersView</include>
            <!-- view id = 14 -->
            <include>LiveTVGuideChannelView</include>
            <!-- view id = 15 -->
            <include>LiveTVGuideNowNextView</include>
            <!-- view id = 16 -->
            <include>LiveTVSearchView</include>
            <!-- view id = 17 -->
        </control>
        <control type="image">
            <posx>0</posx>
            <posy>0</posy>
            <width>1920</width>
            <height>1080</height>
            <texture>img/BlackDot.png</texture>
            <animation effect="fade" time="400">Visible</animation>
            <animation effect="fade" time="200">Hidden</animation>
            <visible>Window.IsActive(FileBrowser) | Window.IsActive(PVRGuideInfo) | Window.IsActive(PVRRecordingInfo) | Window.IsActive(PVRTimerSetting) | Window.IsActive(PVRGroupManager) | Window.IsActive(PVRGuideSearch)</visible>
        </control>
        <control type="group" description="Side menu 9000 group">
            <visible allowhiddenfocus="true">ControlGroup(9000).HasFocus()</visible>
            <include>DialogOpenCloseVisible</include>
			<control type="image" description="List back">
				<posx>645</posx>
				<posy>250</posy>
				<width>636</width>
				<height>585</height>
				<aspectratio>stretch</aspectratio>
				<texture border="136,127,128,139">aevolve/settings-bg.png</texture>
			</control>
            <control type="grouplist" id="9000">
                <posx>675</posx>
                <posy>279</posy>
                <width>576</width>
                <height>525</height>
                <itemgap>0</itemgap>
                <onleft>50</onleft>
                <onright>50</onright>
                <onup>9000</onup>
                <ondown>9000</ondown>
                <scrolltime>200</scrolltime>
                <orientation>vertical</orientation>
                <control type="button" id="32" description="TV Channels">
                    <include>9000Buttons</include>
                    <!-- <label>19023</label> -->
                    <label>$VAR[PVRChannelGroupButtonVar]</label>
                </control>
                <control type="button" id="33" description="Radio Channels">
                    <onleft>12</onleft>
                    <onright>12</onright>
                    <label>19024</label>
                    <include>9000Buttons</include>
                </control>
                <control type="button" id="31" description="TV Guide">
                    <include>9000Buttons</include>
                    <label>$LOCALIZE[19222]: $LOCALIZE[19030]</label>
                </control>
                <control type="button" id="34" description="Recordings">
                    <include>9000Buttons</include>
                    <label>19163</label>
                </control>
                <control type="button" id="35" description="Timers">
                    <include>9000Buttons</include>
                    <label>19040</label>
                </control>
                <control type="button" id="36" description="Search">
                    <include>9000Buttons</include>
                    <label>137</label>
                </control>
                <control type="togglebutton" id="699" description="Playing">
                    <enable>Player.HasMedia</enable>
                    <include>9000Buttons</include>
                    <label>$LOCALIZE[16003]</label>
                    <altlabel>$LOCALIZE[31977]</altlabel>
                    <usealttexture>Player.HasMedia</usealttexture>
                    <onclick>fullscreen</onclick>
                    <altclick>fullscreen</altclick>
                    <animation effect="fade" start="100" end="60" time="100" condition="!Player.HasMedia">Conditional</animation>
                </control>
            </control>
        </control>
        <control type="group">
            <control type="label" description="Clock other windows">
                <posx>33r</posx>
                <posy>3</posy>
                <width>195</width>
                <height>75</height>
                <align>right</align>
                <aligny>center</aligny>
                <font>size19</font>
                <textcolor>Grey</textcolor>
                <label>$INFO[System.Time]</label>
            </control>
        </control>
        <control type="grouplist">
            <visible>![Control.IsVisible(16) | Control.IsVisible(10) | Control.IsVisible(15) | Control.IsVisible(14) | Control.IsVisible(17)]</visible>
            <posx>960</posx>
            <posy>60</posy>
            <width>930</width>
            <height>75</height>
            <align>center</align>
            <aligny>bottom</aligny>
            <orientation>horizontal</orientation>
            <control type="label" id="7777" description="Heading">
                <width min="60" max="930">auto</width>
                <height>75</height>
                <font>title</font>
                <textcolor>White2</textcolor>
                <scroll>false</scroll>
                <label>$VAR[PVR_Headings]</label>
            </control>
            <control type="label" description="Number of files">
                <visible>!IsEmpty(Control.GetLabel(7777))</visible>
                <width min="60" max="120">auto</width>
                <height>81</height>
                <font>size17</font>
                <textcolor>White2</textcolor>
                <label>$INFO[Container.NumItems, (,)]</label>
            </control>
        </control>
        <control type="grouplist">
            <visible>Control.IsVisible(16) | Control.IsVisible(10) | Control.IsVisible(15) | Control.IsVisible(14) | Control.IsVisible(17)</visible>
            <posx>33</posx>
            <posy>0</posy>
            <width>1230</width>
            <height>75</height>
            <align>left</align>
            <aligny>bottom</aligny>
            <orientation>horizontal</orientation>
            <control type="label" id="7777" description="Heading">
                <width min="60" max="1080">auto</width>
                <height>75</height>
                <font>size28</font>
                <textcolor>White2</textcolor>
                <scroll>false</scroll>
                <label>$VAR[PVR_Headings]</label>
            </control>
            <control type="label" description="Number of files">
                <visible>!IsEmpty(Control.GetLabel(7777))</visible>
                <width min="60" max="120">auto</width>
                <height>81</height>
                <font>size17</font>
                <textcolor>Grey</textcolor>
                <label>$INFO[Container.NumItems, (,)]</label>
            </control>
        </control>
        <control type="group" description="Scroll letter">
            <visible>Container.Scrolling</visible>
            <animation effect="fade" start="0" end="100" time="50" delay="0" reversible="false">Visible</animation>
            <animation effect="fade" start="100" end="0" time="150" delay="300" reversible="false">Hidden</animation>
            <control type="image">
                <posx>1388</posx>
                <posy>975</posy>
                <width>81</width>
                <height>81</height>
                <texture border="12">img/SortLetterBG.png</texture>
            </control>
            <control type="label">
                <posx>1388</posx>
                <posy>975</posy>
                <width>81</width>
                <height>81</height>
                <align>center</align>
                <font>size25</font>
                <label>$INFO[ListItem.SortLetter]</label>
            </control>
        </control>
    </controls>
</window>
