<?xml version="1.0" encoding="UTF-8" ?>
<window>
    <defaultcontrol>50</defaultcontrol>
    <onload>SetProperty(Window.HasSettings,True,home)</onload>
    <onload>ClearProperty(MediaMenu,Home)</onload>
    <onunload>ClearProperty(Window.HasSettings,Home)</onunload>
    <allowoverlay>no</allowoverlay>
    <views>50</views>
    <controls>
        <include>AEVOLVEBackgroundSolid</include>
        <include>AEVOLVE-Menu-List2</include>
        <control type="group">
            <description>Channels group</description>
            <visible>Control.IsVisible(50)</visible>
            <include>VisibleFadeEffect</include>
            <top>128</top>
            <include>dialogeffect</include>
            <control type="list" id="50">
                <description>Right List Area</description>
                <right>12</right>
                <bottom>9</bottom>
                <posy>170</posy>
                <width>892</width>
                <height>775</height>
                <onleft>9000</onleft>
                <onright>70</onright>
                <onup>50</onup>
                <ondown>50</ondown>
                <viewtype label="535">list</viewtype>
                <pagecontrol>70</pagecontrol>
                <scrolltime tween="quadratic" easing="out">200</scrolltime>
                <itemlayout height="120" width="892">
                    <control type="image">
                        <left>0</left>
                        <top>42</top>
                        <width>892</width>
                        <height>82</height>
                        <texture>aevolve/separator6.png</texture>
                    </control>
                    <control type="label">
                        <left>30</left>
                        <width>120</width>
                        <height>120</height>
                        <font>font45caps_title</font>
                        <textcolor>grey2</textcolor>
                        <selectedcolor>selected</selectedcolor>
                        <info>ListItem.ChannelNumberLabel</info>
                    </control>
                    <control type="label">
                        <left>130</left>
                        <top>0</top>
                        <width>530</width>
                        <height>120</height>
                        <font>font30</font>
                        <textcolor>grey2</textcolor>
                        <selectedcolor>grey2</selectedcolor>
                        <align>left</align>
                        <aligny>center</aligny>
                        <label>$INFO[ListItem.Label]</label>
                    </control>
                    <control type="label">
                        <left>130</left>
                        <width>530</width>
                        <height>60</height>
                        <font>font15</font>
                        <textcolor>grey3</textcolor>
                        <selectedcolor>grey3</selectedcolor>
                        <align>left</align>
                        <aligny>center</aligny>
                        <label>$INFO[ListItem.Title]</label>
                    </control>
                    <control type="progress">
                        <description>Progressbar</description>
                        <left>5</left>
                        <top>102</top>
                        <width>112</width>
                        <height>8</height>
                        <colordiffuse>88FFFFFF</colordiffuse>
                        <visible>ListItem.HasEpg</visible>
                        <info>ListItem.Progress</info>
                        <texturebg border="2">osd/texturebg2.png</texturebg>
                    </control>
                    <control type="image">
                        <left>681</left>
                        <top>8</top>
                        <width>105</width>
                        <height>105</height>
                        <aspectratio>keep</aspectratio>
                        <texture background="true">$INFO[ListItem.Icon]</texture>
                        <fadetime>IconCrossfadeTime</fadetime>
                        <animation effect="slide" start="0" end="-20" time="100" tween="sine" easing="in" condition="ListItem.IsRecording">Conditional</animation>
                    </control>
                    <control type="label">
                        <left>708</left>
                        <top>45</top>
                        <width>120</width>
                        <height>30</height>
                        <font>IconSmall</font>
                        <textoffsetx>15</textoffsetx>
                        <textcolor>grey2</textcolor>
                        <align>right</align>
                        <selectedcolor>selected</selectedcolor>
                        <label>?</label>
                        <visible>ListItem.IsRecording</visible>
                    </control>
                </itemlayout>
                <focusedlayout height="120" width="900">
                    <control type="group">
                        <include>AEVOLVESliderLarge2</include>
                        <posx>-50</posx>
                    </control>
                    <control type="label">
                        <left>30</left>
                        <width>120</width>
                        <height>120</height>
                        <font>size20</font>
                        <selectedcolor>selected</selectedcolor>
                        <label>[B]$INFO[ListItem.ChannelNumber][/B]</label>
                    </control>
                    <control type="label">
                        <left>130</left>
                        <top>0</top>
                        <width>530</width>
                        <height>120</height>
                        <font>size20</font>
                        <selectedcolor>white</selectedcolor>
                        <align>left</align>
                        <aligny>center</aligny>
                        <label>$INFO[ListItem.Label]</label>
                        <animation effect="fade" start="100" end="70" time="300" tween="sine" easing="inout" condition="!Control.HasFocus(50)">Conditional</animation>
                    </control>
                    <control type="label">
                        <left>130</left>
                        <top>50</top>
                        <width>530</width>
                        <height>60</height>
                        <font>size20</font>
                        <selectedcolor>white</selectedcolor>
                        <align>left</align>
                        <aligny>center</aligny>
                        <label>$INFO[ListItem.Title]</label>
                        <animation effect="fade" start="100" end="30" time="300" tween="sine" easing="inout" condition="!Control.HasFocus(50)">Conditional</animation>
                    </control>
                    <control type="progress">
                        <description>Progressbar</description>
                        <left>5</left>
                        <top>102</top>
                        <width>112</width>
                        <height>8</height>
                        <colordiffuse>DDFFFFFF</colordiffuse>
                        <visible>ListItem.HasEpg</visible>
                        <info>ListItem.Progress</info>
                        <texturebg border="2">osd/texturebg2.png</texturebg>
                    </control>
                    <control type="label">
                        <left>708</left>
                        <top>45</top>
                        <width>120</width>
                        <height>30</height>
                        <font>IconSmall</font>
                        <textoffsetx>15</textoffsetx>
                        <align>right</align>
                        <selectedcolor>selected</selectedcolor>
                        <label>?</label>
                        <visible>ListItem.IsRecording</visible>
                    </control>
                </focusedlayout>
            </control>
            <control type="group" description="LeftVideo Preview Window">
                <left>50</left>
                <top>105</top>
                <control type="image">
                    <left>32</left>
                    <top>32</top>
                    <width>821</width>
                    <height>461</height>
                    <texture fallback="special://skin/backgrounds/fallback_movies.jpg">$INFO[Skin.String(Home_Custom_Back_TV_Folder)]</texture>
                    <include>VisibleFadeEffect</include>
                    <visible>!Player.HasVideo</visible>
                </control>
                <control type="image">
                    <left>31</left>
                    <top>32</top>
                    <width>822</width>
                    <height>461</height>
                    <texture>black.png</texture>
                    <include>VisibleFadeEffect</include>
                    <visible>Player.HasVideo</visible>
                </control>
                <control type="videowindow">
                    <left>31</left>
                    <top>32</top>
                    <width>822</width>
                    <height>461</height>
                    <visible>Player.HasVideo</visible>
                </control>
                <control type="image">
                    <description>separator image</description>
                    <left>32</left>
                    <top>434</top>
                    <width>821</width>
                    <height>60</height>
                    <texture border="1">aevolve/separator6.png</texture>
                </control>
            </control>
            <control type="group">
                <left>0</left>
                <top>494</top>
                <control type="label">
                    <left>0</left>
                    <top>15</top>
                    <width>821</width>
                    <height>30</height>
                    <align>left</align>
                    <font>font15</font>
                    <textcolor>grey2</textcolor>
                    <textoffsetx>15</textoffsetx>
                    <visible>Container(11).ListItem.HasEpg</visible>
                    <label>[COLOR labelheader]$INFO[Container(50).ListItem.StartTime]$INFO[Container(50).ListItem.EndTime, - ,: ][/COLOR]$INFO[Container(50).ListItem.Title]</label>
                </control>
                <control type="label">
                    <left>0</left>
                    <top>58</top>
                    <width>821</width>
                    <height>30</height>
                    <font>font15</font>
                    <textcolor>grey2</textcolor>
                    <textoffsetx>15</textoffsetx>
                    <visible>!IsEmpty(Container(50).ListItem.NextTitle)</visible>
                    <label>$INFO[Container(50).ListItem.NextTitle,[COLOR labelheader]$LOCALIZE[19031]:[/COLOR] ,]</label>
                </control>
                <control type="image">
                    <description>separator image</description>
                    <left>0</left>
                    <top>45</top>
                    <width>821</width>
                    <height>60</height>
                    <texture border="1">aevolve/separator6.png</texture>
                </control>
                <control type="textbox" id="80">
                    <label>$INFO[Container(50).ListItem.Plot]</label>
                    <left>15</left>
                    <top>124</top>
                    <width>791</width>
                    <height>234</height>
                    <font>font15_textbox</font>
                    <pagecontrol>62</pagecontrol>
                    <include>ShowCaseInfoPanelButtonsValues</include>
                    <autoscroll time="3000" delay="4000" repeat="5000">Skin.HasSetting(Enable.AutoScroll) + !Control.HasFocus(62)</autoscroll>
                </control>
            </control>
        </control>
        <control type="grouplist">
            <visible>Control.IsVisible(16) | Control.IsVisible(10) | Control.IsVisible(15) | Control.IsVisible(14) | Control.IsVisible(17)</visible>
            <posx>33</posx>
            <posy>0</posy>
            <width>1230</width>
            <height>75</height>
            <align>left</align>
            <aligny>bottom</aligny>
            <orientation>horizontal</orientation>
            <control type="label" id="7777" description="Heading">
                <width min="60" max="1080">auto</width>
                <height>75</height>
                <font>size28</font>
                <textcolor>White2</textcolor>
                <scroll>false</scroll>
                <label>$VAR[PVR_Headings]</label>
            </control>
            <control type="label" description="Number of files">
                <visible>!IsEmpty(Control.GetLabel(7777))</visible>
                <width min="60" max="120">auto</width>
                <height>81</height>
                <font>size17</font>
                <textcolor>Grey</textcolor>
                <label>$INFO[Container.NumItems, (,)]</label>
            </control>
        </control>
        <control type="group" description="Scroll letter">
            <visible>Container.Scrolling</visible>
            <animation effect="fade" start="0" end="100" time="50" delay="0" reversible="false">Visible</animation>
            <animation effect="fade" start="100" end="0" time="150" delay="300" reversible="false">Hidden</animation>
            <control type="image">
                <posx>1388</posx>
                <posy>975</posy>
                <width>81</width>
                <height>81</height>
                <texture border="12">img/SortLetterBG.png</texture>
            </control>
            <control type="label">
                <posx>1388</posx>
                <posy>975</posy>
                <width>81</width>
                <height>81</height>
                <align>center</align>
                <font>size25</font>
                <label>$INFO[ListItem.SortLetter]</label>
            </control>
        </control>

        <!-- Slider -->
        <control type="scrollbar" id="70">
            <bottom>0</bottom>
            <right>0</right>
            <height>780</height>
            <onleft>50</onleft>
            <onright>noop</onright>
        </control>
        <control type="group">
            <include>MediaHeader</include>
        </control>

        <!-- Popup List -->
        <control type="group" description="Side menu 9000 group">
            <visible allowhiddenfocus="true">ControlGroup(9000).HasFocus()</visible>
            <include>DialogOpenCloseVisible</include>
            <control type="image" description="List back">
                <posx>645</posx>
                <posy>250</posy>
                <width>636</width>
                <height>585</height>
                <aspectratio>stretch</aspectratio>
                <texture border="136,127,128,139">aevolve/settings-bg.png</texture>
            </control>
            <control type="grouplist" id="9000">
                <posx>675</posx>
                <posy>279</posy>
                <width>576</width>
                <height>525</height>
                <itemgap>0</itemgap>
                <onleft>50</onleft>
                <onright>50</onright>
                <onup>9000</onup>
                <ondown>9000</ondown>
                <scrolltime>200</scrolltime>
                <orientation>vertical</orientation>
                <control type="button" id="28" description="Group Channels">
                    <include>9000Buttons</include>
                    <label>$VAR[PVRChannelGroupButtonVar]</label>
                </control>
                <control type="button" id="33" description="Radio Channels">
                    <visible>Window.IsVisible(10615) + !Window.IsVisible(10620)</visible>
                    <onleft>12</onleft>
                    <onright>12</onright>
                    <label>19024</label>
                    <include>9000Buttons</include>
                    <onclick>ActivateWindow(RadioChannels)</onclick>
                </control>
                <control type="button" id="11" description="TV Channels">
                    <visible>!Window.IsVisible(10615) + Window.IsVisible(10620)</visible>
                    <onleft>12</onleft>
                    <onright>12</onright>
                    <label>TV Channels</label>
                    <include>9000Buttons</include>
                    <onclick>ActivateWindow(TVChannels)</onclick>
                </control>
                <control type="button" id="31" description="TV Guide">
                    <include>9000Buttons</include>
                    <label>$LOCALIZE[19222]: $LOCALIZE[19030]</label>
                </control>
                <!-- To be finished for KODI 14
                    <control type="button" id="34" description="Recordings">
                      <include>9000Buttons</include>
                      <label>19163</label>
                    </control>
                    <control type="button" id="35" description="Timers">
                      <include>9000Buttons</include>
                      <label>19040</label>
                    </control>
                    <control type="button" id="36" description="Search">
                      <include>9000Buttons</include>
                      <label>137</label>
                    </control>
                -->
                <control type="togglebutton" id="699" description="Playing">
                    <enable>Player.HasMedia</enable>
                    <include>9000Buttons</include>
                    <label>$LOCALIZE[16003]</label>
                    <altlabel>$LOCALIZE[31977]</altlabel>
                    <usealttexture>Player.HasMedia</usealttexture>
                    <onclick>fullscreen</onclick>
                    <altclick>fullscreen</altclick>
                    <animation effect="fade" start="100" end="60" time="100" condition="!Player.HasMedia">Conditional</animation>
                </control>
            </control>
        </control>
    </controls>
</window>
