<?xml version="1.0" encoding="UTF-8" ?>
<window>
    <defaultcontrol always="true">52</defaultcontrol>

    <views>52,50,51,54,501,53,56,58,59</views>
    <onload condition="System.HasAddon(script.tvtunes)">XBMC.RunScript(script.tvtunes,backend=True&amp;loop=False)</onload>
    <onload>SetProperty(Window.HasSettings,True,home)</onload>
    <onload>ClearProperty(MediaMenu,Home)</onload>
    <onunload>ClearProperty(Window.HasSettings,Home)</onunload>
    <controls>

        <control type="group">
            <!-- View 50 -->
            <include>BaseList</include>
            <!-- View 52 -->
            <include>LargeInfoList2</include>
            <!-- View 53 -->
            <include>GridView</include>
            <!-- View 55 
            <include>BannerWall</include>-->
            <!-- View 57 
            <include>FanArt1</include>-->
            <!-- View 59 -->
            <include>FanArt2</include>
            <!-- View 500 
            <include>FanArt3Alt</include>-->
            <!-- View 501 -->
            <include>BigIcons</include>
            <!-- View 502 
             <include>PanelView</include>-->
            <!-- View 510 
            <include>FanArt3</include>-->
        </control>


        <control type="group" description="Side menu 9000 group">
            <visible allowhiddenfocus="true">ControlGroup(9000).HasFocus()</visible>
            <include>DialogOpenCloseVisible</include>
			<control type="image" description="List back">
				<posx>645</posx>
				<posy>272</posy>
				<width>636</width>
				<height>700</height>
				<aspectratio>stretch</aspectratio>
				<texture border="136,127,128,139">aevolve/settings-bg.png</texture>
			</control>
            <control type="grouplist" id="9000">
                <include>9000GrouplistParameters</include>
                <control type="button" id="2" description="Views">
                    <texturenofocus>-</texturenofocus>
                    <include>9000Buttons</include>
                </control>
                <control type="togglebutton" id="14" description="Toggle Watched">
                    <include>9000Buttons</include>
                    <label>$LOCALIZE[535]: $LOCALIZE[16100]</label>
                    <altlabel>$LOCALIZE[535]: $LOCALIZE[16101]</altlabel>
                </control>
                <control type="button" id="3" description="Sort">
                    <include>9000Buttons</include>
                </control>
                <control type="togglebutton" id="4" description="Ordering">
                    <include>9000Buttons</include>
                    <label>$LOCALIZE[21429]: $LOCALIZE[21430]</label>
                    <altlabel>$LOCALIZE[21429]: $LOCALIZE[21431]</altlabel>
                </control>
                <control type="togglebutton" id="20" description="Update library">
                    <include>9000Buttons</include>
                    <label>653</label>
                    <altlabel>13353</altlabel>
                    <usealttexture>library.isscanningmusic</usealttexture>
                </control>
                <control type="button" id="697" description="Playlist">
                    <include>9000Buttons</include>
                    <label>$LOCALIZE[31040]</label>
                    <onclick>ActivateWindow(videoplaylist)</onclick>
                </control>
                <control type="button" id="698" description="Browse files">
                    <include>9000Buttons</include>
                    <label>$LOCALIZE[1024] $LOCALIZE[744]</label>
                    <onclick>ActivateWindow(Videos,files)</onclick>
                </control>
                <control type="togglebutton" id="699" description="Playing">
                    <enable>Player.HasMedia</enable>
                    <include>9000Buttons</include>
                    <label>$LOCALIZE[16003]</label>
                    <altlabel>$LOCALIZE[31977]</altlabel>
                    <usealttexture>Player.HasMedia</usealttexture>
                    <onclick>fullscreen</onclick>
                    <altclick>fullscreen</altclick>
                    <animation effect="fade" start="100" end="60" time="100" condition="!Player.HasMedia">Conditional</animation>
                </control>
            </control>
        </control>
        <control type="group">
            <include>MediaHeader</include>
            <control type="label" description="Heading">
                <visible>IsEmpty(Container.FolderName)</visible>
                <include>HeadingR</include>
                <label>3</label>
            </control>
        </control>
    </controls>
</window>
