<?xml version="1.0" encoding="UTF-8" ?>
<window>
    <defaultcontrol always="true">50</defaultcontrol>

    <controls>
        <include>AEVOLVECommonBackground</include>
        <include>ListBackground</include>
        <control type="group">
            <posx>0</posx>
            <posy>0</posy>
            <control type="group" description="Infolist">
                <visible>Control.IsVisible(50)</visible>
                <control type="group" description="Thumbs no info">
                    <posy>240</posy>
                    <animation effect="fade" time="400">Visible</animation>
                    <animation effect="fade" time="0">Hidden</animation>
                    <control type="image" description="Thumb Reflection">
                        <posx>180</posx>
                        <posy>720</posy>
                        <width>621</width>
                        <height>720</height>
                        <include>Icon_Fade</include>
                        <texture background="true" diffuse="img/Reflection0Long.png" flipy="true">$INFO[ListItem.Thumb]</texture>
                        <aspectratio aligny="top">keep</aspectratio>
                    </control>
                    <control type="image" description="Thumb">
                        <posx>180</posx>
                        <posy>0</posy>
                        <width>621</width>
                        <height>720</height>
                        <include>Icon_Fade</include>
                        <texture background="true">$INFO[ListItem.Icon]</texture>
                        <aspectratio aligny="bottom">keep</aspectratio>
                    </control>
                    <control type="image" description="Thumb">
                        <posx>180</posx>
                        <posy>0</posy>
                        <width>621</width>
                        <height>720</height>
                        <include>Icon_Fade</include>
                        <bordertexture border="3">img/CoverOverlay0.png</bordertexture>
                        <texture diffuse="img/DiffuseE.png" background="true">$INFO[ListItem.Thumb]</texture>
                        <aspectratio aligny="bottom">keep</aspectratio>
                    </control>
                </control>



                <control type="group" description="Slider and List">
                    <include>SlimListItemCount</include>
                    <posx>1020</posx>
                    <posy>300</posy>
                    <include>SlimListSlider</include>
                    <control type="fixedlist" id="50">
                        <posx>0</posx>
                        <posy>0</posy>
                        <width>802</width>
                        <height>720</height>
                        <onleft condition="!Skin.HasSetting(ViewOptions_Hide)">9000</onleft>
                        <onleft condition="Skin.HasSetting(Scrollbars_Active)">50</onleft>
                        <onright condition="Skin.HasSetting(Scrollbars_Active)">60</onright>
                        <onright condition="![Skin.HasSetting(Scrollbars_Active) | Skin.HasSeting(ViewOptions_Hide)]">9000</onright>
                        <onup>50</onup>
                        <ondown>50</ondown>
                        <pagecontrol>60</pagecontrol>
                        <viewtype label="50_">50_List</viewtype>
                        <focusposition>5</focusposition>
                        <movement>5</movement>
                        <preloaditems>4</preloaditems>
                        <scrolltime tween="sine" easing="inout">280</scrolltime>
                        <itemlayout width="802" height="81">
                            <include>ArrowNF</include>
                            <control type="label" description="Main Label">
                                <width max="720">auto</width>
                                <include>52MainLabel</include>
                                <label>$INFO[ListItem.Label]</label>
                            </control>
                            <control type="label" description="Label2">
                                <visible>!ListItem.IsFolder</visible>
                                <posx>45r</posx>
                                <posy>0</posy>
                                <height>81</height>
                                <width>300</width>
                                <align>right</align>
                                <font>size18</font>
                                <scroll>false</scroll>
                                <textcolor>White2</textcolor>
                                <label>$INFO[ListItem.Label2]</label>
                            </control>
                        </itemlayout>
                        <focusedlayout width="802" height="81">
                            <include>ArrowFO</include>
                            <control type="label" description="Main Label">
                                <width max="720">auto</width>
                                <include>52MainLabelFO</include>
                                <label>$INFO[ListItem.Label]</label>
                            </control>
                            <control type="label" description="Label2">
                                <visible>!ListItem.IsFolder</visible>
                                <animation effect="fade" time="300" start="50" end="100" delay="100">Focus</animation>
                                <posx>45r</posx>
                                <posy>0</posy>
                                <height>81</height>
                                <width>300</width>
                                <align>right</align>
                                <font>size18</font>
                                <textcolor>White2</textcolor>
                                <label>$INFO[ListItem.Label2]</label>
                            </control>
                        </focusedlayout>
                    </control>
                </control>
                <control type="scrollbar" id="60">
                    <posx>10r</posx>
                    <posy>300</posy>
                    <height>860</height>
                    <onleft>52</onleft>
                    <onright>noop</onright>
                </control>
            </control>
            <control type="group" description="Side menu 9000 group">
                <visible allowhiddenfocus="true">ControlGroup(9000).HasFocus()</visible>
                <include>DialogOpenCloseVisible</include>
                <control type="image" description="List back">
                    <posx>459</posx>
                    <posy>168</posy>
                    <width>1002</width>
                    <height>762</height>
                    <aspectratio>stretch</aspectratio>
                    <texture border="136,127,128,139">img/Dialog.png</texture>
                </control>
                <control type="grouplist" id="9000">
                    <include>9000GrouplistParameters</include>
                    <control type="radiobutton" id="20" description="Shuffle">
                        <radioposx>630</radioposx>
                        <include>9000Buttons</include>
                        <label>191</label>
                    </control>
                    <control type="button" id="21" description="Save">
                        <include>9000Buttons</include>
                        <label>190</label>
                    </control>
                    <control type="button" id="22" description="Clear">
                        <include>9000Buttons</include>
                        <label>192</label>
                    </control>
                    <control type="button" id="23" description="Play">
                        <include>9000Buttons</include>
                        <label>208</label>
                    </control>
                    <control type="button" id="26" description="Repeat">
                        <include>9000Buttons</include>
                        <label>-</label>
                    </control>
                </control>
            </control>
        </control>
        <include>MediaHeader</include>
    </controls>
</window>
