<?xml version="1.0" encoding="UTF-8" ?>
<window>
    <defaultcontrol always="true">50</defaultcontrol>
    <onload>SetProperty(Window.HasSettings,True,home)</onload>
    <onload>ClearProperty(MediaMenu,Home)</onload>
    <onunload>ClearProperty(Window.HasSettings,Home)</onunload>
    <include>OpenClose</include>
    <controls>
        <include>WeatherBackground</include>
        <control type="image" description="weather">
            <posx>0</posx>
            <posy>0</posy>
            <width>1920</width>
            <height>1080</height>
            <texture>img/Vignette_57.png</texture>
            <animation condition="true" effect="fade" start="100" end="88" time="0" reversible="false">Conditional</animation>
        </control>
        <include>Header</include>
        <control type="group" description="Bottom NAV">
            <posy>0</posy>
            <posx>0</posx>
            <control type="image">
                <posx>0</posx>
                <posy>990</posy>
                <width>1920</width>
                <height>90</height>
                <aspectratio>stretch</aspectratio>
                <texture>OSD/OSDBackground2.png</texture>
            </control>
            <control type="image">
                <posx>60</posx>
                <posy>1034</posy>
                <width>21</width>
                <height>21</height>
                <texture>icons/reload24.png</texture>
            </control>
            <control type="label" id="11" description="Time of last update">
                <posx>-105</posx>
                <posy>1020</posy>
                <width>675</width>
                <height>45</height>
                <label>-</label>
                <align>center</align>
                <font>size17</font>
                <textcolor>Silver</textcolor>
            </control>
            <control type="label" description="Location">
                <posx>1860</posx>
                <posy>1017</posy>
                <width>675</width>
                <height>45</height>
                <label>$INFO[Control.GetLabel(3)]</label>
                <align>right</align>
                <font>size17</font>
                <textcolor>Silver</textcolor>
            </control>
            <control type="group" id="50">
                <visible>!StringCompare(Weather.Plugin,weather.weatherplus)</visible>
                <onright>61</onright>
                <onleft>9000</onleft>
                <onup>51</onup>
                <ondown>51</ondown>
                <control type="button" id="2" description="Refresh">
                    <posx>810</posx>
                    <posy>75r</posy>
                    <onright>9000</onright>
                    <onleft>9000</onleft>
                    <width>300</width>
                    <font>size22</font>
                    <label>-</label>
                </control>
            </control>
        </control>
        <control type="group" id="51">
            <visible>!StringCompare(Weather.Plugin,weather.weatherplus)</visible>
            <control type="group" description="Left panel">
                <posx>-30</posx>
                <posy>135</posy>
                <control type="image" id="35" description="Current weather icon">
                    <posx>150</posx>
                    <posy>330</posy>
                    <height>192</height>
                    <width>192</width>
                    <texture>-</texture>
                </control>
                <control type="label" description="Temp value">
                    <posx>480</posx>
                    <posy>420</posy>
                    <width>450</width>
                    <font>size28B</font>
                    <shadowcolor>Black</shadowcolor>
                    <height>30</height>
                    <label>$INFO[Window.Property(Current.Temperature)]$INFO[System.TemperatureUnits]</label>
                </control>
                <control type="label" id="224" description="Feels like label">
                    <posx>450</posx>
                    <posy>550</posy>
                    <width>450</width>
                    <height>30</height>
                    <align>right</align>
                    <label>-</label>
                    <textcolor>ddC6C6C8</textcolor>
                </control>
                <control type="label" description="Current feels like value">
                    <posx>476</posx>
                    <posy>550</posy>
                    <width>450</width>
                    <height>30</height>
                    <label>$INFO[Window.Property(Current.FeelsLike)]</label>
                </control>
                <control type="label" id="227" description="Current dew label">
                    <posx>450</posx>
                    <posy>610</posy>
                    <width>450</width>
                    <height>30</height>
                    <align>right</align>
                    <label>-</label>
                    <textcolor>ddC6C6C8</textcolor>
                </control>
                <control type="label" description="Current dew value">
                    <posx>476</posx>
                    <posy>610</posy>
                    <width>450</width>
                    <height>30</height>
                    <label>$INFO[Window.Property(Current.DewPoint)]</label>
                </control>
                <control type="label" id="228" description="Current humidity label">
                    <posx>450</posx>
                    <posy>670</posy>
                    <width>450</width>
                    <height>30</height>
                    <align>right</align>
                    <label>-</label>
                    <textcolor>ddC6C6C8</textcolor>
                </control>
                <control type="label" description="Current humidity value">
                    <posx>476</posx>
                    <posy>670</posy>
                    <width>450</width>
                    <height>30</height>
                    <label>$INFO[Window.Property(Current.Humidity)]</label>
                </control>
                <control type="label" id="225" description="Current uv label">
                    <posx>450</posx>
                    <posy>730</posy>
                    <width>450</width>
                    <height>30</height>
                    <align>right</align>
                    <label>-</label>
                    <textcolor>ddC6C6C8</textcolor>
                </control>
                <control type="label" description="Current uv value">
                    <posx>476</posx>
                    <posy>730</posy>
                    <width>450</width>
                    <height>30</height>
                    <label>$INFO[Window.Property(Current.UVIndex)]</label>
                </control>
                <control type="label" id="226" description="Current wind label">
                    <posx>450</posx>
                    <posy>790</posy>
                    <width>450</width>
                    <height>30</height>
                    <align>right</align>
                    <label>-</label>
                    <textcolor>ddC6C6C8</textcolor>
                </control>
                <control type="label" description="Current wind value">
                    <posx>476</posx>
                    <posy>790</posy>
                    <width>510</width>
                    <height>30</height>
                    <label>$INFO[Window.Property(Current.Wind)]</label>
                </control>
            </control>
            <control type="group" description="Days panel">
                <posx>1080</posx>
                <posy>390</posy>
                <control type="group" description="DAY0">
                    <control type="label" description="Day 0 label">
                        <posy>52</posy>
                        <height>45</height>
                        <width>270</width>
                        <font>size26B</font>
                        <shadowcolor>Black</shadowcolor>
                        <label>33006</label>
                    </control>
                    <control type="label" description="Values">
                        <posx>450</posx>
                        <posy>52</posy>
                        <height>45</height>
                        <width>150</width>
                        <align>right</align>
                        <height>30</height>
                        <font>size24B</font>
                        <textcolor>Silver</textcolor>
                        <label>$INFO[Window.Property(Day0.LowTemp)] / $INFO[Window.Property(Day0.HighTemp)]</label>
                    </control>
                    <control type="label" description="Conditions 0">
                        <posy>105</posy>
                        <height>45</height>
                        <width>500</width>
                        <info>Window.Property(Day0.Outlook)</info>
                        <textcolor>Silver</textcolor>
                        <font>size18</font>
                    </control>
                    <control type="image" description="Day 0 icon">
                        <posx>600</posx>
                        <posy>51</posy>
                        <height>105</height>
                        <width>105</width>
                        <info>Window.Property(Day0.OutlookIcon)</info>
                        <aspectratio align="center">keep</aspectratio>
                    </control>
                </control>
                <control type="group" description="DAY1">
                    <posy>142</posy>
                    <control type="label" description="Day 1 label">
                        <posy>52</posy>
                        <height>45</height>
                        <width>270</width>
                        <font>size26B</font>
                        <shadowcolor>Black</shadowcolor>
                        <label>33007</label>
                    </control>
                    <control type="label" description="Values">
                        <posx>450</posx>
                        <posy>52</posy>
                        <height>45</height>
                        <width>150</width>
                        <align>right</align>
                        <height>30</height>
                        <font>size24B</font>
                        <textcolor>Silver</textcolor>
                        <label>$INFO[Window.Property(Day1.LowTemp)] / $INFO[Window.Property(Day1.HighTemp)]</label>
                    </control>
                    <control type="label" description="Conditions 1">
                        <posy>105</posy>
                        <height>45</height>
                        <width>500</width>
                        <info>Window.Property(Day1.Outlook)</info>
                        <textcolor>Silver</textcolor>
                        <font>size18</font>
                    </control>
                    <control type="image" description="Day 1 icon">
                        <posx>600</posx>
                        <posy>51</posy>
                        <height>105</height>
                        <width>105</width>
                        <info>Window.Property(Day1.OutlookIcon)</info>
                        <aspectratio align="center">keep</aspectratio>
                    </control>
                </control>
                <control type="group" description="DAY3">
                    <posy>285</posy>
                    <control type="label" description="Day 3 label">
                        <posy>52</posy>
                        <height>45</height>
                        <width>270</width>
                        <font>size26B</font>
                        <shadowcolor>Black</shadowcolor>
                        <label>$INFO[Window.Property(Day2.Title)]</label>
                    </control>
                    <control type="label" description="Values">
                        <posx>450</posx>
                        <posy>52</posy>
                        <height>45</height>
                        <width>150</width>
                        <align>right</align>
                        <height>30</height>
                        <font>size24B</font>
                        <textcolor>Silver</textcolor>
                        <label>$INFO[Window.Property(Day2.LowTemp)] / $INFO[Window.Property(Day2.HighTemp)]</label>
                    </control>
                    <control type="label" description="Conditions 1">
                        <posy>105</posy>
                        <height>45</height>
                        <width>500</width>
                        <info>Window.Property(Day2.Outlook)</info>
                        <textcolor>Silver</textcolor>
                        <font>size18</font>
                    </control>
                    <control type="image" description="Day 1 icon">
                        <posx>600</posx>
                        <posy>51</posy>
                        <height>105</height>
                        <width>105</width>
                        <info>Window.Property(Day2.OutlookIcon)</info>
                        <aspectratio align="center">keep</aspectratio>
                    </control>
                </control>
                <control type="group" description="DAY3">
                    <posy>412</posy>
                    <control type="label" description="Day 3 label">
                        <posy>52</posy>
                        <height>45</height>
                        <width>270</width>
                        <font>size26B</font>
                        <shadowcolor>Black</shadowcolor>
                        <label>$INFO[Window.Property(Day3.Title)]</label>
                    </control>
                    <control type="label" description="Values">
                        <posx>450</posx>
                        <posy>52</posy>
                        <height>45</height>
                        <width>150</width>
                        <align>right</align>
                        <height>30</height>
                        <font>size24B</font>
                        <textcolor>Silver</textcolor>
                        <label>$INFO[Window.Property(Day3.LowTemp)] / $INFO[Window.Property(Day3.HighTemp)]</label>
                    </control>
                    <control type="label" description="Conditions 3">
                        <posy>105</posy>
                        <height>45</height>
                        <width>500</width>
                        <info>Window.Property(Day3.Outlook)</info>
                        <textcolor>Silver</textcolor>
                        <font>size18</font>
                    </control>
                    <control type="image" description="Day 3 icon">
                        <posx>600</posx>
                        <posy>51</posy>
                        <height>105</height>
                        <width>105</width>
                        <info>Window.Property(Day3.OutlookIcon)</info>
                        <aspectratio align="center">keep</aspectratio>
                    </control>
                </control>
            </control>
        </control>
        <control type="group" id="51">
            <include condition="StringCompare(Weather.Plugin,weather.weatherplus)">Weather+10DayForcast</include>
            <include condition="StringCompare(Weather.Plugin,weather.weatherplus)">Weather+36HourForcast</include>
            <include condition="StringCompare(Weather.Plugin,weather.weatherplus)">Weather+WeekendForcast</include>
            <include condition="StringCompare(Weather.Plugin,weather.weatherplus)">Weather+HourlyForcast</include>
            <include condition="StringCompare(Weather.Plugin,weather.weatherplus)">Weather+MapsVideo</include>
        </control>
        <control type="group" description="9000">
            <visible>!Skin.HasSetting(ViewOptions_Hide)</visible>
            <visible allowhiddenfocus="true">ControlGroup(9000).HasFocus()</visible>
            <include>DialogOpenCloseVisible</include>
            <control type="image" description="List back">
                <posx>363</posx>
                <posy>36</posy>
                <width>1182</width>
                <height>1023</height>
                <aspectratio>stretch</aspectratio>
                <texture border="136,127,128,139">img/Dialog.png</texture>
            </control>
            <control type="grouplist" id="9000">
                <posx>600</posx>
                <posy>216</posy>
                <width>720</width>
                <height>720</height>
                <itemgap>-84</itemgap>
                <onleft>50</onleft>
                <onright>50</onright>
                <onup>9000</onup>
                <ondown>9000</ondown>
                <scrolltime>200</scrolltime>
                <orientation>vertical</orientation>
                <control type="spincontrolex" id="3" description="Location">
                    <width>720</width>
                    <textoffsetx>60</textoffsetx>
                    <height>162</height>
                    <!--<align>right</align>
          <aligny>center</aligny>-->
                    <font>size24</font>
                    <disabledcolor>Grey</disabledcolor>
                    <texturenofocus>-</texturenofocus>
                    <alttexturenofocus>-</alttexturenofocus>
                    <texturefocus border="110,0,110,0">img/Slider4.png</texturefocus>
                    <alttexturefocus border="110,0,110,0">img/Slider4.png</alttexturefocus>
                    <label>-</label>
                </control>
                <control type="button" id="302">
                    <description>10 day forcast button</description>
                    <textwidth>352</textwidth>
                    <include>9000Buttons</include>
                    <label>31904</label>
                    <onclick>ClearProperty(Weather.CurrentView)</onclick>
                    <visible>StringCompare(Weather.Plugin,weather.weatherplus)</visible>
                </control>
                <control type="button" id="303">
                    <description>36 hour forcast button</description>
                    <textwidth>352</textwidth>
                    <include>9000Buttons</include>
                    <label>31901</label>
                    <onclick>SetProperty(Weather.CurrentView,36hour)</onclick>
                    <visible>StringCompare(Weather.Plugin,weather.weatherplus)</visible>
                </control>
                <control type="button" id="304">
                    <description>Weekend forcast button</description>
                    <textwidth>352</textwidth>
                    <include>9000Buttons</include>
                    <label>31903</label>
                    <onclick>SetProperty(Weather.CurrentView,weekend)</onclick>
                    <visible>StringCompare(Weather.Plugin,weather.weatherplus)</visible>
                </control>
                <control type="button" id="305">
                    <description>Hourly forcast button</description>
                    <textwidth>352</textwidth>
                    <include>9000Buttons</include>
                    <label>31902</label>
                    <onclick>SetProperty(Weather.CurrentView,hourly)</onclick>
                    <visible>StringCompare(Weather.Plugin,weather.weatherplus)</visible>
                </control>
                <control type="button" id="306">
                    <description>Hourly forcast button</description>
                    <textwidth>352</textwidth>
                    <include>9000Buttons</include>
                    <label>31906</label>
                    <onclick>SetProperty(Weather.CurrentView,maps)</onclick>
                    <visible>StringCompare(Weather.Plugin,weather.weatherplus)</visible>
                </control>
                <control type="button" id="2" description="Refresh">
                    <visible>StringCompare(Weather.Plugin,weather.weatherplus)</visible>
                    <include>9000Buttons</include>
                    <label>-</label>
                </control>
            </control>
        </control>
        <control type="group">
            <visible>StringCompare(Weather.Plugin,weather.weatherplus)</visible>
            <control type="label" description="Footer label">
                <posx>480</posx>
                <posy>1026</posy>
                <width>900</width>
                <height>30</height>
                <textcolor>Silver</textcolor>
                <font>size22</font>
                <align>center</align>
                <aligny>center</aligny>
                <label>$VAR[WeatherFooter]</label>
            </control>
            <control type="scrollbar" id="60">
                <visible>Control.IsVisible(50)</visible>
                <posx>60r</posx>
                <posy>432</posy>
                <height>552</height>
                <onleft>50</onleft>
                <onright>noop</onright>
                <showonepage>false</showonepage>
                <orientation>vertical</orientation>
            </control>
        </control>
    </controls>
</window>
