<?xml version="1.0" encoding="UTF-8" ?>
<window>

    <controls>
        <control type="image" id="1">
            <description>Pointer</description>
            <width>45</width>
            <height>45</height>
            <texture>pointer/PointerNF.png</texture>
        </control>
        <control type="image" id="2">
            <description>Pointer Focus</description>
            <width>45</width>
            <height>45</height>
            <texture>pointer/PointerFo.png</texture>
        </control>
        <control type="image" id="3">
            <description>Pointer Drag</description>
            <width>45</width>
            <height>45</height>
            <texture>pointer/PointerDrag.png</texture>
        </control>
        <control type="image" id="4">
            <description>pointer_click</description>
            <width>45</width>
            <height>45</height>
            <texture>pointer/PointerClick.png</texture>
        </control>
    </controls>
</window>
