<?xml version="1.0" encoding="UTF-8" ?>
<window type="dialog">
    <defaultcontrol always="true">5</defaultcontrol>

    <include>OpenClose</include>
    <controls>
        <include>MiniBackground</include>
        <include>AEVOLVE-Menu-List2</include>
        <control type="label" id="1000" description="Profile Name">
            <include>HeadingR</include>
        </control>
        <control type="image" id="2" description="Profile image">
            <posx>270</posx>
            <posy>338</posy>
            <width>450</width>
            <height>450</height>
            <texture>unknown-user.png</texture>
            <aspectratio>scale</aspectratio>
        </control>
        <control type="label" id="1001" description="Profile Directory">
            <posx>1045</posx>
            <posy>200</posy>
            <width>810</width>
            <align>center</align>
            <font>size18</font>
        </control>
        <control type="group">
            <posx>1020</posx>
            <posy>341</posy>
            <control type="grouplist" id="5">
                <description>Control Area</description>
                <posx>0</posx>
                <posy>0</posy>
                <width>888</width>
                <height>810</height>
                <itemgap>0</itemgap>
                <aligny>top</aligny>
                <orientation>vertical</orientation>
                <onleft>noop</onleft>
                <onright>noop</onright>
                <onup>29</onup>
                <ondown>28</ondown>
            </control>
            <control type="button" id="7">
                <height>81</height>
                <align>left</align>
                <texturefocus>aevolve/AEVOLVE-List-Slider.png</texturefocus>
            </control>
            <control type="radiobutton" id="8">
                <height>81</height>
                <align>left</align>
                <texturefocus>aevolve/AEVOLVE-List-Slider.png</texturefocus>
            </control>
            <control type="spincontrolex" id="9">
                <height>81</height>
                <align>left</align>
                <texturefocus>aevolve/AEVOLVE-List-Slider.png</texturefocus>
            </control>
            <control type="image" description="Line split">
                <posx>0</posx>
                <posy>612</posy>
                <width>802</width>
                <height>1</height>
                <texture>img/Line.png</texture>
                <aspectratio>stretch</aspectratio>
            </control>
            <control type="button" id="28" description="OK">
                <posx>45</posx>
                <posy>631</posy>
                <width>352</width>
                <label>186</label>
                <onleft>noop</onleft>
                <onright>29</onright>
                <onup>5</onup>
                <ondown>29</ondown>
                <texturefocus>aevolve/AEVOLVE-List-Slider.png</texturefocus>
            </control>
            <control type="button" id="29" description="Cancel">
                <posx>495</posx>
                <posy>631</posy>
                <width>352</width>
                <label>222</label>
                <onleft>28</onleft>
                <onright>noop</onright>
                <onup>28</onup>
                <ondown>5</ondown>
                <texturefocus>aevolve/AEVOLVE-List-Slider.png</texturefocus>
            </control>
        </control>
    </controls>
</window>
