<?xml version='1.0' encoding='UTF-8' ?>
<includes>
    <include name="skinshortcuts-mainmenu">
        <item id="1">
            <onclick>ActivateWindow(Weather)</onclick>
            <label>Weather</label>
            <label2>Common Shortcut</label2>
            <icon>DefaultShortcut.png</icon>
            <thumb />
            <property name="labelID">weather</property>
            <property name="group">mainmenu</property>
            <property name="submenuVisibility">weather</property>
            <visible>StringCompare(System.ProfileName,Master user)</visible>
            <visible>!IsEmpty(Weather.Plugin)</visible>
        </item>
        <item id="2">
            <onclick>ActivateWindow(Pictures)</onclick>
            <label>Pictures</label>
            <label2>Common Shortcut</label2>
            <icon>DefaultPicture.png</icon>
            <thumb />
            <property name="labelID">pictures</property>
            <property name="group">mainmenu</property>
            <property name="submenuVisibility">pictures</property>
            <visible>StringCompare(System.ProfileName,Master user)</visible>
            <property name="hasSubmenu">True</property>
        </item>
        <item id="3">
            <onclick>ActivateWindowAndFocus(MyPVR,34,0 ,13,0)</onclick>
            <label>PVR</label>
            <label2>Common Shortcut</label2>
            <icon>DefaultTVShows.png</icon>
            <thumb />
            <property name="labelID">livetv</property>
            <property name="group">mainmenu</property>
            <property name="submenuVisibility">livetv</property>
            <visible>StringCompare(System.ProfileName,Master user)</visible>
            <visible>System.GetBool(pvrmanager.enabled)</visible>
            <property name="hasSubmenu">True</property>
        </item>
        <item id="4">
            <onclick>ActivateWindow(Videos)</onclick>
            <label>Videos</label>
            <label2>Common Shortcut</label2>
            <icon>DefaultVideo.png</icon>
            <thumb />
            <property name="labelID">videos</property>
            <property name="group">mainmenu</property>
            <property name="submenuVisibility">videos</property>
            <visible>StringCompare(System.ProfileName,Master user)</visible>
            <property name="hasSubmenu">True</property>
        </item>
        <item id="5">
            <onclick>ActivateWindow(Videos,MovieTitles,return)</onclick>
            <label>Movies</label>
            <label2>Common Shortcut</label2>
            <icon>DefaultMovies.png</icon>
            <thumb />
            <property name="labelID">movies</property>
            <property name="group">mainmenu</property>
            <property name="submenuVisibility">movies</property>
            <visible>StringCompare(System.ProfileName,Master user)</visible>
            <property name="hasSubmenu">True</property>
        </item>
        <item id="6">
            <onclick>ActivateWindow(Videos,TVShowTitles,return)</onclick>
            <label>TV shows</label>
            <label2>Common Shortcut</label2>
            <icon>DefaultTVShows.png</icon>
            <thumb />
            <property name="labelID">tvshows</property>
            <property name="group">mainmenu</property>
            <property name="submenuVisibility">tvshows</property>
            <visible>StringCompare(System.ProfileName,Master user)</visible>
            <property name="hasSubmenu">True</property>
        </item>
        <item id="7">
            <onclick>ActivateWindow(Music)</onclick>
            <label>Music</label>
            <label2>Common Shortcut</label2>
            <icon>DefaultMusicAlbums.png</icon>
            <thumb />
            <property name="labelID">music</property>
            <property name="group">mainmenu</property>
            <property name="submenuVisibility">music</property>
            <visible>StringCompare(System.ProfileName,Master user)</visible>
            <property name="hasSubmenu">True</property>
        </item>
        <item id="8">
            <onclick>ActivateWindow(Programs,Addons,return)</onclick>
            <label>Programs</label>
            <label2>Common Shortcut</label2>
            <icon>DefaultShortcut.png</icon>
            <thumb />
            <property name="labelID">programs</property>
            <property name="group">mainmenu</property>
            <property name="submenuVisibility">programs</property>
            <visible>StringCompare(System.ProfileName,Master user)</visible>
        </item>
        <item id="9">
            <onclick>XBMC.PlayDVD()</onclick>
            <label>Play DVD</label>
            <label2>Common Shortcut</label2>
            <icon>DefaultShortcut.png</icon>
            <thumb />
            <property name="labelID">dvd</property>
            <property name="group">mainmenu</property>
            <property name="submenuVisibility">dvd</property>
            <visible>StringCompare(System.ProfileName,Master user)</visible>
            <visible>System.HasMediaDVD</visible>
            <property name="hasSubmenu">True</property>
        </item>
        <item id="10">
            <onclick>ActivateWindow(Settings)</onclick>
            <label>Settings</label>
            <label2>Common Shortcut</label2>
            <icon>DefaultShortcut.png</icon>
            <thumb />
            <property name="labelID">settings</property>
            <property name="group">mainmenu</property>
            <property name="submenuVisibility">settings</property>
            <visible>StringCompare(System.ProfileName,Master user)</visible>
            <property name="hasSubmenu">True</property>
        </item>
    </include>
    <include />
    <include name="skinshortcuts-submenu">
        <item id="1">
            <onclick>ActivateWindow(Pictures,Addons,return)</onclick>
            <label>Picture Add-ons</label>
            <label2>Pictures</label2>
            <icon>DefaultAddonPicture.png</icon>
            <thumb />
            <property name="labelID">1039</property>
            <property name="group">pictures</property>
            <visible>StringCompare(System.ProfileName,Master user) + [StringCompare(Container(9110).ListItem.Property(submenuVisibility),pictures)]</visible>
            <property name="isSubmenu">True</property>
        </item>
        <item id="1">
            <onclick>ActivateWindowAndFocus(MyPVR,32,0 ,11,0)</onclick>
            <label>TV channels</label>
            <label2>PVR</label2>
            <icon>DefaultTVShows.png</icon>
            <thumb />
            <property name="labelID">19023</property>
            <property name="group">livetv</property>
            <visible>StringCompare(System.ProfileName,Master user) + [StringCompare(Container(9110).ListItem.Property(submenuVisibility),livetv)]</visible>
            <property name="isSubmenu">True</property>
            <visible>System.GetBool(pvrmanager.enabled)</visible>
        </item>
        <item id="2">
            <onclick>ActivateWindowAndFocus(MyPVR,33,0 ,12,0)</onclick>
            <label>Radio channels</label>
            <label2>PVR</label2>
            <icon>DefaultTVShows.png</icon>
            <thumb />
            <property name="labelID">19024</property>
            <property name="group">livetv</property>
            <visible>StringCompare(System.ProfileName,Master user) + [StringCompare(Container(9110).ListItem.Property(submenuVisibility),livetv)]</visible>
            <property name="isSubmenu">True</property>
            <visible>System.GetBool(pvrmanager.enabled)</visible>
        </item>
        <item id="3">
            <onclick>ActivateWindowAndFocus(MyPVR,31,0 ,10,0)</onclick>
            <label>EPG</label>
            <label2>PVR</label2>
            <icon>DefaultTVShows.png</icon>
            <thumb />
            <property name="labelID">19069</property>
            <property name="group">livetv</property>
            <visible>StringCompare(System.ProfileName,Master user) + [StringCompare(Container(9110).ListItem.Property(submenuVisibility),livetv)]</visible>
            <property name="isSubmenu">True</property>
            <visible>System.GetBool(pvrmanager.enabled)</visible>
        </item>
        <item id="4">
            <onclick>ActivateWindowAndFocus(MyPVR,34,0 ,13,0)</onclick>
            <label>Recordings</label>
            <label2>PVR</label2>
            <icon>DefaultTVShows.png</icon>
            <thumb />
            <property name="labelID">19163</property>
            <property name="group">livetv</property>
            <visible>StringCompare(System.ProfileName,Master user) + [StringCompare(Container(9110).ListItem.Property(submenuVisibility),livetv)]</visible>
            <property name="isSubmenu">True</property>
            <visible>System.GetBool(pvrmanager.enabled)</visible>
        </item>
        <item id="5">
            <onclick>ActivateWindowAndFocus(MyPVR,35,0 ,14,0)</onclick>
            <label>Timers</label>
            <label2>PVR</label2>
            <icon>DefaultTVShows.png</icon>
            <thumb />
            <property name="labelID">32023</property>
            <property name="group">livetv</property>
            <visible>StringCompare(System.ProfileName,Master user) + [StringCompare(Container(9110).ListItem.Property(submenuVisibility),livetv)]</visible>
            <property name="isSubmenu">True</property>
            <visible>System.GetBool(pvrmanager.enabled)</visible>
        </item>
        <item id="1">
            <onclick>ActivateWindow(MusicLibrary,MusicVideos,return)</onclick>
            <label>Music videos</label>
            <label2>Common Shortcut</label2>
            <icon>DefaultMusicVideos.png</icon>
            <thumb />
            <property name="labelID">musicvideos</property>
            <property name="group">videos</property>
            <visible>StringCompare(System.ProfileName,Master user) + [StringCompare(Container(9110).ListItem.Property(submenuVisibility),videos)]</visible>
            <property name="isSubmenu">True</property>
            <visible>Library.HasContent(MusicVideos)</visible>
        </item>
        <item id="2">
            <onclick>ActivateWindow(Videos,Files,return)</onclick>
            <label>Files</label>
            <label2>Videos</label2>
            <icon>DefaultFolder.png</icon>
            <thumb />
            <property name="labelID">744</property>
            <property name="group">videos</property>
            <visible>StringCompare(System.ProfileName,Master user) + [StringCompare(Container(9110).ListItem.Property(submenuVisibility),videos)]</visible>
            <property name="isSubmenu">True</property>
        </item>
        <item id="3">
            <onclick>ActivateWindow(Videos,Addons,return)</onclick>
            <label>Video Add-ons</label>
            <label2>Videos</label2>
            <icon>DefaultAddonVideo.png</icon>
            <thumb />
            <property name="labelID">1037</property>
            <property name="group">videos</property>
            <visible>StringCompare(System.ProfileName,Master user) + [StringCompare(Container(9110).ListItem.Property(submenuVisibility),videos)]</visible>
            <property name="isSubmenu">True</property>
        </item>
        <item id="1">
            <onclick>ActivateWindow(Videos,RecentlyAddedMovies,return)</onclick>
            <label>Recently added movies</label>
            <label2>Videos</label2>
            <icon>DefaultRecentlyAddedMovies.png</icon>
            <thumb />
            <property name="labelID">20386</property>
            <property name="group">movies</property>
            <visible>StringCompare(System.ProfileName,Master user) + [StringCompare(Container(9110).ListItem.Property(submenuVisibility),movies)]</visible>
            <property name="isSubmenu">True</property>
            <visible>Library.HasContent(Movies)</visible>
        </item>
        <item id="2">
            <onclick>ActivateWindow(Videos,MovieSets,return)</onclick>
            <label>Sets</label>
            <label2>::LOCAL::342</label2>
            <icon>DefaultSets.png</icon>
            <thumb />
            <property name="labelID">20434</property>
            <property name="group">movies</property>
            <visible>StringCompare(System.ProfileName,Master user) + [StringCompare(Container(9110).ListItem.Property(submenuVisibility),movies)]</visible>
            <property name="isSubmenu">True</property>
        </item>
        <item id="3">
            <onclick>ActivateWindow(Videos,MovieTitles,return)</onclick>
            <label>Title</label>
            <label2>::LOCAL::342</label2>
            <icon>DefaultMovieTitle.png</icon>
            <thumb />
            <property name="labelID">369</property>
            <property name="group">movies</property>
            <visible>StringCompare(System.ProfileName,Master user) + [StringCompare(Container(9110).ListItem.Property(submenuVisibility),movies)]</visible>
            <property name="isSubmenu">True</property>
        </item>
        <item id="4">
            <onclick>ActivateWindow(Videos,MovieGenres,return)</onclick>
            <label>Genres</label>
            <label2>::LOCAL::342</label2>
            <icon>DefaultGenre.png</icon>
            <thumb />
            <property name="labelID">135</property>
            <property name="group">movies</property>
            <visible>StringCompare(System.ProfileName,Master user) + [StringCompare(Container(9110).ListItem.Property(submenuVisibility),movies)]</visible>
            <property name="isSubmenu">True</property>
        </item>
        <item id="5">
            <onclick>ActivateWindow(Videos,MovieYears,return)</onclick>
            <label>Year</label>
            <label2>::LOCAL::342</label2>
            <icon>DefaultYear.png</icon>
            <thumb />
            <property name="labelID">562</property>
            <property name="group">movies</property>
            <visible>StringCompare(System.ProfileName,Master user) + [StringCompare(Container(9110).ListItem.Property(submenuVisibility),movies)]</visible>
            <property name="isSubmenu">True</property>
        </item>
        <item id="6">
            <onclick>ActivateWindow(Videos,MovieActors,return)</onclick>
            <label>Actors</label>
            <label2>::LOCAL::342</label2>
            <icon>DefaultActor.png</icon>
            <thumb />
            <property name="labelID">344</property>
            <property name="group">movies</property>
            <visible>StringCompare(System.ProfileName,Master user) + [StringCompare(Container(9110).ListItem.Property(submenuVisibility),movies)]</visible>
            <property name="isSubmenu">True</property>
        </item>
        <item id="1">
            <onclick>ActivateWindow(Videos,RecentlyAddedEpisodes,return)</onclick>
            <label>Recently added episodes</label>
            <label2>Videos</label2>
            <icon>DefaultRecentlyAddedEpisodes.png</icon>
            <thumb />
            <property name="labelID">20387</property>
            <property name="group">tvshows</property>
            <visible>StringCompare(System.ProfileName,Master user) + [StringCompare(Container(9110).ListItem.Property(submenuVisibility),tvshows)]</visible>
            <property name="isSubmenu">True</property>
        </item>
        <item id="2">
            <onclick>ActivateWindow(Videos,TvShowTitles,return)</onclick>
            <label>Title</label>
            <label2>::LOCAL::20343</label2>
            <icon>DefaultTVShowTitle.png</icon>
            <thumb />
            <property name="labelID">369</property>
            <property name="group">tvshows</property>
            <visible>StringCompare(System.ProfileName,Master user) + [StringCompare(Container(9110).ListItem.Property(submenuVisibility),tvshows)]</visible>
            <property name="isSubmenu">True</property>
        </item>
        <item id="3">
            <onclick>ActivateWindow(Videos,TvShowGenres,return)</onclick>
            <label>Genres</label>
            <label2>::LOCAL::20343</label2>
            <icon>DefaultGenre.png</icon>
            <thumb />
            <property name="labelID">135</property>
            <property name="group">tvshows</property>
            <visible>StringCompare(System.ProfileName,Master user) + [StringCompare(Container(9110).ListItem.Property(submenuVisibility),tvshows)]</visible>
            <property name="isSubmenu">True</property>
        </item>
        <item id="4">
            <onclick>ActivateWindow(Videos,TvShowYears,return)</onclick>
            <label>Year</label>
            <label2>::LOCAL::20343</label2>
            <icon>DefaultYear.png</icon>
            <thumb />
            <property name="labelID">562</property>
            <property name="group">tvshows</property>
            <visible>StringCompare(System.ProfileName,Master user) + [StringCompare(Container(9110).ListItem.Property(submenuVisibility),tvshows)]</visible>
            <property name="isSubmenu">True</property>
        </item>
        <item id="5">
            <onclick>ActivateWindow(Videos,TvShowActors,return)</onclick>
            <label>Actors</label>
            <label2>::LOCAL::20343</label2>
            <icon>DefaultActor.png</icon>
            <thumb />
            <property name="labelID">344</property>
            <property name="group">tvshows</property>
            <visible>StringCompare(System.ProfileName,Master user) + [StringCompare(Container(9110).ListItem.Property(submenuVisibility),tvshows)]</visible>
            <property name="isSubmenu">True</property>
        </item>
        <item id="1">
            <onclick>ActivateWindow(MusicLibrary,Artists,return)</onclick>
            <label>Artists</label>
            <label2>Music</label2>
            <icon>DefaultShortcut.png</icon>
            <thumb />
            <property name="labelID">133</property>
            <property name="group">music</property>
            <visible>StringCompare(System.ProfileName,Master user) + [StringCompare(Container(9110).ListItem.Property(submenuVisibility),music)]</visible>
            <property name="isSubmenu">True</property>
            <visible>Library.HasContent(Music)</visible>
        </item>
        <item id="2">
            <onclick>ActivateWindow(MusicLibrary,Albums,return)</onclick>
            <label>Albums</label>
            <label2>Music</label2>
            <icon>DefaultMusicAlbums.png</icon>
            <thumb />
            <property name="labelID">132</property>
            <property name="group">music</property>
            <visible>StringCompare(System.ProfileName,Master user) + [StringCompare(Container(9110).ListItem.Property(submenuVisibility),music)]</visible>
            <property name="isSubmenu">True</property>
            <visible>Library.HasContent(Music)</visible>
        </item>
        <item id="3">
            <onclick>ActivateWindow(MusicLibrary,Songs,return)</onclick>
            <label>Songs</label>
            <label2>Music</label2>
            <icon>DefaultMusicSongs.png</icon>
            <thumb />
            <property name="labelID">134</property>
            <property name="group">music</property>
            <visible>StringCompare(System.ProfileName,Master user) + [StringCompare(Container(9110).ListItem.Property(submenuVisibility),music)]</visible>
            <property name="isSubmenu">True</property>
            <visible>Library.HasContent(Music)</visible>
        </item>
        <item id="4">
            <onclick>ActivateWindow(MusicFiles)</onclick>
            <label>Files</label>
            <label2>Music</label2>
            <icon>DefaultFolder.png</icon>
            <thumb />
            <property name="labelID">744</property>
            <property name="group">music</property>
            <visible>StringCompare(System.ProfileName,Master user) + [StringCompare(Container(9110).ListItem.Property(submenuVisibility),music)]</visible>
            <property name="isSubmenu">True</property>
        </item>
        <item id="5">
            <onclick>ActivateWindow(MusicLibrary,MusicLibrary,return)</onclick>
            <label>Library</label>
            <label2>Music</label2>
            <icon>DefaultFolder.png</icon>
            <thumb />
            <property name="labelID">15100</property>
            <property name="group">music</property>
            <visible>StringCompare(System.ProfileName,Master user) + [StringCompare(Container(9110).ListItem.Property(submenuVisibility),music)]</visible>
            <property name="isSubmenu">True</property>
            <visible>Library.HasContent(Music)</visible>
        </item>
        <item id="6">
            <onclick>ActivateWindow(MusicLibrary,Addons,return)</onclick>
            <label>Music Add-ons</label>
            <label2>Music</label2>
            <icon>DefaultAddonMusic.png</icon>
            <thumb />
            <property name="labelID">1038</property>
            <property name="group">music</property>
            <visible>StringCompare(System.ProfileName,Master user) + [StringCompare(Container(9110).ListItem.Property(submenuVisibility),music)]</visible>
            <property name="isSubmenu">True</property>
            <visible>Library.HasContent(Music)</visible>
        </item>
        <item id="1">
            <onclick>EjectTray()</onclick>
            <label>Eject tray</label>
            <label2>Common Shortcut</label2>
            <icon>DefaultShortcut.png</icon>
            <thumb />
            <property name="labelID">32033</property>
            <property name="group">dvd</property>
            <visible>StringCompare(System.ProfileName,Master user) + [StringCompare(Container(9110).ListItem.Property(submenuVisibility),dvd)]</visible>
            <property name="isSubmenu">True</property>
        </item>
        <item id="1">
            <onclick>ActivateWindow(FileManager)</onclick>
            <label>File manager</label>
            <label2>Common Shortcut</label2>
            <icon>DefaultFolder.png</icon>
            <thumb />
            <property name="labelID">7</property>
            <property name="group">settings</property>
            <visible>StringCompare(System.ProfileName,Master user) + [StringCompare(Container(9110).ListItem.Property(submenuVisibility),settings)]</visible>
            <property name="isSubmenu">True</property>
        </item>
        <item id="2">
            <onclick>ActivateWindow(Profiles)</onclick>
            <label>Profiles</label>
            <label2>Common Shortcut</label2>
            <icon>DefaultShortcut.png</icon>
            <thumb />
            <property name="labelID">13200</property>
            <property name="group">settings</property>
            <visible>StringCompare(System.ProfileName,Master user) + [StringCompare(Container(9110).ListItem.Property(submenuVisibility),settings)]</visible>
            <property name="isSubmenu">True</property>
        </item>
        <item id="3">
            <onclick>ActivateWindow(SystemInfo)</onclick>
            <label>System information</label>
            <label2>Common Shortcut</label2>
            <icon>DefaultShortcut.png</icon>
            <thumb />
            <property name="labelID">10007</property>
            <property name="group">settings</property>
            <visible>StringCompare(System.ProfileName,Master user) + [StringCompare(Container(9110).ListItem.Property(submenuVisibility),settings)]</visible>
            <property name="isSubmenu">True</property>
        </item>
    </include>
    <include name="skinshortcuts-allmenus">
        <item id="1">
            <onclick>ActivateWindow(Weather)</onclick>
            <label>Weather</label>
            <label2>Common Shortcut</label2>
            <icon>DefaultShortcut.png</icon>
            <thumb />
            <property name="labelID">weather</property>
            <property name="group">mainmenu</property>
            <property name="submenuVisibility">weather</property>
            <visible>StringCompare(System.ProfileName,Master user)</visible>
            <visible>!IsEmpty(Weather.Plugin)</visible>
        </item>
        <item id="2">
            <onclick condition="!StringCompare(Window(10000).Property(submenuVisibility),pictures)">SetProperty(submenuVisibility,pictures,10000)</onclick>
            <label>Pictures</label>
            <label2>Common Shortcut</label2>
            <icon>DefaultPicture.png</icon>
            <thumb />
            <property name="labelID">pictures</property>
            <property name="group">mainmenu</property>
            <property name="submenuVisibility">pictures</property>
            <visible>StringCompare(System.ProfileName,Master user)</visible>
            <property name="hasSubmenu">True</property>
            <onclick condition="StringCompare(Window(10000).Property(submenuVisibility),pictures)">ActivateWindow(Pictures)</onclick>
        </item>
        <item id="1">
            <onclick>ActivateWindow(Pictures,Addons,return)</onclick>
            <label>Picture Add-ons</label>
            <label2>Pictures</label2>
            <icon>DefaultAddonPicture.png</icon>
            <thumb />
            <property name="labelID">1039</property>
            <property name="group">pictures</property>
            <visible>StringCompare(System.ProfileName,Master user) + [StringCompare(Window(10000).Property(submenuVisibility),pictures)]</visible>
            <property name="isSubmenu">True</property>
        </item>
        <item id="3">
            <onclick condition="!StringCompare(Window(10000).Property(submenuVisibility),livetv)">SetProperty(submenuVisibility,livetv,10000)</onclick>
            <label>PVR</label>
            <label2>Common Shortcut</label2>
            <icon>DefaultTVShows.png</icon>
            <thumb />
            <property name="labelID">livetv</property>
            <property name="group">mainmenu</property>
            <property name="submenuVisibility">livetv</property>
            <visible>StringCompare(System.ProfileName,Master user)</visible>
            <visible>System.GetBool(pvrmanager.enabled)</visible>
            <property name="hasSubmenu">True</property>
            <onclick condition="StringCompare(Window(10000).Property(submenuVisibility),livetv)">ActivateWindowAndFocus(MyPVR,34,0 ,13,0)</onclick>
        </item>
        <item id="1">
            <onclick>ActivateWindowAndFocus(MyPVR,32,0 ,11,0)</onclick>
            <label>TV channels</label>
            <label2>PVR</label2>
            <icon>DefaultTVShows.png</icon>
            <thumb />
            <property name="labelID">19023</property>
            <property name="group">livetv</property>
            <visible>StringCompare(System.ProfileName,Master user) + [StringCompare(Window(10000).Property(submenuVisibility),livetv)]</visible>
            <property name="isSubmenu">True</property>
            <visible>System.GetBool(pvrmanager.enabled)</visible>
        </item>
        <item id="2">
            <onclick>ActivateWindowAndFocus(MyPVR,33,0 ,12,0)</onclick>
            <label>Radio channels</label>
            <label2>PVR</label2>
            <icon>DefaultTVShows.png</icon>
            <thumb />
            <property name="labelID">19024</property>
            <property name="group">livetv</property>
            <visible>StringCompare(System.ProfileName,Master user) + [StringCompare(Window(10000).Property(submenuVisibility),livetv)]</visible>
            <property name="isSubmenu">True</property>
            <visible>System.GetBool(pvrmanager.enabled)</visible>
        </item>
        <item id="3">
            <onclick>ActivateWindowAndFocus(MyPVR,31,0 ,10,0)</onclick>
            <label>EPG</label>
            <label2>PVR</label2>
            <icon>DefaultTVShows.png</icon>
            <thumb />
            <property name="labelID">19069</property>
            <property name="group">livetv</property>
            <visible>StringCompare(System.ProfileName,Master user) + [StringCompare(Window(10000).Property(submenuVisibility),livetv)]</visible>
            <property name="isSubmenu">True</property>
            <visible>System.GetBool(pvrmanager.enabled)</visible>
        </item>
        <item id="4">
            <onclick>ActivateWindowAndFocus(MyPVR,34,0 ,13,0)</onclick>
            <label>Recordings</label>
            <label2>PVR</label2>
            <icon>DefaultTVShows.png</icon>
            <thumb />
            <property name="labelID">19163</property>
            <property name="group">livetv</property>
            <visible>StringCompare(System.ProfileName,Master user) + [StringCompare(Window(10000).Property(submenuVisibility),livetv)]</visible>
            <property name="isSubmenu">True</property>
            <visible>System.GetBool(pvrmanager.enabled)</visible>
        </item>
        <item id="5">
            <onclick>ActivateWindowAndFocus(MyPVR,35,0 ,14,0)</onclick>
            <label>Timers</label>
            <label2>PVR</label2>
            <icon>DefaultTVShows.png</icon>
            <thumb />
            <property name="labelID">32023</property>
            <property name="group">livetv</property>
            <visible>StringCompare(System.ProfileName,Master user) + [StringCompare(Window(10000).Property(submenuVisibility),livetv)]</visible>
            <property name="isSubmenu">True</property>
            <visible>System.GetBool(pvrmanager.enabled)</visible>
        </item>
        <item id="4">
            <onclick condition="!StringCompare(Window(10000).Property(submenuVisibility),videos)">SetProperty(submenuVisibility,videos,10000)</onclick>
            <label>Videos</label>
            <label2>Common Shortcut</label2>
            <icon>DefaultVideo.png</icon>
            <thumb />
            <property name="labelID">videos</property>
            <property name="group">mainmenu</property>
            <property name="submenuVisibility">videos</property>
            <visible>StringCompare(System.ProfileName,Master user)</visible>
            <property name="hasSubmenu">True</property>
            <onclick condition="StringCompare(Window(10000).Property(submenuVisibility),videos)">ActivateWindow(Videos)</onclick>
        </item>
        <item id="1">
            <onclick>ActivateWindow(MusicLibrary,MusicVideos,return)</onclick>
            <label>Music videos</label>
            <label2>Common Shortcut</label2>
            <icon>DefaultMusicVideos.png</icon>
            <thumb />
            <property name="labelID">musicvideos</property>
            <property name="group">videos</property>
            <visible>StringCompare(System.ProfileName,Master user) + [StringCompare(Window(10000).Property(submenuVisibility),videos)]</visible>
            <property name="isSubmenu">True</property>
            <visible>Library.HasContent(MusicVideos)</visible>
        </item>
        <item id="2">
            <onclick>ActivateWindow(Videos,Files,return)</onclick>
            <label>Files</label>
            <label2>Videos</label2>
            <icon>DefaultFolder.png</icon>
            <thumb />
            <property name="labelID">744</property>
            <property name="group">videos</property>
            <visible>StringCompare(System.ProfileName,Master user) + [StringCompare(Window(10000).Property(submenuVisibility),videos)]</visible>
            <property name="isSubmenu">True</property>
        </item>
        <item id="3">
            <onclick>ActivateWindow(Videos,Addons,return)</onclick>
            <label>Video Add-ons</label>
            <label2>Videos</label2>
            <icon>DefaultAddonVideo.png</icon>
            <thumb />
            <property name="labelID">1037</property>
            <property name="group">videos</property>
            <visible>StringCompare(System.ProfileName,Master user) + [StringCompare(Window(10000).Property(submenuVisibility),videos)]</visible>
            <property name="isSubmenu">True</property>
        </item>
        <item id="5">
            <onclick condition="!StringCompare(Window(10000).Property(submenuVisibility),movies)">SetProperty(submenuVisibility,movies,10000)</onclick>
            <label>Movies</label>
            <label2>Common Shortcut</label2>
            <icon>DefaultMovies.png</icon>
            <thumb />
            <property name="labelID">movies</property>
            <property name="group">mainmenu</property>
            <property name="submenuVisibility">movies</property>
            <visible>StringCompare(System.ProfileName,Master user)</visible>
            <property name="hasSubmenu">True</property>
            <onclick condition="StringCompare(Window(10000).Property(submenuVisibility),movies)">ActivateWindow(Videos,MovieTitles,return)</onclick>
        </item>
        <item id="1">
            <onclick>ActivateWindow(Videos,RecentlyAddedMovies,return)</onclick>
            <label>Recently added movies</label>
            <label2>Videos</label2>
            <icon>DefaultRecentlyAddedMovies.png</icon>
            <thumb />
            <property name="labelID">20386</property>
            <property name="group">movies</property>
            <visible>StringCompare(System.ProfileName,Master user) + [StringCompare(Window(10000).Property(submenuVisibility),movies)]</visible>
            <property name="isSubmenu">True</property>
            <visible>Library.HasContent(Movies)</visible>
        </item>
        <item id="2">
            <onclick>ActivateWindow(Videos,MovieSets,return)</onclick>
            <label>Sets</label>
            <label2>::LOCAL::342</label2>
            <icon>DefaultSets.png</icon>
            <thumb />
            <property name="labelID">20434</property>
            <property name="group">movies</property>
            <visible>StringCompare(System.ProfileName,Master user) + [StringCompare(Window(10000).Property(submenuVisibility),movies)]</visible>
            <property name="isSubmenu">True</property>
        </item>
        <item id="3">
            <onclick>ActivateWindow(Videos,MovieTitles,return)</onclick>
            <label>Title</label>
            <label2>::LOCAL::342</label2>
            <icon>DefaultMovieTitle.png</icon>
            <thumb />
            <property name="labelID">369</property>
            <property name="group">movies</property>
            <visible>StringCompare(System.ProfileName,Master user) + [StringCompare(Window(10000).Property(submenuVisibility),movies)]</visible>
            <property name="isSubmenu">True</property>
        </item>
        <item id="4">
            <onclick>ActivateWindow(Videos,MovieGenres,return)</onclick>
            <label>Genres</label>
            <label2>::LOCAL::342</label2>
            <icon>DefaultGenre.png</icon>
            <thumb />
            <property name="labelID">135</property>
            <property name="group">movies</property>
            <visible>StringCompare(System.ProfileName,Master user) + [StringCompare(Window(10000).Property(submenuVisibility),movies)]</visible>
            <property name="isSubmenu">True</property>
        </item>
        <item id="5">
            <onclick>ActivateWindow(Videos,MovieYears,return)</onclick>
            <label>Year</label>
            <label2>::LOCAL::342</label2>
            <icon>DefaultYear.png</icon>
            <thumb />
            <property name="labelID">562</property>
            <property name="group">movies</property>
            <visible>StringCompare(System.ProfileName,Master user) + [StringCompare(Window(10000).Property(submenuVisibility),movies)]</visible>
            <property name="isSubmenu">True</property>
        </item>
        <item id="6">
            <onclick>ActivateWindow(Videos,MovieActors,return)</onclick>
            <label>Actors</label>
            <label2>::LOCAL::342</label2>
            <icon>DefaultActor.png</icon>
            <thumb />
            <property name="labelID">344</property>
            <property name="group">movies</property>
            <visible>StringCompare(System.ProfileName,Master user) + [StringCompare(Window(10000).Property(submenuVisibility),movies)]</visible>
            <property name="isSubmenu">True</property>
        </item>
        <item id="6">
            <onclick condition="!StringCompare(Window(10000).Property(submenuVisibility),tvshows)">SetProperty(submenuVisibility,tvshows,10000)</onclick>
            <label>TV shows</label>
            <label2>Common Shortcut</label2>
            <icon>DefaultTVShows.png</icon>
            <thumb />
            <property name="labelID">tvshows</property>
            <property name="group">mainmenu</property>
            <property name="submenuVisibility">tvshows</property>
            <visible>StringCompare(System.ProfileName,Master user)</visible>
            <property name="hasSubmenu">True</property>
            <onclick condition="StringCompare(Window(10000).Property(submenuVisibility),tvshows)">ActivateWindow(Videos,TVShowTitles,return)</onclick>
        </item>
        <item id="1">
            <onclick>ActivateWindow(Videos,RecentlyAddedEpisodes,return)</onclick>
            <label>Recently added episodes</label>
            <label2>Videos</label2>
            <icon>DefaultRecentlyAddedEpisodes.png</icon>
            <thumb />
            <property name="labelID">20387</property>
            <property name="group">tvshows</property>
            <visible>StringCompare(System.ProfileName,Master user) + [StringCompare(Window(10000).Property(submenuVisibility),tvshows)]</visible>
            <property name="isSubmenu">True</property>
        </item>
        <item id="2">
            <onclick>ActivateWindow(Videos,TvShowTitles,return)</onclick>
            <label>Title</label>
            <label2>::LOCAL::20343</label2>
            <icon>DefaultTVShowTitle.png</icon>
            <thumb />
            <property name="labelID">369</property>
            <property name="group">tvshows</property>
            <visible>StringCompare(System.ProfileName,Master user) + [StringCompare(Window(10000).Property(submenuVisibility),tvshows)]</visible>
            <property name="isSubmenu">True</property>
        </item>
        <item id="3">
            <onclick>ActivateWindow(Videos,TvShowGenres,return)</onclick>
            <label>Genres</label>
            <label2>::LOCAL::20343</label2>
            <icon>DefaultGenre.png</icon>
            <thumb />
            <property name="labelID">135</property>
            <property name="group">tvshows</property>
            <visible>StringCompare(System.ProfileName,Master user) + [StringCompare(Window(10000).Property(submenuVisibility),tvshows)]</visible>
            <property name="isSubmenu">True</property>
        </item>
        <item id="4">
            <onclick>ActivateWindow(Videos,TvShowYears,return)</onclick>
            <label>Year</label>
            <label2>::LOCAL::20343</label2>
            <icon>DefaultYear.png</icon>
            <thumb />
            <property name="labelID">562</property>
            <property name="group">tvshows</property>
            <visible>StringCompare(System.ProfileName,Master user) + [StringCompare(Window(10000).Property(submenuVisibility),tvshows)]</visible>
            <property name="isSubmenu">True</property>
        </item>
        <item id="5">
            <onclick>ActivateWindow(Videos,TvShowActors,return)</onclick>
            <label>Actors</label>
            <label2>::LOCAL::20343</label2>
            <icon>DefaultActor.png</icon>
            <thumb />
            <property name="labelID">344</property>
            <property name="group">tvshows</property>
            <visible>StringCompare(System.ProfileName,Master user) + [StringCompare(Window(10000).Property(submenuVisibility),tvshows)]</visible>
            <property name="isSubmenu">True</property>
        </item>
        <item id="7">
            <onclick condition="!StringCompare(Window(10000).Property(submenuVisibility),music)">SetProperty(submenuVisibility,music,10000)</onclick>
            <label>Music</label>
            <label2>Common Shortcut</label2>
            <icon>DefaultMusicAlbums.png</icon>
            <thumb />
            <property name="labelID">music</property>
            <property name="group">mainmenu</property>
            <property name="submenuVisibility">music</property>
            <visible>StringCompare(System.ProfileName,Master user)</visible>
            <property name="hasSubmenu">True</property>
            <onclick condition="StringCompare(Window(10000).Property(submenuVisibility),music)">ActivateWindow(Music)</onclick>
        </item>
        <item id="1">
            <onclick>ActivateWindow(MusicLibrary,Artists,return)</onclick>
            <label>Artists</label>
            <label2>Music</label2>
            <icon>DefaultShortcut.png</icon>
            <thumb />
            <property name="labelID">133</property>
            <property name="group">music</property>
            <visible>StringCompare(System.ProfileName,Master user) + [StringCompare(Window(10000).Property(submenuVisibility),music)]</visible>
            <property name="isSubmenu">True</property>
            <visible>Library.HasContent(Music)</visible>
        </item>
        <item id="2">
            <onclick>ActivateWindow(MusicLibrary,Albums,return)</onclick>
            <label>Albums</label>
            <label2>Music</label2>
            <icon>DefaultMusicAlbums.png</icon>
            <thumb />
            <property name="labelID">132</property>
            <property name="group">music</property>
            <visible>StringCompare(System.ProfileName,Master user) + [StringCompare(Window(10000).Property(submenuVisibility),music)]</visible>
            <property name="isSubmenu">True</property>
            <visible>Library.HasContent(Music)</visible>
        </item>
        <item id="3">
            <onclick>ActivateWindow(MusicLibrary,Songs,return)</onclick>
            <label>Songs</label>
            <label2>Music</label2>
            <icon>DefaultMusicSongs.png</icon>
            <thumb />
            <property name="labelID">134</property>
            <property name="group">music</property>
            <visible>StringCompare(System.ProfileName,Master user) + [StringCompare(Window(10000).Property(submenuVisibility),music)]</visible>
            <property name="isSubmenu">True</property>
            <visible>Library.HasContent(Music)</visible>
        </item>
        <item id="4">
            <onclick>ActivateWindow(MusicFiles)</onclick>
            <label>Files</label>
            <label2>Music</label2>
            <icon>DefaultFolder.png</icon>
            <thumb />
            <property name="labelID">744</property>
            <property name="group">music</property>
            <visible>StringCompare(System.ProfileName,Master user) + [StringCompare(Window(10000).Property(submenuVisibility),music)]</visible>
            <property name="isSubmenu">True</property>
        </item>
        <item id="5">
            <onclick>ActivateWindow(MusicLibrary,MusicLibrary,return)</onclick>
            <label>Library</label>
            <label2>Music</label2>
            <icon>DefaultFolder.png</icon>
            <thumb />
            <property name="labelID">15100</property>
            <property name="group">music</property>
            <visible>StringCompare(System.ProfileName,Master user) + [StringCompare(Window(10000).Property(submenuVisibility),music)]</visible>
            <property name="isSubmenu">True</property>
            <visible>Library.HasContent(Music)</visible>
        </item>
        <item id="6">
            <onclick>ActivateWindow(MusicLibrary,Addons,return)</onclick>
            <label>Music Add-ons</label>
            <label2>Music</label2>
            <icon>DefaultAddonMusic.png</icon>
            <thumb />
            <property name="labelID">1038</property>
            <property name="group">music</property>
            <visible>StringCompare(System.ProfileName,Master user) + [StringCompare(Window(10000).Property(submenuVisibility),music)]</visible>
            <property name="isSubmenu">True</property>
            <visible>Library.HasContent(Music)</visible>
        </item>
        <item id="8">
            <onclick>ActivateWindow(Programs,Addons,return)</onclick>
            <label>Programs</label>
            <label2>Common Shortcut</label2>
            <icon>DefaultShortcut.png</icon>
            <thumb />
            <property name="labelID">programs</property>
            <property name="group">mainmenu</property>
            <property name="submenuVisibility">programs</property>
            <visible>StringCompare(System.ProfileName,Master user)</visible>
        </item>
        <item id="9">
            <onclick condition="!StringCompare(Window(10000).Property(submenuVisibility),dvd)">SetProperty(submenuVisibility,dvd,10000)</onclick>
            <label>Play DVD</label>
            <label2>Common Shortcut</label2>
            <icon>DefaultShortcut.png</icon>
            <thumb />
            <property name="labelID">dvd</property>
            <property name="group">mainmenu</property>
            <property name="submenuVisibility">dvd</property>
            <visible>StringCompare(System.ProfileName,Master user)</visible>
            <visible>System.HasMediaDVD</visible>
            <property name="hasSubmenu">True</property>
            <onclick condition="StringCompare(Window(10000).Property(submenuVisibility),dvd)">XBMC.PlayDVD()</onclick>
        </item>
        <item id="1">
            <onclick>EjectTray()</onclick>
            <label>Eject tray</label>
            <label2>Common Shortcut</label2>
            <icon>DefaultShortcut.png</icon>
            <thumb />
            <property name="labelID">32033</property>
            <property name="group">dvd</property>
            <visible>StringCompare(System.ProfileName,Master user) + [StringCompare(Window(10000).Property(submenuVisibility),dvd)]</visible>
            <property name="isSubmenu">True</property>
        </item>
        <item id="10">
            <onclick condition="!StringCompare(Window(10000).Property(submenuVisibility),settings)">SetProperty(submenuVisibility,settings,10000)</onclick>
            <label>Settings</label>
            <label2>Common Shortcut</label2>
            <icon>DefaultShortcut.png</icon>
            <thumb />
            <property name="labelID">settings</property>
            <property name="group">mainmenu</property>
            <property name="submenuVisibility">settings</property>
            <visible>StringCompare(System.ProfileName,Master user)</visible>
            <property name="hasSubmenu">True</property>
            <onclick condition="StringCompare(Window(10000).Property(submenuVisibility),settings)">ActivateWindow(Settings)</onclick>
        </item>
        <item id="1">
            <onclick>ActivateWindow(FileManager)</onclick>
            <label>File manager</label>
            <label2>Common Shortcut</label2>
            <icon>DefaultFolder.png</icon>
            <thumb />
            <property name="labelID">7</property>
            <property name="group">settings</property>
            <visible>StringCompare(System.ProfileName,Master user) + [StringCompare(Window(10000).Property(submenuVisibility),settings)]</visible>
            <property name="isSubmenu">True</property>
        </item>
        <item id="2">
            <onclick>ActivateWindow(Profiles)</onclick>
            <label>Profiles</label>
            <label2>Common Shortcut</label2>
            <icon>DefaultShortcut.png</icon>
            <thumb />
            <property name="labelID">13200</property>
            <property name="group">settings</property>
            <visible>StringCompare(System.ProfileName,Master user) + [StringCompare(Window(10000).Property(submenuVisibility),settings)]</visible>
            <property name="isSubmenu">True</property>
        </item>
        <item id="3">
            <onclick>ActivateWindow(SystemInfo)</onclick>
            <label>System information</label>
            <label2>Common Shortcut</label2>
            <icon>DefaultShortcut.png</icon>
            <thumb />
            <property name="labelID">10007</property>
            <property name="group">settings</property>
            <visible>StringCompare(System.ProfileName,Master user) + [StringCompare(Window(10000).Property(submenuVisibility),settings)]</visible>
            <property name="isSubmenu">True</property>
        </item>
    </include>
    <include name="skinshortcuts-group-weather" />
    <include name="skinshortcuts-group-alt-weather" />
    <include name="skinshortcuts-group-pictures">
        <item id="1">
            <onclick>ActivateWindow(Pictures,Addons,return)</onclick>
            <label>Picture Add-ons</label>
            <label2>Pictures</label2>
            <icon>DefaultAddonPicture.png</icon>
            <thumb />
            <property name="labelID">1039</property>
            <property name="group">pictures</property>
            <visible>StringCompare(System.ProfileName,Master user)</visible>
        </item>
    </include>
    <include name="skinshortcuts-group-alt-pictures">
        <item id="1">
            <onclick>ActivateWindow(Pictures,Addons,return)</onclick>
            <label>Picture Add-ons</label>
            <label2>Pictures</label2>
            <icon>DefaultAddonPicture.png</icon>
            <thumb />
            <property name="labelID">1039</property>
            <property name="group">pictures</property>
            <visible>StringCompare(System.ProfileName,Master user) + [StringCompare(Window(10000).Property(submenuVisibility),pictures)]</visible>
            <property name="isSubmenu">True</property>
        </item>
    </include>
    <include name="skinshortcuts-group-livetv">
        <item id="1">
            <onclick>ActivateWindowAndFocus(MyPVR,32,0 ,11,0)</onclick>
            <label>TV channels</label>
            <label2>PVR</label2>
            <icon>DefaultTVShows.png</icon>
            <thumb />
            <property name="labelID">19023</property>
            <property name="group">livetv</property>
            <visible>StringCompare(System.ProfileName,Master user)</visible>
            <visible>System.GetBool(pvrmanager.enabled)</visible>
        </item>
        <item id="2">
            <onclick>ActivateWindowAndFocus(MyPVR,33,0 ,12,0)</onclick>
            <label>Radio channels</label>
            <label2>PVR</label2>
            <icon>DefaultTVShows.png</icon>
            <thumb />
            <property name="labelID">19024</property>
            <property name="group">livetv</property>
            <visible>StringCompare(System.ProfileName,Master user)</visible>
            <visible>System.GetBool(pvrmanager.enabled)</visible>
        </item>
        <item id="3">
            <onclick>ActivateWindowAndFocus(MyPVR,31,0 ,10,0)</onclick>
            <label>EPG</label>
            <label2>PVR</label2>
            <icon>DefaultTVShows.png</icon>
            <thumb />
            <property name="labelID">19069</property>
            <property name="group">livetv</property>
            <visible>StringCompare(System.ProfileName,Master user)</visible>
            <visible>System.GetBool(pvrmanager.enabled)</visible>
        </item>
        <item id="4">
            <onclick>ActivateWindowAndFocus(MyPVR,34,0 ,13,0)</onclick>
            <label>Recordings</label>
            <label2>PVR</label2>
            <icon>DefaultTVShows.png</icon>
            <thumb />
            <property name="labelID">19163</property>
            <property name="group">livetv</property>
            <visible>StringCompare(System.ProfileName,Master user)</visible>
            <visible>System.GetBool(pvrmanager.enabled)</visible>
        </item>
        <item id="5">
            <onclick>ActivateWindowAndFocus(MyPVR,35,0 ,14,0)</onclick>
            <label>Timers</label>
            <label2>PVR</label2>
            <icon>DefaultTVShows.png</icon>
            <thumb />
            <property name="labelID">32023</property>
            <property name="group">livetv</property>
            <visible>StringCompare(System.ProfileName,Master user)</visible>
            <visible>System.GetBool(pvrmanager.enabled)</visible>
        </item>
    </include>
    <include name="skinshortcuts-group-alt-livetv">
        <item id="1">
            <onclick>ActivateWindowAndFocus(MyPVR,32,0 ,11,0)</onclick>
            <label>TV channels</label>
            <label2>PVR</label2>
            <icon>DefaultTVShows.png</icon>
            <thumb />
            <property name="labelID">19023</property>
            <property name="group">livetv</property>
            <visible>StringCompare(System.ProfileName,Master user) + [StringCompare(Window(10000).Property(submenuVisibility),livetv)]</visible>
            <property name="isSubmenu">True</property>
            <visible>System.GetBool(pvrmanager.enabled)</visible>
        </item>
        <item id="2">
            <onclick>ActivateWindowAndFocus(MyPVR,33,0 ,12,0)</onclick>
            <label>Radio channels</label>
            <label2>PVR</label2>
            <icon>DefaultTVShows.png</icon>
            <thumb />
            <property name="labelID">19024</property>
            <property name="group">livetv</property>
            <visible>StringCompare(System.ProfileName,Master user) + [StringCompare(Window(10000).Property(submenuVisibility),livetv)]</visible>
            <property name="isSubmenu">True</property>
            <visible>System.GetBool(pvrmanager.enabled)</visible>
        </item>
        <item id="3">
            <onclick>ActivateWindowAndFocus(MyPVR,31,0 ,10,0)</onclick>
            <label>EPG</label>
            <label2>PVR</label2>
            <icon>DefaultTVShows.png</icon>
            <thumb />
            <property name="labelID">19069</property>
            <property name="group">livetv</property>
            <visible>StringCompare(System.ProfileName,Master user) + [StringCompare(Window(10000).Property(submenuVisibility),livetv)]</visible>
            <property name="isSubmenu">True</property>
            <visible>System.GetBool(pvrmanager.enabled)</visible>
        </item>
        <item id="4">
            <onclick>ActivateWindowAndFocus(MyPVR,34,0 ,13,0)</onclick>
            <label>Recordings</label>
            <label2>PVR</label2>
            <icon>DefaultTVShows.png</icon>
            <thumb />
            <property name="labelID">19163</property>
            <property name="group">livetv</property>
            <visible>StringCompare(System.ProfileName,Master user) + [StringCompare(Window(10000).Property(submenuVisibility),livetv)]</visible>
            <property name="isSubmenu">True</property>
            <visible>System.GetBool(pvrmanager.enabled)</visible>
        </item>
        <item id="5">
            <onclick>ActivateWindowAndFocus(MyPVR,35,0 ,14,0)</onclick>
            <label>Timers</label>
            <label2>PVR</label2>
            <icon>DefaultTVShows.png</icon>
            <thumb />
            <property name="labelID">32023</property>
            <property name="group">livetv</property>
            <visible>StringCompare(System.ProfileName,Master user) + [StringCompare(Window(10000).Property(submenuVisibility),livetv)]</visible>
            <property name="isSubmenu">True</property>
            <visible>System.GetBool(pvrmanager.enabled)</visible>
        </item>
    </include>
    <include name="skinshortcuts-group-videos">
        <item id="1">
            <onclick>ActivateWindow(MusicLibrary,MusicVideos,return)</onclick>
            <label>Music videos</label>
            <label2>Common Shortcut</label2>
            <icon>DefaultMusicVideos.png</icon>
            <thumb />
            <property name="labelID">musicvideos</property>
            <property name="group">videos</property>
            <visible>StringCompare(System.ProfileName,Master user)</visible>
            <visible>Library.HasContent(MusicVideos)</visible>
        </item>
        <item id="2">
            <onclick>ActivateWindow(Videos,Files,return)</onclick>
            <label>Files</label>
            <label2>Videos</label2>
            <icon>DefaultFolder.png</icon>
            <thumb />
            <property name="labelID">744</property>
            <property name="group">videos</property>
            <visible>StringCompare(System.ProfileName,Master user)</visible>
        </item>
        <item id="3">
            <onclick>ActivateWindow(Videos,Addons,return)</onclick>
            <label>Video Add-ons</label>
            <label2>Videos</label2>
            <icon>DefaultAddonVideo.png</icon>
            <thumb />
            <property name="labelID">1037</property>
            <property name="group">videos</property>
            <visible>StringCompare(System.ProfileName,Master user)</visible>
        </item>
    </include>
    <include name="skinshortcuts-group-alt-videos">
        <item id="1">
            <onclick>ActivateWindow(MusicLibrary,MusicVideos,return)</onclick>
            <label>Music videos</label>
            <label2>Common Shortcut</label2>
            <icon>DefaultMusicVideos.png</icon>
            <thumb />
            <property name="labelID">musicvideos</property>
            <property name="group">videos</property>
            <visible>StringCompare(System.ProfileName,Master user) + [StringCompare(Window(10000).Property(submenuVisibility),videos)]</visible>
            <property name="isSubmenu">True</property>
            <visible>Library.HasContent(MusicVideos)</visible>
        </item>
        <item id="2">
            <onclick>ActivateWindow(Videos,Files,return)</onclick>
            <label>Files</label>
            <label2>Videos</label2>
            <icon>DefaultFolder.png</icon>
            <thumb />
            <property name="labelID">744</property>
            <property name="group">videos</property>
            <visible>StringCompare(System.ProfileName,Master user) + [StringCompare(Window(10000).Property(submenuVisibility),videos)]</visible>
            <property name="isSubmenu">True</property>
        </item>
        <item id="3">
            <onclick>ActivateWindow(Videos,Addons,return)</onclick>
            <label>Video Add-ons</label>
            <label2>Videos</label2>
            <icon>DefaultAddonVideo.png</icon>
            <thumb />
            <property name="labelID">1037</property>
            <property name="group">videos</property>
            <visible>StringCompare(System.ProfileName,Master user) + [StringCompare(Window(10000).Property(submenuVisibility),videos)]</visible>
            <property name="isSubmenu">True</property>
        </item>
    </include>
    <include name="skinshortcuts-group-movies">
        <item id="1">
            <onclick>ActivateWindow(Videos,RecentlyAddedMovies,return)</onclick>
            <label>Recently added movies</label>
            <label2>Videos</label2>
            <icon>DefaultRecentlyAddedMovies.png</icon>
            <thumb />
            <property name="labelID">20386</property>
            <property name="group">movies</property>
            <visible>StringCompare(System.ProfileName,Master user)</visible>
            <visible>Library.HasContent(Movies)</visible>
        </item>
        <item id="2">
            <onclick>ActivateWindow(Videos,MovieSets,return)</onclick>
            <label>Sets</label>
            <label2>::LOCAL::342</label2>
            <icon>DefaultSets.png</icon>
            <thumb />
            <property name="labelID">20434</property>
            <property name="group">movies</property>
            <visible>StringCompare(System.ProfileName,Master user)</visible>
        </item>
        <item id="3">
            <onclick>ActivateWindow(Videos,MovieTitles,return)</onclick>
            <label>Title</label>
            <label2>::LOCAL::342</label2>
            <icon>DefaultMovieTitle.png</icon>
            <thumb />
            <property name="labelID">369</property>
            <property name="group">movies</property>
            <visible>StringCompare(System.ProfileName,Master user)</visible>
        </item>
        <item id="4">
            <onclick>ActivateWindow(Videos,MovieGenres,return)</onclick>
            <label>Genres</label>
            <label2>::LOCAL::342</label2>
            <icon>DefaultGenre.png</icon>
            <thumb />
            <property name="labelID">135</property>
            <property name="group">movies</property>
            <visible>StringCompare(System.ProfileName,Master user)</visible>
        </item>
        <item id="5">
            <onclick>ActivateWindow(Videos,MovieYears,return)</onclick>
            <label>Year</label>
            <label2>::LOCAL::342</label2>
            <icon>DefaultYear.png</icon>
            <thumb />
            <property name="labelID">562</property>
            <property name="group">movies</property>
            <visible>StringCompare(System.ProfileName,Master user)</visible>
        </item>
        <item id="6">
            <onclick>ActivateWindow(Videos,MovieActors,return)</onclick>
            <label>Actors</label>
            <label2>::LOCAL::342</label2>
            <icon>DefaultActor.png</icon>
            <thumb />
            <property name="labelID">344</property>
            <property name="group">movies</property>
            <visible>StringCompare(System.ProfileName,Master user)</visible>
        </item>
    </include>
    <include name="skinshortcuts-group-alt-movies">
        <item id="1">
            <onclick>ActivateWindow(Videos,RecentlyAddedMovies,return)</onclick>
            <label>Recently added movies</label>
            <label2>Videos</label2>
            <icon>DefaultRecentlyAddedMovies.png</icon>
            <thumb />
            <property name="labelID">20386</property>
            <property name="group">movies</property>
            <visible>StringCompare(System.ProfileName,Master user) + [StringCompare(Window(10000).Property(submenuVisibility),movies)]</visible>
            <property name="isSubmenu">True</property>
            <visible>Library.HasContent(Movies)</visible>
        </item>
        <item id="2">
            <onclick>ActivateWindow(Videos,MovieSets,return)</onclick>
            <label>Sets</label>
            <label2>::LOCAL::342</label2>
            <icon>DefaultSets.png</icon>
            <thumb />
            <property name="labelID">20434</property>
            <property name="group">movies</property>
            <visible>StringCompare(System.ProfileName,Master user) + [StringCompare(Window(10000).Property(submenuVisibility),movies)]</visible>
            <property name="isSubmenu">True</property>
        </item>
        <item id="3">
            <onclick>ActivateWindow(Videos,MovieTitles,return)</onclick>
            <label>Title</label>
            <label2>::LOCAL::342</label2>
            <icon>DefaultMovieTitle.png</icon>
            <thumb />
            <property name="labelID">369</property>
            <property name="group">movies</property>
            <visible>StringCompare(System.ProfileName,Master user) + [StringCompare(Window(10000).Property(submenuVisibility),movies)]</visible>
            <property name="isSubmenu">True</property>
        </item>
        <item id="4">
            <onclick>ActivateWindow(Videos,MovieGenres,return)</onclick>
            <label>Genres</label>
            <label2>::LOCAL::342</label2>
            <icon>DefaultGenre.png</icon>
            <thumb />
            <property name="labelID">135</property>
            <property name="group">movies</property>
            <visible>StringCompare(System.ProfileName,Master user) + [StringCompare(Window(10000).Property(submenuVisibility),movies)]</visible>
            <property name="isSubmenu">True</property>
        </item>
        <item id="5">
            <onclick>ActivateWindow(Videos,MovieYears,return)</onclick>
            <label>Year</label>
            <label2>::LOCAL::342</label2>
            <icon>DefaultYear.png</icon>
            <thumb />
            <property name="labelID">562</property>
            <property name="group">movies</property>
            <visible>StringCompare(System.ProfileName,Master user) + [StringCompare(Window(10000).Property(submenuVisibility),movies)]</visible>
            <property name="isSubmenu">True</property>
        </item>
        <item id="6">
            <onclick>ActivateWindow(Videos,MovieActors,return)</onclick>
            <label>Actors</label>
            <label2>::LOCAL::342</label2>
            <icon>DefaultActor.png</icon>
            <thumb />
            <property name="labelID">344</property>
            <property name="group">movies</property>
            <visible>StringCompare(System.ProfileName,Master user) + [StringCompare(Window(10000).Property(submenuVisibility),movies)]</visible>
            <property name="isSubmenu">True</property>
        </item>
    </include>
    <include name="skinshortcuts-group-tvshows">
        <item id="1">
            <onclick>ActivateWindow(Videos,RecentlyAddedEpisodes,return)</onclick>
            <label>Recently added episodes</label>
            <label2>Videos</label2>
            <icon>DefaultRecentlyAddedEpisodes.png</icon>
            <thumb />
            <property name="labelID">20387</property>
            <property name="group">tvshows</property>
            <visible>StringCompare(System.ProfileName,Master user)</visible>
        </item>
        <item id="2">
            <onclick>ActivateWindow(Videos,TvShowTitles,return)</onclick>
            <label>Title</label>
            <label2>::LOCAL::20343</label2>
            <icon>DefaultTVShowTitle.png</icon>
            <thumb />
            <property name="labelID">369</property>
            <property name="group">tvshows</property>
            <visible>StringCompare(System.ProfileName,Master user)</visible>
        </item>
        <item id="3">
            <onclick>ActivateWindow(Videos,TvShowGenres,return)</onclick>
            <label>Genres</label>
            <label2>::LOCAL::20343</label2>
            <icon>DefaultGenre.png</icon>
            <thumb />
            <property name="labelID">135</property>
            <property name="group">tvshows</property>
            <visible>StringCompare(System.ProfileName,Master user)</visible>
        </item>
        <item id="4">
            <onclick>ActivateWindow(Videos,TvShowYears,return)</onclick>
            <label>Year</label>
            <label2>::LOCAL::20343</label2>
            <icon>DefaultYear.png</icon>
            <thumb />
            <property name="labelID">562</property>
            <property name="group">tvshows</property>
            <visible>StringCompare(System.ProfileName,Master user)</visible>
        </item>
        <item id="5">
            <onclick>ActivateWindow(Videos,TvShowActors,return)</onclick>
            <label>Actors</label>
            <label2>::LOCAL::20343</label2>
            <icon>DefaultActor.png</icon>
            <thumb />
            <property name="labelID">344</property>
            <property name="group">tvshows</property>
            <visible>StringCompare(System.ProfileName,Master user)</visible>
        </item>
    </include>
    <include name="skinshortcuts-group-alt-tvshows">
        <item id="1">
            <onclick>ActivateWindow(Videos,RecentlyAddedEpisodes,return)</onclick>
            <label>Recently added episodes</label>
            <label2>Videos</label2>
            <icon>DefaultRecentlyAddedEpisodes.png</icon>
            <thumb />
            <property name="labelID">20387</property>
            <property name="group">tvshows</property>
            <visible>StringCompare(System.ProfileName,Master user) + [StringCompare(Window(10000).Property(submenuVisibility),tvshows)]</visible>
            <property name="isSubmenu">True</property>
        </item>
        <item id="2">
            <onclick>ActivateWindow(Videos,TvShowTitles,return)</onclick>
            <label>Title</label>
            <label2>::LOCAL::20343</label2>
            <icon>DefaultTVShowTitle.png</icon>
            <thumb />
            <property name="labelID">369</property>
            <property name="group">tvshows</property>
            <visible>StringCompare(System.ProfileName,Master user) + [StringCompare(Window(10000).Property(submenuVisibility),tvshows)]</visible>
            <property name="isSubmenu">True</property>
        </item>
        <item id="3">
            <onclick>ActivateWindow(Videos,TvShowGenres,return)</onclick>
            <label>Genres</label>
            <label2>::LOCAL::20343</label2>
            <icon>DefaultGenre.png</icon>
            <thumb />
            <property name="labelID">135</property>
            <property name="group">tvshows</property>
            <visible>StringCompare(System.ProfileName,Master user) + [StringCompare(Window(10000).Property(submenuVisibility),tvshows)]</visible>
            <property name="isSubmenu">True</property>
        </item>
        <item id="4">
            <onclick>ActivateWindow(Videos,TvShowYears,return)</onclick>
            <label>Year</label>
            <label2>::LOCAL::20343</label2>
            <icon>DefaultYear.png</icon>
            <thumb />
            <property name="labelID">562</property>
            <property name="group">tvshows</property>
            <visible>StringCompare(System.ProfileName,Master user) + [StringCompare(Window(10000).Property(submenuVisibility),tvshows)]</visible>
            <property name="isSubmenu">True</property>
        </item>
        <item id="5">
            <onclick>ActivateWindow(Videos,TvShowActors,return)</onclick>
            <label>Actors</label>
            <label2>::LOCAL::20343</label2>
            <icon>DefaultActor.png</icon>
            <thumb />
            <property name="labelID">344</property>
            <property name="group">tvshows</property>
            <visible>StringCompare(System.ProfileName,Master user) + [StringCompare(Window(10000).Property(submenuVisibility),tvshows)]</visible>
            <property name="isSubmenu">True</property>
        </item>
    </include>
    <include name="skinshortcuts-group-music">
        <item id="1">
            <onclick>ActivateWindow(MusicLibrary,Artists,return)</onclick>
            <label>Artists</label>
            <label2>Music</label2>
            <icon>DefaultShortcut.png</icon>
            <thumb />
            <property name="labelID">133</property>
            <property name="group">music</property>
            <visible>StringCompare(System.ProfileName,Master user)</visible>
            <visible>Library.HasContent(Music)</visible>
        </item>
        <item id="2">
            <onclick>ActivateWindow(MusicLibrary,Albums,return)</onclick>
            <label>Albums</label>
            <label2>Music</label2>
            <icon>DefaultMusicAlbums.png</icon>
            <thumb />
            <property name="labelID">132</property>
            <property name="group">music</property>
            <visible>StringCompare(System.ProfileName,Master user)</visible>
            <visible>Library.HasContent(Music)</visible>
        </item>
        <item id="3">
            <onclick>ActivateWindow(MusicLibrary,Songs,return)</onclick>
            <label>Songs</label>
            <label2>Music</label2>
            <icon>DefaultMusicSongs.png</icon>
            <thumb />
            <property name="labelID">134</property>
            <property name="group">music</property>
            <visible>StringCompare(System.ProfileName,Master user)</visible>
            <visible>Library.HasContent(Music)</visible>
        </item>
        <item id="4">
            <onclick>ActivateWindow(MusicFiles)</onclick>
            <label>Files</label>
            <label2>Music</label2>
            <icon>DefaultFolder.png</icon>
            <thumb />
            <property name="labelID">744</property>
            <property name="group">music</property>
            <visible>StringCompare(System.ProfileName,Master user)</visible>
        </item>
        <item id="5">
            <onclick>ActivateWindow(MusicLibrary,MusicLibrary,return)</onclick>
            <label>Library</label>
            <label2>Music</label2>
            <icon>DefaultFolder.png</icon>
            <thumb />
            <property name="labelID">15100</property>
            <property name="group">music</property>
            <visible>StringCompare(System.ProfileName,Master user)</visible>
            <visible>Library.HasContent(Music)</visible>
        </item>
        <item id="6">
            <onclick>ActivateWindow(MusicLibrary,Addons,return)</onclick>
            <label>Music Add-ons</label>
            <label2>Music</label2>
            <icon>DefaultAddonMusic.png</icon>
            <thumb />
            <property name="labelID">1038</property>
            <property name="group">music</property>
            <visible>StringCompare(System.ProfileName,Master user)</visible>
            <visible>Library.HasContent(Music)</visible>
        </item>
    </include>
    <include name="skinshortcuts-group-alt-music">
        <item id="1">
            <onclick>ActivateWindow(MusicLibrary,Artists,return)</onclick>
            <label>Artists</label>
            <label2>Music</label2>
            <icon>DefaultShortcut.png</icon>
            <thumb />
            <property name="labelID">133</property>
            <property name="group">music</property>
            <visible>StringCompare(System.ProfileName,Master user) + [StringCompare(Window(10000).Property(submenuVisibility),music)]</visible>
            <property name="isSubmenu">True</property>
            <visible>Library.HasContent(Music)</visible>
        </item>
        <item id="2">
            <onclick>ActivateWindow(MusicLibrary,Albums,return)</onclick>
            <label>Albums</label>
            <label2>Music</label2>
            <icon>DefaultMusicAlbums.png</icon>
            <thumb />
            <property name="labelID">132</property>
            <property name="group">music</property>
            <visible>StringCompare(System.ProfileName,Master user) + [StringCompare(Window(10000).Property(submenuVisibility),music)]</visible>
            <property name="isSubmenu">True</property>
            <visible>Library.HasContent(Music)</visible>
        </item>
        <item id="3">
            <onclick>ActivateWindow(MusicLibrary,Songs,return)</onclick>
            <label>Songs</label>
            <label2>Music</label2>
            <icon>DefaultMusicSongs.png</icon>
            <thumb />
            <property name="labelID">134</property>
            <property name="group">music</property>
            <visible>StringCompare(System.ProfileName,Master user) + [StringCompare(Window(10000).Property(submenuVisibility),music)]</visible>
            <property name="isSubmenu">True</property>
            <visible>Library.HasContent(Music)</visible>
        </item>
        <item id="4">
            <onclick>ActivateWindow(MusicFiles)</onclick>
            <label>Files</label>
            <label2>Music</label2>
            <icon>DefaultFolder.png</icon>
            <thumb />
            <property name="labelID">744</property>
            <property name="group">music</property>
            <visible>StringCompare(System.ProfileName,Master user) + [StringCompare(Window(10000).Property(submenuVisibility),music)]</visible>
            <property name="isSubmenu">True</property>
        </item>
        <item id="5">
            <onclick>ActivateWindow(MusicLibrary,MusicLibrary,return)</onclick>
            <label>Library</label>
            <label2>Music</label2>
            <icon>DefaultFolder.png</icon>
            <thumb />
            <property name="labelID">15100</property>
            <property name="group">music</property>
            <visible>StringCompare(System.ProfileName,Master user) + [StringCompare(Window(10000).Property(submenuVisibility),music)]</visible>
            <property name="isSubmenu">True</property>
            <visible>Library.HasContent(Music)</visible>
        </item>
        <item id="6">
            <onclick>ActivateWindow(MusicLibrary,Addons,return)</onclick>
            <label>Music Add-ons</label>
            <label2>Music</label2>
            <icon>DefaultAddonMusic.png</icon>
            <thumb />
            <property name="labelID">1038</property>
            <property name="group">music</property>
            <visible>StringCompare(System.ProfileName,Master user) + [StringCompare(Window(10000).Property(submenuVisibility),music)]</visible>
            <property name="isSubmenu">True</property>
            <visible>Library.HasContent(Music)</visible>
        </item>
    </include>
    <include name="skinshortcuts-group-programs" />
    <include name="skinshortcuts-group-alt-programs" />
    <include name="skinshortcuts-group-dvd">
        <item id="1">
            <onclick>EjectTray()</onclick>
            <label>Eject tray</label>
            <label2>Common Shortcut</label2>
            <icon>DefaultShortcut.png</icon>
            <thumb />
            <property name="labelID">32033</property>
            <property name="group">dvd</property>
            <visible>StringCompare(System.ProfileName,Master user)</visible>
        </item>
    </include>
    <include name="skinshortcuts-group-alt-dvd">
        <item id="1">
            <onclick>EjectTray()</onclick>
            <label>Eject tray</label>
            <label2>Common Shortcut</label2>
            <icon>DefaultShortcut.png</icon>
            <thumb />
            <property name="labelID">32033</property>
            <property name="group">dvd</property>
            <visible>StringCompare(System.ProfileName,Master user) + [StringCompare(Window(10000).Property(submenuVisibility),dvd)]</visible>
            <property name="isSubmenu">True</property>
        </item>
    </include>
    <include name="skinshortcuts-group-settings">
        <item id="1">
            <onclick>ActivateWindow(FileManager)</onclick>
            <label>File manager</label>
            <label2>Common Shortcut</label2>
            <icon>DefaultFolder.png</icon>
            <thumb />
            <property name="labelID">7</property>
            <property name="group">settings</property>
            <visible>StringCompare(System.ProfileName,Master user)</visible>
        </item>
        <item id="2">
            <onclick>ActivateWindow(Profiles)</onclick>
            <label>Profiles</label>
            <label2>Common Shortcut</label2>
            <icon>DefaultShortcut.png</icon>
            <thumb />
            <property name="labelID">13200</property>
            <property name="group">settings</property>
            <visible>StringCompare(System.ProfileName,Master user)</visible>
        </item>
        <item id="3">
            <onclick>ActivateWindow(SystemInfo)</onclick>
            <label>System information</label>
            <label2>Common Shortcut</label2>
            <icon>DefaultShortcut.png</icon>
            <thumb />
            <property name="labelID">10007</property>
            <property name="group">settings</property>
            <visible>StringCompare(System.ProfileName,Master user)</visible>
        </item>
    </include>
    <include name="skinshortcuts-group-alt-settings">
        <item id="1">
            <onclick>ActivateWindow(FileManager)</onclick>
            <label>File manager</label>
            <label2>Common Shortcut</label2>
            <icon>DefaultFolder.png</icon>
            <thumb />
            <property name="labelID">7</property>
            <property name="group">settings</property>
            <visible>StringCompare(System.ProfileName,Master user) + [StringCompare(Window(10000).Property(submenuVisibility),settings)]</visible>
            <property name="isSubmenu">True</property>
        </item>
        <item id="2">
            <onclick>ActivateWindow(Profiles)</onclick>
            <label>Profiles</label>
            <label2>Common Shortcut</label2>
            <icon>DefaultShortcut.png</icon>
            <thumb />
            <property name="labelID">13200</property>
            <property name="group">settings</property>
            <visible>StringCompare(System.ProfileName,Master user) + [StringCompare(Window(10000).Property(submenuVisibility),settings)]</visible>
            <property name="isSubmenu">True</property>
        </item>
        <item id="3">
            <onclick>ActivateWindow(SystemInfo)</onclick>
            <label>System information</label>
            <label2>Common Shortcut</label2>
            <icon>DefaultShortcut.png</icon>
            <thumb />
            <property name="labelID">10007</property>
            <property name="group">settings</property>
            <visible>StringCompare(System.ProfileName,Master user) + [StringCompare(Window(10000).Property(submenuVisibility),settings)]</visible>
            <property name="isSubmenu">True</property>
        </item>
    </include>
</includes>
