<?xml version="1.0" encoding="UTF-8"?>
<window>
    <defaultcontrol always="true">95</defaultcontrol>
    <allowoverlay>no</allowoverlay>
    <controls>
    <include>AEVOLVECommonBackground</include>
        <include>MediaHeader</include>
        <control type="group">
			<posx>0</posx>
			<posy>128</posy>
			<include>dialogeffect</include>
			<include>SystemLeftPanel</include>
			<control type="grouplist" id="9000">
				<posx>82</posx>
				<posy>32</posy>
				<width>356</width>
				<height>840</height>
				<itemgap>0</itemgap>
				<onup>9000</onup>
                <ondown>9000</ondown>
				<onleft>9001</onleft>
				<onright>9001</onright>
                <control type="button" id="95">
                    <description>Button Summary Values</description>
					<height>60</height>
					<width>356</width>
					<textoffsetx>15</textoffsetx>
					<align>left</align>
					<aligny>center</aligny>
					<font>title2</font>
					<textcolor>grey2</textcolor>
					<focusedcolor>white</focusedcolor>
					<texture border="5">aevolve/AEVOLVE-List-Slider.png</texture>
					<texturenofocus>aevolve/separator6.png</texturenofocus>
					<label>20037</label>
                </control>
                <control type="button" id="94">
                    <description>Button Storage</description>
					<height>60</height>
					<width>356</width>
					<textoffsetx>15</textoffsetx>
					<align>left</align>
					<aligny>center</aligny>
					<font>title2</font>
					<textcolor>grey2</textcolor>
					<focusedcolor>white</focusedcolor>
					<texture border="5">aevolve/AEVOLVE-List-Slider.png</texture>
					<texturenofocus>aevolve/separator6.png</texturenofocus>
					<label>13277</label>
                </control>
                <control type="button" id="96">
                    <description>Button Network</description>
					<height>60</height>
					<width>356</width>
					<textoffsetx>15</textoffsetx>
					<align>left</align>
					<aligny>center</aligny>
					<font>title2</font>
					<textcolor>grey2</textcolor>
					<focusedcolor>white</focusedcolor>
					<texture border="5">aevolve/AEVOLVE-List-Slider.png</texture>
					<texturenofocus>aevolve/separator6.png</texturenofocus>
					<label>13279</label>
                </control>
                <control type="button" id="97">
                    <description>Button Video</description>
					<height>60</height>
					<width>356</width>
					<textoffsetx>15</textoffsetx>
					<align>left</align>
					<aligny>center</aligny>
					<font>title2</font>
					<textcolor>grey2</textcolor>
					<focusedcolor>white</focusedcolor>
					<texture border="5">aevolve/AEVOLVE-List-Slider.png</texture>
					<texturenofocus>aevolve/separator6.png</texturenofocus>
					<label>13280</label>
                </control>
                <control type="button" id="98">
                    <description>Button Hardware</description>
					<height>60</height>
					<width>356</width>
					<textoffsetx>15</textoffsetx>
					<align>left</align>
					<aligny>center</aligny>
					<font>title2</font>
					<textcolor>grey2</textcolor>
					<focusedcolor>white</focusedcolor>
					<texture border="5">aevolve/AEVOLVE-List-Slider.png</texture>
					<texturenofocus>aevolve/separator6.png</texturenofocus>
					<label>13281</label>
                </control>
                <control type="button" id="99">
                    <description>Button PVR</description>
					<height>60</height>
					<width>356</width>
					<textoffsetx>15</textoffsetx>
					<align>left</align>
					<aligny>center</aligny>
					<font>title2</font>
					<textcolor>grey2</textcolor>
					<focusedcolor>white</focusedcolor>
					<texture border="5">aevolve/AEVOLVE-List-Slider.png</texture>
					<texturenofocus>aevolve/separator6.png</texturenofocus>
					<label>19191</label>
                </control>
            </control>

			<include>SystemRightPanel</include>
			<control type="image">
				<posx>522</posx>
				<posy>32</posy>
				<width>1316</width>
				<height>839</height>
				<aspectratio align="center">scale</aspectratio>
				<texture>black.png</texture>
				<animation effect="fade" start="45" end="45" time="0" condition="true">conditional</animation>
			</control>
			<control type="image">
				<description>separator image</description>
				<posx>522</posx>
				<posy>692</posy>
				<width>1316</width>
				<height>60</height>
				<texture>aevolve/separator6.png</texture>
			</control>

			<control type="group">
				<posx>552</posx>
				<posy>754</posy>
				<control type="label" id="52">
					<description>XBMC BUILD Version</description>
					<posx>-15</posx>
					<posy>-25</posy>
					<width>658</width>
					<height>115</height>
					<label>144</label>
					<align>left</align>
					<textcolor>labelheader</textcolor>
					<wrapmultiline>true</wrapmultiline>
					<font>font12</font>
				</control>

				<control type="group">
					<control type="label" description="CPU 0">
						<posx>760</posx>
						<posy>20</posy>
						<width>240</width>
						<height>24</height>
						<label>CPU1:</label>
						<align>right</align>
						<aligny>center</aligny>
						<textcolor>grey2</textcolor>
						<font>title2</font>
					</control>
					<control type="label" description="CPU 0">
						<posx>820</posx>
						<posy>20</posy>
						<width>240</width>
						<height>24</height>
						<label>$INFO[System.CoreUsage(0)]</label>
						<align>right</align>
						<aligny>center</aligny>
						<textcolor>grey2</textcolor>
						<font>font12</font>
					</control>
					<!--
					<control type="progress" description="CPU 0 BAR">
						<posx>795</posx>
						<posy>20</posy>
						<width>35</width>
						<height>24</height>
						<info>System.CPUUsage(0)</info>
						<texturebg border="2">OSD/texturebg2.png</texturebg>
					</control>
					-->

					<control type="label" description="CPU 1">
						<posx>910</posx>
						<posy>20</posy>
						<width>240</width>
						<height>24</height>
						<label>CPU2: </label>
						<align>right</align>
						<aligny>center</aligny>
						<textcolor>grey2</textcolor>
						<font>title2</font>
					</control>
					<control type="label" description="CPU 1">
						<posx>965</posx>
						<posy>20</posy>
						<width>240</width>
						<height>24</height>
						<label>$INFO[System.CoreUsage(1)]</label>
						<align>right</align>
						<aligny>center</aligny>
						<textcolor>grey2</textcolor>
						<font>font12</font>
					</control>
					<!--
					<control type="progress" description="CPU 1 BAR">
						<posx>940</posx>
						<posy>20</posy>
						<width>35</width>
						<height>24</height>
						<info>System.CPUUsage(1)</info>
						<texturebg border="2">OSD/texturebg2.png</texturebg>
					</control>
					-->
					
					<control type="label" description="CPU 2">
						<posx>1060</posx>
						<posy>20</posy>
						<width>240</width>
						<height>24</height>
						<label>CPU3: </label>
						<align>right</align>
						<aligny>center</aligny>
						<textcolor>grey2</textcolor>
						<font>title2</font>
					</control>
					<control type="label" description="CPU 2">
						<posx>1115</posx>
						<posy>20</posy>
						<width>240</width>
						<height>24</height>
						<label>$INFO[System.CoreUsage(2)]</label>
						<align>right</align>
						<aligny>center</aligny>
						<textcolor>grey2</textcolor>
						<font>font12</font>
					</control>
					<!--
					<control type="progress" description="CPU 2 BAR">
						<posx>1080</posx>
						<posy>20</posy>
						<width>35</width>
						<height>24</height>
						<info>System.CPUUsage(2)</info>
						<texturebg border="2">OSD/texturebg2.png</texturebg>
					</control>
					-->

					<control type="label" description="CPU 3">
						<posx>1195</posx>
						<posy>20</posy>
						<width>240</width>
						<height>24</height>
						<label>CPU4:</label>
						<align>right</align>
						<aligny>center</aligny>
						<textcolor>grey2</textcolor>
						<font>title2</font>
					</control>
					<control type="label" description="CPU 3">
						<posx>1255</posx>
						<posy>20</posy>
						<width>240</width>
						<height>24</height>
						<label>$INFO[System.CoreUsage(3)]</label>
						<align>right</align>
						<aligny>center</aligny>
						<textcolor>grey2</textcolor>
						<font>font12</font>
					</control>
					<!--
					<control type="progress" description="CPU 3 BAR">
						<posx>1224</posx>
						<posy>20</posy>
						<width>35</width>
						<height>24</height>
						<texturebg border="2">OSD/texturebg2.png</texturebg>
						<info>System.CoreUsage(3)</info>
					</control>
					-->
				</control>

				<control type="label">
					<description>Memory Text</description>
					<posx>870</posx>
					<posy>70</posy>
					<width>360</width>
					<height>24</height>
					<label>$LOCALIZE[31309]</label>
					<align>right</align>
					<aligny>center</aligny>
					<textcolor>grey2</textcolor>
					<font>title2</font>
				</control>
				<control type="progress">
					<description>Memory BAR</description>
					<posx>880</posx>
					<posy>70</posy>
					<width>380</width>
					<height>24</height>
					<texturebg border="2">OSD/texturebg2.png</texturebg>
					<info>System.Memory(used)</info>
				</control>
		        <control type="label">
		          <description>Memory Text</description>
		          <posx>1050</posx>
		          <posy>43</posy>
		          <width>200</width>
		          <font>font10</font>
		          <label>$INFO[system.memory(used.percent)]</label>
		        </control>
			</control>
			
			<control type="grouplist" id="9001">
				<posx>522</posx>
				<posy>32</posy>
				<width>1316</width>
				<height>720</height>
				<onleft>9000</onleft>
				<onright>9000</onright>
				<orientation>vertical</orientation>
				<pagecontrol>60</pagecontrol>
				<control type="button" id="2">
                    <description>Label 2</description>
                    <width>1316</width>
					<height>60</height>
					<label>-</label>
                    <font>font15</font>
					<shadowcolor>shadow</shadowcolor>
					<texturenofocus>aevolve/separator6.png</texturenofocus>
				</control>
                <control type="button" id="3">
                    <description>Label 3</description>
					<width>1316</width>
					<height>60</height>
					<label>-</label>
					<font>font15</font>
					<shadowcolor>shadow</shadowcolor>
					<texturenofocus>aevolve/separator6.png</texturenofocus>
				</control>
                <control type="button" id="4">
                    <description>Label 4</description>
					<width>1316</width>
					<height>60</height>
					<label>-</label>
					<font>font15</font>
					<shadowcolor>shadow</shadowcolor>
					<texturenofocus>aevolve/separator6.png</texturenofocus>
				</control>
                <control type="button" id="5">
                    <description>Label 5</description>
					<width>1316</width>
					<height>60</height>
					<label>-</label>
					<font>font15</font>
					<shadowcolor>shadow</shadowcolor>
					<texturenofocus>aevolve/separator6.png</texturenofocus>
				</control>
                <control type="button" id="6">
                    <description>Label 6</description>
					<width>1316</width>
					<height>60</height>
					<label>-</label>
					<font>font15</font>
					<shadowcolor>shadow</shadowcolor>
					<texturenofocus>aevolve/separator6.png</texturenofocus>
				</control>
                <control type="button" id="7">
                    <description>Label 7</description>
					<width>1316</width>
					<height>60</height>
					<label>-</label>
					<font>font15</font>
					<shadowcolor>shadow</shadowcolor>
					<texturenofocus>aevolve/separator6.png</texturenofocus>
				</control>
                <control type="button" id="8">
                    <description>Label 8</description>
					<width>1316</width>
					<height>60</height>
					<label>-</label>
					<font>font15</font>
					<shadowcolor>shadow</shadowcolor>
					<texturenofocus>aevolve/separator6.png</texturenofocus>
				</control>
                <control type="button" id="9">
                    <description>Label 9</description>
					<width>1316</width>
					<height>60</height>
					<label>-</label>
					<font>font15</font>
					<shadowcolor>shadow</shadowcolor>
					<texturenofocus>aevolve/separator6.png</texturenofocus>
				</control>
                <control type="button" id="10">
                    <description>Label 10</description>
					<width>1316</width>
					<height>60</height>
					<label>-</label>
					<font>font15</font>
					<shadowcolor>shadow</shadowcolor>
					<texturenofocus>aevolve/separator6.png</texturenofocus>
				</control>
                <control type="button" id="11">
                    <description>Label 11</description>
					<width>1316</width>
					<height>60</height>
					<label>-</label>
					<font>font15</font>
					<shadowcolor>shadow</shadowcolor>
					<texturenofocus>aevolve/separator6.png</texturenofocus>
				</control>
            </control>
		</control>
    </controls>
</window>