<?xml version="1.0" encoding="UTF-8" ?>
<window>
    <defaultcontrol always="true">3</defaultcontrol>

    <include>OpenClose</include>
    <controls>
        <include>AEVOLVECommonBackground</include>
        <control type="label" description="Heading">
            <include>Heading</include>
            <top>70</top>
            <label>$LOCALIZE[10004] - $INFO[Control.GetLabel(2)]</label>
        </control>
        <control type="label" id="2" description="Category label">
            <posx>650</posx>
            <posy>117</posy>
            <width>620</width>
            <height>72</height>
            <align>center</align>
            <font>-</font>
        </control>
        <control type="group" description="Left Panel">
            <posx>0</posx>
            <posy>128</posy>
            <include>SystemLeftPanel</include>
            <control type="grouplist" id="3" description="Left - Button Area">
                <posx>79</posx>
                <posy>31</posy>
                <width>420</width>
                <height>900</height>
                <itemgap>-4</itemgap>
                <onleft>5</onleft>
                <onright>5</onright>
                <onup>20</onup>
                <ondown>20</ondown>
                <orientation>vertical</orientation>
            </control>
            <control type="button" id="10" description="Left Panel Category Button">
                <width>361</width>
                <texturefocus border="4">aevolve/AEVOLVE-List-Slider.png</texturefocus>
                <texturenofocus>aevolve/separator6.png</texturenofocus>
                <textoffsetx>20</textoffsetx>
                <align>left</align>
                <aligny>center</aligny>
                <font>size23</font>
            </control>
        </control>


        <control type="group">
            <control type="button" id="20" description="Settings level">
                <posx>79</posx>
                <posy>926</posy>
                <width>361</width>
                <onright>noop</onright>
                <onleft>noop</onleft>
                <onup>3</onup>
                <ondown>3</ondown>
                <texturefocus border="4">aevolve/AEVOLVE-List-Slider.png</texturefocus>
                <textoffsetx>20</textoffsetx>
                <align>right</align>
                <aligny>center</aligny>
                <font>size23</font>
                <onclick>SettingsLevelChange</onclick>
            </control>
            <control type="label" description="Settings level label">
                <posx>85</posx>
                <posy>932</posy>
                <width>360</width>
                <height>60</height>
                <textoffsetx>10</textoffsetx>
                <textcolor>White2</textcolor>
                <font>title2</font>
                <label>$LOCALIZE[31299]</label>
            </control>
        </control>
        <control type="group" description="Right Panel">
            <posx>0</posx>
            <posy>128</posy>
            <include>SystemRightPanel</include>
            <control type="grouplist" id="5" description="Right - Control Area">
                <posx>521</posx>
                <posy>31</posy>
                <width>1316</width>
                <height>680</height>
                <itemgap>0</itemgap>
                <onleft>3</onleft>
                <onright>60</onright>
                <onup>5</onup>
                <ondown>5</ondown>
                <pagecontrol>60</pagecontrol>
                <orientation>vertical</orientation>
            </control>
        </control>
        <control type="button" id="7" description="Button">
            <width>1260</width>
            <texturenofocus>aevolve/separator6.png</texturenofocus>
            <texturefocus border="4">aevolve/AEVOLVE-List-Slider.png</texturefocus>
            <font>size23</font>
            <align>left</align>
        </control>
        <control type="radiobutton" id="8" description="Radio Button">
            <width>1260</width>
            <texturenofocus>aevolve/separator6.png</texturenofocus>
            <texturefocus border="4">aevolve/AEVOLVE-List-Slider.png</texturefocus>
            <radioposx>1197</radioposx>
            <font>size23</font>
            <align>left</align>
        </control>
        <control type="spincontrolex" id="9" description="Spin control">
            <width>1260</width>
            <texturenofocus>aevolve/separator6.png</texturenofocus>
            <texturefocus border="4">aevolve/AEVOLVE-List-Slider.png</texturefocus>
            <align>left</align>
            <font>size23</font>
        </control>
        <control type="textbox" id="6" description="Settings description">
            <posx>560</posx>
            <posy>950</posy>
            <width>1230</width>
            <height>78</height>
            <align>justify</align>
            <textcolor>White2</textcolor>
            <font>size18</font>
            <autoscroll time="3000" delay="4000" repeat="5000">true</autoscroll>
        </control>
        <control type="scrollbar" id="60" description="Scroller">
            <posx>77r</posx>
            <posy>159</posy>
            <height>840</height>
            <onleft>5</onleft>
            <onright>3</onright>
        </control>
    </controls>
</window>
