<?xml version="1.0" encoding="UTF-8" ?>
<window>
    <defaultcontrol always="true">50</defaultcontrol>
    <controls>
        <include>MiniBackground</include>
        <include>MediaHeader</include>
        <include>AEVOLVE-Menu-List2</include>
        <control type="group">
            <posx>1020</posx>
            <posy>300</posy>
            <control type="group" description="Slider">
                <animation condition="Control.HasFocus(60)" effect="slide" start="0,0" end="960,519" time="300" reversible="true">Conditional</animation>
                <animation condition="Control.HasFocus(60)" effect="zoom" start="100" end="0" time="300" reversible="true">Conditional</animation>
                <include>Slider4</include>
                <animation type="Conditional" condition="Control.HasFocus(9001) | ControlGroup(9000).HasFocus()">
                    <effect type="fade" start="100" end="40" time="0" reversible="true" />
                </animation>
                <animation condition="Container(50).Position(0)" effect="slide" start="0,0" end="0,-405" time="140" easing="inout" reversible="true">Conditional</animation>
                <animation condition="Container(50).Position(1)" effect="slide" start="0,0" end="0,-324" time="140" easing="inout" reversible="true">Conditional</animation>
                <animation condition="Container(50).Position(2)" effect="slide" start="0,0" end="0,-243" time="140" easing="inout" reversible="true">Conditional</animation>
                <animation condition="Container(50).Position(3)" effect="slide" start="0,0" end="0,-162" time="140" easing="inout" reversible="true">Conditional</animation>
                <animation condition="Container(50).Position(4)" effect="slide" start="0,0" end="0,-81" time="140" easing="inout" reversible="true">Conditional</animation>
                <animation condition="Container(50).Position(5)" effect="slide" start="0,0" end="0,0" time="140" easing="inout" reversible="true">Conditional</animation>
                <animation condition="Container(50).Position(6)" effect="slide" start="0,0" end="0,81" time="140" easing="inout" reversible="true">Conditional</animation>
                <animation condition="Container(50).Position(7)" effect="slide" start="0,0" end="0,162" time="140" easing="inout" reversible="true">Conditional</animation>
                <animation condition="Container(50).Position(8)" effect="slide" start="0,0" end="0,243" time="140" easing="inout" reversible="true">Conditional</animation>
                <animation condition="Container(50).Position(9)" effect="slide" start="0,0" end="0,324" time="140" easing="inout" reversible="true">Conditional</animation>
                <animation condition="Container(50).Position(10)" effect="slide" start="0,0" end="0,405" time="140" easing="inout" reversible="true">Conditional</animation>
            </control>
            <control type="fixedlist" id="50">
                <posx>0</posx>
                <posy>0</posy>
                <width>802</width>
                <height>710</height>
                <onleft>noop</onleft>
                <onright>60</onright>
                <onup>50</onup>
                <ondown>50</ondown>
                <pagecontrol>60</pagecontrol>
                <focusposition>5</focusposition>
                <movement>5</movement>
                <scrolltime tween="sine" easing="inout">280</scrolltime>
                <itemlayout width="802" height="81">
                    <control type="label" description="Main Label">
                        <posx>30</posx>
                        <posy>0</posy>
                        <height>81</height>
                        <width max="675">auto</width>
                        <aligny>center</aligny>
                        <font>size20</font>
                        <scroll>false</scroll>
                        <textcolor>White</textcolor>
                        <label>$INFO[ListItem.Label]</label>
                    </control>
                    <control type="label" description="Label 2">
                        <posx>778</posx>
                        <posy>0</posy>
                        <height>81</height>
                        <width>450</width>
                        <font>size18</font>
                        <haspath>true</haspath>
                        <align>right</align>
                        <scroll>false</scroll>
                        <textcolor>Grey2</textcolor>
                        <label>$INFO[ListItem.Label2]</label>
                    </control>
                    <control type="image" description="Icon">
                        <animation condition="true" effect="fade" start="100" end="60" time="0">Conditional</animation>
                        <posx>746</posx>
                        <posy>0</posy>
                        <height>81</height>
                        <width>42</width>
                        <aspectratio>keep</aspectratio>
                        <texture>$INFO[ListItem.Icon]</texture>
                    </control>
                </itemlayout>
                <focusedlayout width="892" height="81">
                    <control type="label" description="Main Label">
                        <posx>30</posx>
                        <posy>0</posy>
                        <height>81</height>
                        <width max="675">auto</width>
                        <aligny>center</aligny>
                        <font>size24</font>
                        <textcolor>White2</textcolor>
                        <label>$INFO[ListItem.Label]</label>
                    </control>
                    <control type="label" description="Label 2">
                        <posx>778</posx>
                        <posy>0</posy>
                        <height>81</height>
                        <width>450</width>
                        <font>size18</font>
                        <scroll>true</scroll>
                        <haspath>true</haspath>
                        <align>right</align>
                        <textcolor>Grey2</textcolor>
                        <label>$INFO[ListItem.Label2]</label>
                    </control>
                    <control type="image" description="Icon">
                        <animation effect="fade" start="60" end="100" time="100" delay="200">Focus</animation>
                        <posx>746</posx>
                        <posy>0</posy>
                        <height>81</height>
                        <width>42</width>
                        <aspectratio>keep</aspectratio>
                        <texture>$INFO[ListItem.Icon]</texture>
                    </control>
                </focusedlayout>
                <content>
                    <item id="1" description="AutoScroll">
                        <visible>Skin.HasSetting(AutoScroll)</visible>
                        <label>$LOCALIZE[20189]</label>
                        <label2>$LOCALIZE[107]</label2>
                        <onclick>Skin.ToggleSetting(AutoScroll)</onclick>
                    </item>
                    <item id="1" description="AutoScroll">
                        <visible>!Skin.HasSetting(AutoScroll)</visible>
                        <label>$LOCALIZE[20189]</label>
                        <label2>$LOCALIZE[106]</label2>
                        <onclick>Skin.ToggleSetting(AutoScroll)</onclick>
                    </item>
                    <item id="2" description="Lyrics">
                        <label>$LOCALIZE[24020] $LOCALIZE[31132]</label>
                        <label2>$INFO[Skin.String(LyricPath)]</label2>
                        <onclick>Skin.SetAddon(LyricPath,xbmc.python.lyrics)</onclick>
                    </item>
                    <item id="3" description="Subtitles">
                        <label>$LOCALIZE[24020] $LOCALIZE[31133]</label>
                        <label2>$INFO[Skin.String(SubtitleScript_Path)]</label2>
                        <onclick>Skin.SetAddon(SubtitleScript_Path,xbmc.python.subtitles)</onclick>
                    </item>
                    <item id="4" description="Scrollbars">
                        <visible>Skin.HasSetting(Scrollbars_Active)</visible>
                        <label>$LOCALIZE[31999]</label>
                        <label2>$LOCALIZE[31998]</label2>
                        <onclick>Skin.ToggleSetting(Scrollbars_Active)</onclick>
                    </item>
                    <item id="4" description="Scrollbars">
                        <visible>!Skin.HasSetting(Scrollbars_Active)</visible>
                        <label>$LOCALIZE[31999]</label>
                        <label2>$LOCALIZE[31997]</label2>
                        <onclick>Skin.ToggleSetting(Scrollbars_Active)</onclick>
                    </item>
                    <item id="5" description="Options dialog">
                        <visible>Skin.HasSetting(ViewOptions_Hide)</visible>
                        <label>$LOCALIZE[31996]</label>
                        <label2>$LOCALIZE[1223]</label2>
                        <onclick>Skin.ToggleSetting(ViewOptions_Hide)</onclick>
                    </item>
                    <item id="5" description="Options dialog">
                        <visible>!Skin.HasSetting(ViewOptions_Hide)</visible>
                        <label>$LOCALIZE[31996]</label>
                        <label2>$LOCALIZE[305]</label2>
                        <onclick>Skin.ToggleSetting(ViewOptions_Hide)</onclick>
                    </item>
                    <!--<item id="6" description="Poster view modes">
            <visible>Skin.HasSetting(PostersHide)</visible>
      <label>$LOCALIZE[20343]</label>
            <label2>$LOCALIZE[31992]</label2>
            <onclick>Skin.ToggleSetting(PostersHide)</onclick>
          </item>
      <item id="6" description="Poster view modes">
            <visible>!Skin.HasSetting(PostersHide)</visible>
      <label>$LOCALIZE[20343]</label>
            <label2>$LOCALIZE[31991]</label2>
            <onclick>Skin.ToggleSetting(PostersHide)</onclick>
          </item>-->
                    <item id="7" description="Additional view modes">
                        <!-- <visible>Skin.HasSetting(AddViews)</visible> -->
                        <label>31993</label>
                        <label2>305</label2>
                        <onclick>Skin.ToggleSetting(AddViews)</onclick>
                    </item>
                    <item id="7" description="Additional view modes">
                        <visible>!Skin.HasSetting(AddViews)</visible>
                        <label>31993</label>
                        <label2>1223</label2>
                        <onclick>Skin.ToggleSetting(AddViews)</onclick>
                    </item>
                    <item id="8" description="Home screen categories">
                        <label>31990</label>
                        <onclick>ActivateWindow(1116)</onclick>
                    </item>
                    <item id="9" description="Home Menu">
                        <label>31989</label>
                        <onclick>ActivateWindow(1117)</onclick>
                    </item>
                    <item id="10" description="Quit button function">
                        <label>$LOCALIZE[31982]</label>
                        <label2 fallback="33061">$VAR[QuitLabel2]</label2>
                        <onclick>ActivateWindow(1114)</onclick>
                    </item>
                    <item id="11" description="Show Clock">
                        <visible>Skin.HasSetting(ShowClock)</visible>
                        <label>$LOCALIZE[31980]</label>
                        <label2>107</label2>
                        <onclick>Skin.ToggleSetting(ShowClock)</onclick>
                    </item>
                    <item id="11" description="Show Clock">
                        <visible>!Skin.HasSetting(ShowClock)</visible>
                        <label>$LOCALIZE[31980]</label>
                        <label2>106</label2>
                        <onclick>Skin.ToggleSetting(ShowClock)</onclick>
                    </item>
                    <item id="13" description="EpisodeThumbs">
                        <visible>Skin.HasSetting(UseEpisodeThumbs)</visible>
                        <label>$LOCALIZE[31975]</label>
                        <label2>107</label2>
                        <onclick>Skin.ToggleSetting(UseEpisodeThumbs)</onclick>
                    </item>
                    <item id="13" description="EpisodeThumbs">
                        <visible>!Skin.HasSetting(UseEpisodeThumbs)</visible>
                        <label>$LOCALIZE[31975]</label>
                        <label2>106</label2>
                        <onclick>Skin.ToggleSetting(UseEpisodeThumbs)</onclick>
                    </item>
                    <item id="14" description="Use Widgets script">
                        <visible>System.HasAddon(service.skin.widgets) + Skin.HasSetting(UseWidgets)</visible>
                        <label>$LOCALIZE[31974]</label>
                        <label2>107</label2>
                        <onclick>Skin.ToggleSetting(UseWidgets)</onclick>
                    </item>
                    <item id="14" description="Use Widgets script">
                        <visible>System.HasAddon(service.skin.widgets) + !Skin.HasSetting(UseWidgets)</visible>
                        <label>$LOCALIZE[31974]</label>
                        <label2>106</label2>
                        <onclick>Skin.ToggleSetting(UseWidgets)</onclick>
                    </item>
                    <item id="14" description="Use Widgets script">
                        <visible>!System.HasAddon(service.skin.widgets)</visible>
                        <label>[COLOR=Grey]$LOCALIZE[31974][/COLOR]</label>
                        <onclick>noop</onclick>
                    </item>
                    <item id="12" description="Reset Skin">
                        <label>$LOCALIZE[31038]</label>
                        <onclick>Skin.ResetSettings</onclick>
                        <onclick>XBMC.ReloadSkin()</onclick>
                        <icon>DefaultIconWarning.png</icon>
                    </item>
                </content>
            </control>
        </control>
        <control type="group" description="Left panel">
            <posy>0</posy>

            <control type="image" description="PVR">
                <visible>Container(50).HasFocus(0) + !Skin.HasSetting(PVR_Enabled)</visible>
                <animation effect="fade" time="200">VisibleChange</animation>
                <posx>120</posx>
                <posy>168</posy>
                <width>660</width>
                <height>750</height>
                <aspectratio>keep</aspectratio>
                <texture>help/PVROFF.jpg</texture>
            </control>
            <control type="image" description="HomeMenu">
                <visible>Container(50).HasFocus(0) + Skin.HasSetting(PVR_Enabled)</visible>
                <animation effect="fade" time="200">VisibleChange</animation>
                <posx>120</posx>
                <posy>168</posy>
                <width>660</width>
                <height>750</height>
                <aspectratio>keep</aspectratio>
                <texture>help/PVRON.jpg</texture>
            </control>
            <control type="textbox" description="Plot51">
                <visible>Container(50).HasFocus(1)</visible>
                <animation effect="fade" time="200">VisibleChange</animation>
                <posx>120</posx>
                <posy>360</posy>
                <width>660</width>
                <height>378</height>
                <font>size20</font>
                <textcolor>Silver</textcolor>
                <align>justify</align>
                <aligny>bottom</aligny>
                <autoscroll delay="0" time="3000" repeat="10000">Skin.HasSetting(AutoScroll)</autoscroll>
                <label>Lorem ipsum dolor sit amet, consectetur adipisicing elit, sed do eiusmod tempor incididunt ut labore et dolore magna aliqua. Ut enim ad minim veniam, quis nostrud exercitation ullamco laboris nisi ut aliquip ex ea commodo consequat. Duis aute irure dolor in reprehenderit in voluptate velit esse cillum dolore eu fugiat nulla pariatur. Excepteur sint occaecat cupidatat non proident, sunt in culpa qui officia deserunt mollit anim id est laborum.</label>
            </control>
            <control type="image" description="Logo">
                <visible>Container(50).HasFocus(2) | Container(50).HasFocus(3)</visible>
                <animation effect="fade" time="200">VisibleChange</animation>
                <posx>120</posx>
                <posy>348</posy>
                <width>660</width>
                <height>384</height>
                <aspectratio align="center" aligny="bottom">keep</aspectratio>
                <texture>DefaultAddon.png</texture>
            </control>
            <control type="image" description="HomeMenu">
                <visible>Container(50).HasFocus(4) + !Skin.HasSetting(Scrollbars_Active)</visible>
                <animation effect="fade" time="200">VisibleChange</animation>
                <posx>120</posx>
                <posy>168</posy>
                <width>660</width>
                <height>750</height>
                <aspectratio>keep</aspectratio>
                <texture>help/ScrollOFF.jpg</texture>
            </control>
            <control type="image" description="HomeMenu">
                <visible>Container(50).HasFocus(4) + Skin.HasSetting(Scrollbars_Active)</visible>
                <animation effect="fade" time="200">VisibleChange</animation>
                <posx>120</posx>
                <posy>168</posy>
                <width>660</width>
                <height>750</height>
                <aspectratio>keep</aspectratio>
                <texture>help/ScrollON.jpg</texture>
            </control>
            <control type="image" description="Menu">
                <visible>Container(50).HasFocus(5)</visible>
                <animation effect="fade" time="200">VisibleChange</animation>
                <posx>120</posx>
                <posy>348</posy>
                <width>660</width>
                <height>384</height>
                <aspectratio align="center" aligny="bottom">keep</aspectratio>
                <texture>help/OptionsMenu.png</texture>
            </control>
            <control type="image" description="Menu">
                <visible>Container(50).HasFocus(5) + Skin.HasSetting(ViewOptions_Hide)</visible>
                <animation effect="fade" time="200">VisibleChange</animation>
                <posx>120</posx>
                <posy>348</posy>
                <width>660</width>
                <height>384</height>
                <aspectratio align="center" aligny="bottom">keep</aspectratio>
                <texture>help/OptionsMenuOFF.png</texture>
            </control>
            <!--<control type="image" description="Menu">
        <visible>Container(50).HasFocus(6) + !Skin.HasSetting(PostersHide)</visible>
        <animation effect="fade" time="200">VisibleChange</animation>
        <posx>120</posx>
        <posy>273</posy>
        <width>660</width>
        <height>534</height>
        <aspectratio align="center" aligny="bottom">keep</aspectratio>
        <texture>help/Poster.jpg</texture>
      </control>
      <control type="image" description="Menu">
        <visible>Container(50).HasFocus(6) + Skin.HasSetting(PostersHide)</visible>
        <animation effect="fade" time="200">VisibleChange</animation>
        <posx>120</posx>
        <posy>348</posy>
        <width>660</width>
        <height>384</height>
        <aspectratio>keep</aspectratio>
        <texture>help/Banner.jpg</texture>
      </control>-->
            <control type="image" description="Views">
                <visible>Container(50).HasFocus(7)</visible>
                <animation effect="fade" time="200">VisibleChange</animation>
                <posx>120</posx>
                <posy>198</posy>
                <width>660</width>
                <height>684</height>
                <aspectratio align="center" aligny="bottom">keep</aspectratio>
                <texture>help/Grid.png</texture>
            </control>
            <control type="image" description="Views">
                <visible>Container(50).HasFocus(7) + !Skin.HasSetting(AddViews)</visible>
                <animation effect="fade" time="200">VisibleChange</animation>
                <posx>60</posx>
                <posy>198</posy>
                <width>780</width>
                <height>684</height>
                <aspectratio>keep</aspectratio>
                <texture>help/OptionsMenuOFF.png</texture>
            </control>
            <control type="image" description="HomeMenu">
                <visible>Container(50).HasFocus(8)</visible>
                <animation effect="fade" time="200">VisibleChange</animation>
                <posx>120</posx>
                <posy>198</posy>
                <width>660</width>
                <height>684</height>
                <aspectratio>keep</aspectratio>
                <texture>help/HomeMenu.png</texture>
            </control>
            <control type="image" description="HomeMenu">
                <visible>Container(50).HasFocus(9)</visible>
                <animation effect="fade" time="200">VisibleChange</animation>
                <posx>120</posx>
                <posy>198</posy>
                <width>660</width>
                <height>684</height>
                <aspectratio>keep</aspectratio>
                <texture>help/Shelf.png</texture>
            </control>
            <control type="image" description="HomeMenu">
                <visible>Container(50).HasFocus(10)</visible>
                <animation effect="fade" time="200">VisibleChange</animation>
                <posx>120</posx>
                <posy>198</posy>
                <width>660</width>
                <height>684</height>
                <aspectratio>keep</aspectratio>
                <texture>help/Quit.png</texture>
            </control>
            <control type="image" description="HomeMenu">
                <visible>Container(50).HasFocus(11)</visible>
                <animation effect="fade" time="200">VisibleChange</animation>
                <posx>120</posx>
                <posy>198</posy>
                <width>660</width>
                <height>684</height>
                <aspectratio>keep</aspectratio>
                <texture>help/Clock.png</texture>
            </control>
            <control type="image" description="HomeMenu">
                <visible>Container(50).HasFocus(12)</visible>
                <animation effect="fade" time="200">VisibleChange</animation>
                <posx>120</posx>
                <posy>378</posy>
                <width>660</width>
                <height>234</height>
                <aspectratio>keep</aspectratio>
                <texture>help/Warning.png</texture>
            </control>
        </control>
    </controls>
</window>
