<?xml version="1.0" encoding="UTF-8" ?>
<window>
    <defaultcontrol always="true">9001</defaultcontrol>

    <include>DialogOpenClose</include>
    <controls>
        <control type="image">
            <posx>195</posx>
            <posy>90</posy>
            <width>1530</width>
            <height>870</height>
            <texture border="136,127,128,139">img/Dialog.png</texture>
        </control>
        <control type="group">
            <posx>360</posx>
            <posy>330</posy>
            <control type="label">
                <description>header label</description>
                <posx>30</posx>
                <posy>-60</posy>
                <width>1140</width>
                <font>size26B</font>
                <align>center</align>
                <label>21421</label>
            </control>
            <control type="label" description="Rule match label">
                <posx>60</posx>
                <posy>66</posy>
                <width>1080</width>
                <align>center</align>
                <textcolor>Grey</textcolor>
                <label>21422</label>
            </control>
            <control type="group" id="9001">
                <control type="spincontrolex" id="15">
                    <description>Rule Field</description>
                    <posx>15</posx>
                    <posy>150</posy>
                    <width>600</width>
                    <font>-</font>
                    <onright>16</onright>
                    <onleft>16</onleft>
                    <onup>9000</onup>
                    <ondown>17</ondown>
                    <texturenofocus border="8">img/ButtonNF.png</texturenofocus>
                </control>
                <control type="label">
                    <description>Rule Field label</description>
                    <posx>30</posx>
                    <posy>150</posy>
                    <width>450</width>
                    <label>$INFO[Control.GetLabel(15)]</label>
                </control>
                <control type="spincontrolex" id="16">
                    <description>Rule operator</description>
                    <posx>622</posx>
                    <posy>150</posy>
                    <width>570</width>
                    <font>-</font>
                    <onright>15</onright>
                    <onleft>15</onleft>
                    <onup>9000</onup>
                    <ondown>17</ondown>
                    <texturenofocus border="8">img/ButtonNF.png</texturenofocus>
                </control>
                <control type="label">
                    <description>Rule Field label</description>
                    <posx>638</posx>
                    <posy>150</posy>
                    <width>450</width>
                    <label>$INFO[Control.GetLabel(16)]</label>
                </control>
            </control>
            <control type="button" id="17">
                <description>Value Button</description>
                <posx>15</posx>
                <posy>234</posy>
                <width>918</width>
                <label>-</label>
                <onup>9001</onup>
                <onleft>20</onleft>
                <onright>20</onright>
                <ondown>9000</ondown>
                <texturenofocus border="8">img/ButtonNF.png</texturenofocus>
                <texturefocus flipy="true" border="8">img/ButtonFO.png</texturefocus>
            </control>
            <control type="button" id="20">
                <description>Browse Button</description>
                <posx>938</posx>
                <posy>234</posy>
                <width>255</width>
                <label>1024</label>
                <onup>9001</onup>
                <onleft>17</onleft>
                <onright>17</onright>
                <ondown>9000</ondown>
                <texturenofocus border="8">img/ButtonNF.png</texturenofocus>
            </control>
            <control type="group" id="9000">
                <control type="button" id="18">
                    <description>Ok Button</description>
                    <posx>278</posx>
                    <posy>366</posy>
                    <width>300</width>
                    <label>186</label>
                    <onup>17</onup>
                    <onleft>19</onleft>
                    <onright>19</onright>
                    <ondown>9001</ondown>
                    <texturenofocus border="8">img/ButtonNF.png</texturenofocus>
                </control>
                <control type="button" id="19">
                    <description>Cancel Button</description>
                    <posx>622</posx>
                    <posy>366</posy>
                    <width>300</width>
                    <label>222</label>
                    <onup>17</onup>
                    <onleft>18</onleft>
                    <onright>19</onright>
                    <ondown>9001</ondown>
                    <texturenofocus border="8">img/ButtonNF.png</texturenofocus>
                </control>
            </control>
        </control>
    </controls>
</window>
