<?xml version="1.0" encoding="UTF-8" ?>
<window id="10124">
    <defaultcontrol always="true">5</defaultcontrol>

    <include>OpenClose</include>
    <controls>
        <control type="group">
            <posx>1020</posx>
            <posy>0</posy>
            <animation effect="fade" start="100" end="0" time="400" condition="Window.IsVisible(SliderDialog) | Window.IsVisible(FileBrowser)">Conditional</animation>
            <control type="image" description="background image">
                <posx>-75</posx>
                <posy>0</posy>
                <width>1050</width>
                <height>1080</height>
                <texture border="28,0,0,0">OSD/VideoOSDSettingsBG.png</texture>
                <aspectratio>stretch</aspectratio>
            </control>
            <control type="label" id="2" description="Settings">
                <posx>45</posx>
                <posy>0</posy>
                <width>780</width>
                <font>size24B</font>
                <align>center</align>
            </control>
            <control type="grouplist" id="5" description="Control Area">
                <posx>15</posx>
                <posy>90</posy>
                <width>840</width>
                <height>1002</height>
                <itemgap>0</itemgap>
                <orientation>vertical</orientation>
                <pagecontrol>60</pagecontrol>
                <onup>5</onup>
                <ondown>5</ondown>
            </control>
            <control type="button" id="7">
                <description>Default Button</description>
                <texturenofocus>-</texturenofocus>
                <font>size22</font>
                <align>left</align>
                <height>66</height>
            </control>
            <control type="radiobutton" id="8">
                <description>Default RadioButton</description>
                <texturenofocus>-</texturenofocus>
                <align>left</align>
                <font>size22</font>
                <height>66</height>
            </control>
            <control type="spincontrolex" id="9">
                <description>Default spincontrolex</description>
                <texturenofocus>-</texturenofocus>
                <align>left</align>
                <font>size22</font>
                <height>66</height>
                <reverse>yes</reverse>
            </control>
            <control type="sliderex" id="10">
                <description>Default Slider</description>
                <texturenofocus>-</texturenofocus>
                <align>left</align>
                <font>size22</font>
                <height>66</height>
            </control>
        </control>
    </controls>
</window>
