<?xml version="1.0" encoding="UTF-8" ?>
<window>
    <defaultcontrol>-</defaultcontrol>
    <animation effect="fade" time="500">WindowOpen</animation>
    <animation effect="fade" time="300">WindowClose</animation>
    <onunload>Dialog.close(all,true)</onunload>
    <controls>
        <control type="group" id="0">
            <visible>!Window.IsActive(DialogFullscreenInfo.xml)</visible>
            <posx>0</posx>
            <posy>75</posy>
            <animation effect="fade" time="200">VisibleChange</animation>
            <control type="image" description="Info Background">
                <posx>0</posx>
                <posy>-9</posy>
                <width>1920</width>
                <height>216</height>
                <texture>img/BlackDotST.png</texture>
            </control>
            <control type="image" description="Info Background">
                <visible>VideoPlayer.Content(LiveTV)</visible>
                <posx>0</posx>
                <posy>225</posy>
                <width>1920</width>
                <height>177</height>
                <texture>img/BlackDotST.png</texture>
            </control>
            <control type="label" id="10" description="row 1 sys label">
                <posx>60</posx>
                <posy>-8</posy>
                <width>1890</width>
                <height>70</height>
                <align>left</align>
                <aligny>center</aligny>
                <font>size17</font>
                <label>-</label>
            </control>
            <control type="label" id="11" description="row 2 sys label">
                <posx>60</posx>
                <posy>63</posy>
                <width>1890</width>
                <height>70</height>
                <align>left</align>
                <aligny>center</aligny>
                <font>size17</font>
                <label>-</label>
            </control>
            <control type="label" id="12" description="row 3 sys label">
                <posx>60</posx>
                <posy>129</posy>
                <width>1890</width>
                <height>70</height>
                <align>left</align>
                <aligny>center</aligny>
                <font>size17</font>
                <label>-</label>
            </control>
            <control type="group">
                <posy>165</posy>
                <visible>VideoPlayer.Content(LiveTV)</visible>
                <control type="label" description="Backend">
                    <posx>60</posx>
                    <posy>60</posy>
                    <width>1890</width>
                    <height>36</height>
                    <label>$LOCALIZE[19012]: $INFO[PVR.ActStreamClient]</label>
                    <align>left</align>
                    <aligny>center</aligny>
                    <font>size17</font>
                </control>
                <control type="label" description="Encryption">
                    <posx>1860</posx>
                    <posy>60</posy>
                    <width>450</width>
                    <height>36</height>
                    <label>$LOCALIZE[19015]: $INFO[PVR.ActStreamEncryptionName]</label>
                    <align>right</align>
                    <aligny>center</aligny>
                    <font>size17</font>
                </control>
                <control type="label" description="Device">
                    <posx>60</posx>
                    <posy>98</posy>
                    <width>1890</width>
                    <height>36</height>
                    <label>$LOCALIZE[19006]: $INFO[PVR.ActStreamDevice]</label>
                    <align>left</align>
                    <aligny>center</aligny>
                    <font>size17</font>
                </control>
                <control type="label" description="Device">
                    <posx>60</posx>
                    <posy>135</posy>
                    <width>945</width>
                    <height>36</height>
                    <label>$LOCALIZE[19007]: $INFO[PVR.ActStreamStatus]</label>
                    <align>left</align>
                    <aligny>center</aligny>
                    <font>size17</font>
                </control>
                <control type="label" description="Signal">
                    <posx>60</posx>
                    <posy>172</posy>
                    <width>472</width>
                    <height>36</height>
                    <label>$LOCALIZE[19008]: $INFO[PVR.ActStreamSignal]</label>
                    <align>left</align>
                    <aligny>center</aligny>
                    <font>size17</font>
                </control>
                <control type="label" description="SNR">
                    <posx>532</posx>
                    <posy>172</posy>
                    <width>472</width>
                    <height>36</height>
                    <label>$LOCALIZE[19009]: $INFO[PVR.ActStreamSNR]</label>
                    <align>left</align>
                    <aligny>center</aligny>
                    <font>size17</font>
                </control>
                <control type="label" description="BER">
                    <posx>1110</posx>
                    <posy>172</posy>
                    <width>330</width>
                    <height>36</height>
                    <label>$LOCALIZE[19010]: $INFO[PVR.ActStreamBER]</label>
                    <align>right</align>
                    <aligny>center</aligny>
                    <font>size17</font>
                </control>
                <control type="label" description="UNC">
                    <posx>1440</posx>
                    <posy>172</posy>
                    <width>330</width>
                    <height>36</height>
                    <label>$LOCALIZE[19011]: $INFO[PVR.ActStreamUNC]</label>
                    <align>right</align>
                    <aligny>center</aligny>
                    <font>size17</font>
                </control>
            </control>
        </control>
    </controls>
</window>
